:020000040800F2
:1000000098A2002499030008519C0008D998000880
:10001000499C0008F106000841B5000800000000F6
:1000200000000000000000000000000031A10008F6
:10003000810C000800000000D19C000859A10008B4
:10004000B3030008B3030008B3030008B3030008B8
:10005000B3030008B3030008B3030008B3030008A8
:10006000B3030008B3030008B3030008B303000898
:10007000B3030008B3030008F906000809070008E5
:10008000B3030008B3030008B3030008B303000878
:10009000B3030008B3030008B3030008B303000868
:1000A000B3030008B3030008B3030008B303000858
:1000B000B9A30008B3030008B3030008B3030008A2
:1000C000B3030008B3030008B3030008B303000838
:1000D000B3030008B3030008B3030008B303000828
:1000E000B3030008B303000800000000B3030008D6
:1000F000B3030008B3030008B3030008B303000808
:10010000B3030008B3030008B3030008B3030008F7
:10011000B3030008B3030008C9A30008B303000831
:10012000B3030008B3030008B3030008B3030008D7
:10013000B3030008B3030008B3030008B3030008C7
:1001400000000000000000000000000000000000AF
:10015000B3030008B3030008B3030008B3030008A7
:10016000B3030008B3030008B3030008B303000897
:10017000B3030008B3030008B30300080000000045
:10018000B3030008B3030008A9A50008B3030008DF
:10019000B3030008B3030008B3030008B303000867
:1001A000B3030008B3030008B30300080000000015
:1001B000B3030008B3030008B3030008B303000847
:1001C000B3030008B30300080000000000000000B3
:1001D0000000000000000000B30300080000000061
:1001E000000000000000000000000000000000000F
:1001F0000000000000000000B3030008B303000883
:10020000B3030008B303000800000000B3030008B4
:10021000B3030008B3030008B3030008B3030008E6
:10022000B303000800000000B30300080000000052
:10023000B3030008B303000800000000B303000884
:10024000B3030008B3030008B3030008B3030008B6
:10025000B3030008B3030008B3030008B3030008A6
:10026000B3030008B3030008B3030008B303000896
:10027000B3030008B3030008B30300080000000044
:10028000B3030008B3030008B3030008B303000876
:1002900000000000B3030008B303000800000000E2
:1002A00000000000B3030008B3030008B303000814
:1002B000B3030008B3030008B3030008990C000857
:1002C000A90C0008B3030008B303000800F002F80B
:1002D00000F052F814A696E8000CB244B344DA4594
:1002E00001D100F049F8BAE80F000FA696E83000F7
:1002F000A5EB040504EB0607AAEB0704A7F1010729
:100300004FEA15154FEA3414A4F10104AC4201D3AD
:1003100000F032F813F0010F18BFFB1A43F001038D
:1003200000F001F8DBE71847441C0100841C0100C1
:10033000103A24BF78C878C1FAD8520724BF30C811
:1003400030C144BF04680C60704700007047000073
:100350000023002400250026103A28BF78C1FBD8CE
:10036000520728BF30C148BF0B6070471FB511F05E
:10037000B1FC1FBD10B510BD00F084F91146FFF7A8
:10038000F5FF0BF07DF900F0A2F903B4FFF7F2FFDF
:1003900003BC00F0A5F90000094880470948004760
:1003A000FEE7FEE7FEE7FEE7FEE7FEE7FEE7FEE725
:1003B000FEE7FEE704480549054A064B7047000082
:1003C00079A20008CD0200089082002098A20024A3
:1003D00090A200209862002453EA020C00F0698089
:1003E0002DE9F04B4FF00006002B1FBFB3FA83F549
:1003F00003FA05F424FA05F65E4012BF1643B2FA7A
:1004000082F502FA05F4C5F120051EBF22FA05FCAB
:1004100044EA0C04203556EA044C4FEA144418BF51
:10042000641C4FF000084FF00009904271EB030C80
:1004300039D3002919BFB1FA81F701FA07F6B0FAEA
:1004400080F700FA07F6C7F120071EBF20FA07FC65
:1004500046EA0C062037B6FBF4FCA7EB0507103F75
:1004600007F01F0BCBF120062CFA06F60CFA0BFB5B
:1004700044BFB3460026202FA4BF5E464FF0000BBA
:100480005BEA060C08BF4FF0010B19EB0B0948EBB8
:100490000608ABFB027C06FB02CC0BFB03CCC01BAB
:1004A00071EB0C01C1E70B46024641464846BDE8E8
:1004B000F08B13B5084318BF4FF0FF300146AFF380
:1004C0000080BDE81C407047032A40F2308010F0E5
:1004D000030C00F0158011F8013BBCF1020F6244DF
:1004E00098BF11F801CB00F8013B38BF11F8013B70
:1004F000A2F1040298BF00F801CB38BF00F8013B1D
:1005000011F0030300F02580083AC0F0088051F88C
:10051000043B083A51F804CBA0E80810F5E7121D97
:100520005CBF51F8043B40F8043BAFF30080D207B6
:1005300024BF11F8013B11F801CB48BF11F8012B82
:1005400024BF00F8013B00F801CB48BF00F8012BA5
:10055000704710B5203AC0F00B80B1E81850A0E801
:100560001850B1E81850A0E81850203ABFF4F5AF81
:100570005FEA027C24BFB1E81850A0E8185044BFDD
:1005800018C918C0BDE810405FEA827C24BF51F84A
:10059000043B40F8043B08BF7047D20728BF31F83E
:1005A000023B48BF11F8012B28BF20F8023B48BF8F
:1005B00000F8012B704702F0FF0343EA032242EAEE
:1005C000024200F024B84FF000020429C0F012806B
:1005D00010F0030C00F01B80CCF1040CBCF1020FF6
:1005E00018BF00F8012BA8BF20F8022BA1EB0C01CB
:1005F00000F00DB85FEAC17C24BF00F8012B00F8C1
:10060000012B48BF00F8012B70474FF0000200B5E6
:10061000134694469646203922BFA0E80C50A0E825
:100620000C50B1F12001BFF4F7AF090728BFA0E8D3
:100630000C5048BF0CC05DF804EB890028BF40F89F
:10064000042B08BF704748BF20F8022B11F0804FE1
:1006500018BF00F8012B704770477047704710B5FE
:1006600000F008F8006810BD10B5044600F002F86C
:10067000046010BD00487047080000200048704723
:10068000080000207546FFF7F9FFAE4605006946F1
:10069000534620F00700854618B020B5FFF78AFEC4
:1006A000BDE820404FF000064FF000074FF0000873
:1006B0004FF0000BAC46ACE8C009ACE8C009ACE8B0
:1006C000C009ACE8C00921F007018D46704710B59C
:1006D0000446AFF300802046BDE81040FFF755BE4A
:1006E00001491820ABBEFEE726000200704700005B
:1006F000FFE7FEE70000000080B540F21000C2F204
:10070000004001F0B5FC80BD80B540F28800C2F227
:10071000004001F0ADFC80BD83B0029002980168FA
:1007200001201022C4F202029142009000F0A38046
:10073000FFE70298016801202822C4F202029142D8
:10074000009000F09880FFE70298016801204022A5
:10075000C4F202029142009000F08D80FFE70298FF
:10076000016801205822C4F202029142009000F078
:100770008280FFE70298016801207022C4F2020221
:100780009142009077D0FFE702980168012088220B
:10079000C4F20202914200906DD0FFE70298016816
:1007A0000120A022C4F202029142009063D0FFE730
:1007B000029801680120B822C4F20202914200901E
:1007C00059D0FFE702980168012040F21042C4F2BC
:1007D0000202914200904ED0FFE70298016801208A
:1007E00040F22842C4F202029142009043D0FFE757
:1007F00002980168012040F24042C4F20202914294
:10080000009038D0FFE702980168012040F258427A
:10081000C4F20202914200902DD0FFE702980168D5
:10082000012040F27042C4F202029142009022D0B4
:10083000FFE702980168012040F28842C4F20202F8
:100840009142009017D0FFE702980168012040F222
:10085000A042C4F20202914200900CD0FFE702983D
:1008600000684FF64831CBF6FD710844B0FA80F0CD
:1008700040090090FFE70098C00740B3FFE70298E7
:10088000007810384AF6AB21CAF6AA21A0FB011065
:1008900000090190019800F0070141F6B450C0F63C
:1008A0000100405C0299C8650198042807D3FFE75E
:1008B00002990868042262F30900886506E002993B
:1008C000086840F2FF3290438865FFE705E002992F
:1008D000086820F0FF008865FFE70298806D03B08C
:1008E000704700000000000084B003900398006887
:1008F000019003980168012045F20842C5F6020202
:10090000914200904ED0FFE703980168012045F224
:100910001C42C5F602029142009043D0FFE70398C3
:100920000168012045F23042C5F602029142009072
:1009300038D0FFE703980168012045F24442C5F62C
:100940000202914200902DD0FFE703980168012038
:1009500045F25842C5F602029142009022D0FFE7CC
:1009600003980168012045F26C42C5F602029142EB
:10097000009017D0FFE703980168012045F28042FC
:10098000C5F60202914200900CD0FFE70398006880
:100990004AF66C31CAF2FD710844B0FA80F04009A1
:1009A0000090FFE70098C00710B3FFE703980078B6
:1009B00008384CF6CD41CCF6CC41A0FB0110000923
:1009C0000290029945F60000C5F6020000EB810096
:1009D00003990866039945F68000C5F6020048664B
:1009E000029800F01F01012088400399886635E0D5
:1009F0000398007810384AF6AB21CAF6AA21A0FB6A
:100A0000011000090290019840F2B841C4F20201BD
:100A100088420CD8FFE7019840F21041C4F202016D
:100A2000884204D3FFE7029808300290FFE702995A
:100A300040F60000C4F2020000EB81000399086652
:100A4000039940F68000C4F202004866029800F064
:100A50001F010120884003998866FFE704B07047B2
:100A600083B002900298007901900198002800F06C
:100A70008A80FFE70198082800F28580FFE7029846
:100A80000168012045F20842C5F602029142009039
:100A90004ED0FFE702980168012045F21C42C5F6DE
:100AA00002029142009043D0FFE7029801680120C2
:100AB00045F23042C5F602029142009038D0FFE77D
:100AC00002980168012045F24442C5F602029142B3
:100AD00000902DD0FFE702980168012045F25842AE
:100AE000C5F602029142009022D0FFE70298016809
:100AF000012045F26C42C5F602029142009017D0E7
:100B0000FFE702980168012045F28042C5F6020223
:100B1000914200900CD0FFE7029800684AF66C31D1
:100B2000CAF2FD710844B0FA80F040090090FFE776
:100B30000098C00780B1FFE7019945F6FC00C5F6B3
:100B4000020000EB81000299C866029945F6401048
:100B5000C5F6020008670FE0019940F6FC00C4F2F8
:100B6000020000EB81000299C866029940F640102D
:100B7000C4F202000867FFE70198411E0120884087
:100B800002994867FFE703B07047000000000000CB
:100B900085B0049000208DF80F000498806918BB80
:100BA000FFE70498806A029003281BD80299DFE8C7
:100BB00001F0020D0218049890F82F00C00720B130
:100BC000FFE701208DF80F00FFE70CE00498C06AF2
:100BD000B0F1C07F04D1FFE701208DF80F00FFE7DF
:100BE00001E000E0FFE747E004988069B0F5005FAE
:100BF00026D1FFE70498806A019003281ED8019946
:100C0000DFE801F00206021101208DF80F0016E066
:100C1000049890F82F00C00720B1FFE701208DF85D
:100C20000F00FFE70BE00498C06AB0F1C07F04D169
:100C3000FFE701208DF80F00FFE700E0FFE71AE073
:100C40000498806A0090032804D3FFE700980328E3
:100C500004D00EE001208DF80F000BE0049890F80E
:100C60002F00C00720B1FFE701208DF80F00FFE73C
:100C700000E0FFE7FFE7FFE79DF80F0005B07047D2
:100C8000704700000000000081B0EFF3108072B6E2
:100C90000090FFE7FEE7000080B540F20010C2F2CE
:100CA000004003F031FC80BD80B540F20010C2F27C
:100CB000004003F029FC80BD84B002900298406B94
:100CC000009002980068D0F884004FF6FC718843C9
:100CD000009940EA810002990968C1F884000298ED
:100CE0000068D0F8840020F47F00029A1168926BAB
:100CF00040EA0240C1F884000298816B00980844E1
:100D0000009002980068D0F888006FF38F00009977
:100D100040EA810002990968C1F8880002980068D9
:100D2000D0F8880020F4FE00029A1168D26B40EAE5
:100D30000240C1F888000298C16B009800EB4100A6
:100D4000009002980068D0F8A0006FF38F0000991F
:100D500040EA810002990968C1F8A0000298006881
:100D6000D0F8A00020F4FE00029A1168126C40EA4C
:100D70000240C1F8A0000299086C496C009A00FB7F
:100D80000120009002980068D0F8B0006FF38F0047
:100D9000009940EA810002990968C1F8B000029800
:100DA0000068D0F8B00020F4FE00029A1168926C3E
:100DB00040EA0240C1F8B0000299886CC96C009A00
:100DC00000FB0120009002980068D0F8AC006FF39F
:100DD0008F00009940EA810002990968C1F8AC00CF
:100DE0000299086D496D009A00FB0120009002985D
:100DF0000068D0F8F0006FF38F00009940EA81009E
:100E000002990968C1F8F00002980068D0F8F00073
:100E100020F47C10029A1168926D40EA0240C1F8F9
:100E2000F0000298816D009800EB4100009002985C
:100E30000068D0F8C0006FF38F00009940EA81008D
:100E400002990968C1F8C00002980068D0F8C00093
:100E500020F47C10029A1168D26D40EA0240C1F879
:100E6000C00002980068D0F8C00020F07C50029AC0
:100E70001168126E40EA0260C1F8C00002994A6B24
:100E80004AF60040C4F2000000EB8200C8660299F6
:100E90008A6BC86E00EB820008670299CA6B086F04
:100EA00000EBC200486702990A6C4B6C486F5A43CA
:100EB00000EB8200886702998A6CCB6C886F5A437A
:100EC00000EB8200C86702990A6D4B6DC86F5A43E8
:100ED00000EB8200C1F8800002998A6DD1F8800091
:100EE00000EBC200C1F884000299CA6D8B6ED1F884
:100EF00084005A4300EB8200C1F8880002990A6E10
:100F00008B6ED1F888005A4300EB8200C1F8900044
:100F10000298D0F890004DF2FD31C4F200018842F1
:100F20000FD3FFE70299D1F89C0040F02000C1F8F0
:100F30009C000299032081F8980001208DF80F0091
:100F400017E00298C06E0190FFE701980299D1F86E
:100F50009010884208D2FFE7019900200860FFE75F
:100F6000019804300190F0E7FFE700208DF80F00B2
:100F7000FFE79DF80F0004B070470000000000007C
:100F800088B007900691059204930698406848B986
:100F9000FFE70698016882680069104340EA8140D3
:100FA000039009E0069801688268006910430843CD
:100FB00040F080400390FFE70698D0F820C0C16859
:100FC00042698369C06940EA0C601843104340EAF3
:100FD000014002900798826ED0F884000499514332
:100FE00000EB81000190039801990860019804309A
:100FF0000190029801990860019804300190002046
:101000000090FFE700980699CA6841F6A451C0F61F
:101010000101895C88420DD2FFE70598009940588C
:1010200001990860019804300190FFE700980430AE
:101030000090E7E708B0704780B58AB0089004F0E8
:1010400063FB0490089828B9FFE701208DF827007A
:1010500000F0AABC089890F8350002280ED0FFE7EF
:10106000089980204865FFE70899002081F834003E
:10107000FFE701208DF8270000F096BC0898016872
:1010800001201022C4F202029142039000F0A380DA
:10109000FFE70898016801202822C4F20202914269
:1010A000039000F09880FFE7089801680120402233
:1010B000C4F202029142039000F08D80FFE708988D
:1010C000016801205822C4F202029142039000F00C
:1010D0008280FFE70898016801207022C4F20202B2
:1010E0009142039077D0FFE7089801680120882299
:1010F000C4F20202914203906DD0FFE708980168A4
:101100000120A022C4F202029142039063D0FFE7C3
:10111000089801680120B822C4F2020291420390AB
:1011200059D0FFE708980168012040F21042C4F24C
:101130000202914203904ED0FFE708980168012017
:1011400040F22842C4F202029142039043D0FFE7EA
:1011500008980168012040F24042C4F20202914224
:10116000039038D0FFE708980168012040F2584208
:10117000C4F20202914203902DD0FFE70898016863
:10118000012040F27042C4F202029142039022D048
:10119000FFE708980168012040F28842C4F2020289
:1011A0009142039017D0FFE708980168012040F2B0
:1011B000A042C4F20202914203900CD0FFE70898CB
:1011C00000684FF64831CBF6FD710844B0FA80F064
:1011D00040090390FFE70398C00780B1FFE7089834
:1011E0000168086820F01E000860089801684869D6
:1011F00020F08000486108980068059009E0089890
:101200000168086820F00E000860089800680590E2
:10121000FFE70898016801201022C4F202029142FF
:10122000029000F00381FFE708980168012028225E
:10123000C4F202029142029000F0F880FFE70898A1
:10124000016801204022C4F202029142029000F0A3
:10125000ED80FFE70898016801205822C4F20202DD
:101260009142029000F0E280FFE7089801680120B7
:101270007022C4F202029142029000F0D780FFE790
:101280000898016801208822C4F20202914202906B
:1012900000F0CC80FFE7089801680120A022C4F28A
:1012A00002029142029000F0C180FFE708980168B5
:1012B0000120B822C4F202029142029000F0B680EE
:1012C000FFE708980168012040F21042C4F20202D0
:1012D0009142029000F0AA80FFE70898016801207F
:1012E00040F22842C4F202029142029000F09E8035
:1012F000FFE708980168012040F24042C4F2020270
:101300009142029000F09280FFE708980168012066
:1013100040F25842C4F202029142029000F08680EC
:10132000FFE708980168012040F27042C4F202020F
:10133000914202907AD0FFE708980168012040F2BC
:101340008842C4F20202914202906FD0FFE70898EF
:101350000168012040F2A042C4F2020291420290D0
:1013600064D0FFE708980168012040F2B842C4F257
:1013700002029142029059D0FFE7089801680120CB
:1013800045F20842C5F60202914202904ED0FFE7B4
:1013900008980168012045F21C42C5F602029142FC
:1013A000029043D0FFE708980168012045F23042DF
:1013B000C5F602029142029038D0FFE70898016812
:1013C000012045F24442C5F60202914202902DD01E
:1013D000FFE708980168012045F25842C5F602026D
:1013E0009142029022D0FFE708980168012045F25F
:1013F0006C42C5F602029142029017D0FFE70898AE
:101400000168012045F28042C5F602029142029035
:101410000CD0FFE7089800684AF66C31CAF2FD71FB
:101420000844B0FA80F040090290FFE70298C00734
:1014300038B1FFE70898016E086820F480700860F2
:10144000FFE7089800681021C4F20201884200F00A
:101450008180FFE7089800682821C4F202018842D1
:1014600078D0FFE7089800684021C4F20201884262
:1014700070D0FFE7089800685821C4F20201884242
:1014800068D0FFE7089800687021C4F20201884222
:1014900060D0FFE7089800688821C4F20201884202
:1014A00058D0FFE708980068A021C4F202018842E2
:1014B00050D0FFE708980068B821C4F202018842C2
:1014C00048D0FFE70898006840F21041C4F20201DA
:1014D00088423FD0FFE70898006840F22841C4F2F4
:1014E0000201884236D0FFE70898006840F2404188
:1014F000C4F2020188422DD0FFE70898006840F24C
:101500005841C4F20201884224D0FFE708980068DD
:1015100040F27041C4F2020188421BD0FFE70898F4
:10152000006840F28841C4F20201884212D0FFE70D
:101530000898006840F2A041C4F20201884209D034
:10154000FFE70898006840F2B841C4F202018842FF
:1015500007D1FFE708980168086820F001000860DB
:1015600006E008980168086820F001000860FFE7BD
:10157000FFE705980068C007C8B1FFE704F0C4F8AA
:101580000499401A062811D3FFE7089920204865DE
:101590000899032081F83500FFE70899002081F8B9
:1015A0003400FFE701208DF82700FDE1E1E708980E
:1015B000016801201022C4F202029142019000F061
:1015C000A380FFE70898016801202822C4F20202E4
:1015D0009142019000F09880FFE70898016801208F
:1015E0004022C4F202029142019000F08D80FFE798
:1015F0000898016801205822C4F202029142019029
:1016000000F08280FFE70898016801207022C4F290
:1016100002029142019077D0FFE70898016801200B
:101620008822C4F20202914201906DD0FFE708982F
:1016300001680120A022C4F202029142019063D00D
:10164000FFE7089801680120B822C4F20202914223
:10165000019059D0FFE708980168012040F210423C
:10166000C4F20202914201904ED0FFE7089801684F
:10167000012040F22842C4F202029142019043D07C
:10168000FFE708980168012040F24042C4F20202DC
:101690009142019038D0FFE708980168012040F29C
:1016A0005842C4F20202914201902DD0FFE70898FF
:1016B0000168012040F27042C4F20202914201909E
:1016C00022D0FFE708980168012040F28842C4F266
:1016D00002029142019017D0FFE7089801680120AB
:1016E00040F2A042C4F20202914201900CD0FFE706
:1016F000089800684FF64831CBF6FD710844B0FAFF
:1017000080F040090190FFE70198C00760B1FFE752
:101710000898806D07900898C06D00F01F013F2069
:101720008840079988600BE00898806D06900898BB
:10173000C06D00F01F010120884006994860FFE756
:101740000898016801201022C4F202029142009020
:1017500000F00381FFE70898016801202822C4F205
:1017600002029142009000F0F880FFE708980168BB
:1017700001204022C4F202029142009000F0ED806C
:10178000FFE70898016801205822C4F20202914242
:10179000009000F0E280FFE70898016801207022C5
:1017A000C4F202029142009000F0D780FFE708984F
:1017B000016801208822C4F202029142009000F0E8
:1017C000CC80FFE7089801680120A022C4F2020241
:1017D0009142009000F0C180FFE708980168012065
:1017E000B822C4F202029142009000F0B680FFE7F6
:1017F00008980168012040F21042C4F202029142AE
:10180000009000F0AA80FFE708980168012040F2EC
:101810002842C4F202029142009000F09E80FFE74D
:1018200008980168012040F24042C4F2020291424D
:10183000009000F09280FFE708980168012040F2D4
:101840005842C4F202029142009000F08680FFE705
:1018500008980168012040F27042C4F202029142ED
:1018600000907AD0FFE708980168012040F2884292
:10187000C4F20202914200906FD0FFE7089801681D
:10188000012040F2A042C4F202029142009064D0D2
:10189000FFE708980168012040F2B842C4F2020252
:1018A0009142009059D0FFE708980168012045F265
:1018B0000842C5F60202914200904ED0FFE7089818
:1018C0000168012045F21C42C5F6020291420090D7
:1018D00043D0FFE708980168012045F23042C5F681
:1018E00002029142009038D0FFE708980168012079
:1018F00045F24442C5F60202914200902DD0FFE726
:1019000008980168012045F25842C5F6020291424A
:10191000009022D0FFE708980168012045F26C4250
:10192000C5F602029142009017D0FFE708980168BF
:10193000012045F28042C5F60202914200900CD08F
:10194000FFE7089800684AF66C31CAF2FD71084456
:10195000B0FA80F040090090FFE70098C007A0B1FE
:10196000FFE70898416E806E48600898C06E58B1D5
:10197000FFE70898C16E086820F480700860089836
:10198000016F406F4860FFE7FFE70899012081F889
:101990003500FFE70899002081F83400FFE7FFE7F2
:1019A00000208DF82700FFE79DF827000AB080BDD2
:1019B00080B586B00490049820B9FFE701208DF827
:1019C000170046E3049890F83500022807D0FFE797
:1019D00004998020486501208DF8170039E30498A8
:1019E000016801201022C4F202029142029000F02C
:1019F000A380FFE70498016801202822C4F20202B4
:101A00009142029000F09880FFE70498016801205D
:101A10004022C4F202029142029000F08D80FFE762
:101A20000498016801205822C4F2020291420290F7
:101A300000F08280FFE70498016801207022C4F260
:101A400002029142029077D0FFE7049801680120DA
:101A50008822C4F20202914202906DD0FFE70498FE
:101A600001680120A022C4F202029142029063D0D8
:101A7000FFE7049801680120B822C4F202029142F3
:101A8000029059D0FFE704980168012040F210420B
:101A9000C4F20202914202904ED0FFE7049801681E
:101AA000012040F22842C4F202029142029043D047
:101AB000FFE704980168012040F24042C4F20202AC
:101AC0009142029038D0FFE704980168012040F26B
:101AD0005842C4F20202914202902DD0FFE70498CE
:101AE0000168012040F27042C4F202029142029069
:101AF00022D0FFE704980168012040F28842C4F236
:101B000002029142029017D0FFE704980168012079
:101B100040F2A042C4F20202914202900CD0FFE7D0
:101B2000049800684FF64831CBF6FD710844B0FACE
:101B300080F040090290FFE70298C007002800F0FB
:101B40009D80FFE70499042081F83500049800681F
:101B50001021C4F20201884200F08180FFE704985E
:101B600000682821C4F20201884278D0FFE7049877
:101B700000684021C4F20201884270D0FFE7049857
:101B800000685821C4F20201884268D0FFE7049837
:101B900000687021C4F20201884260D0FFE7049817
:101BA00000688821C4F20201884258D0FFE70498F7
:101BB0000068A021C4F20201884250D0FFE70498D7
:101BC0000068B821C4F20201884248D0FFE70498B7
:101BD000006840F21041C4F2020188423FD0FFE7A2
:101BE0000498006840F22841C4F20201884236D0CD
:101BF000FFE70498006840F24041C4F202018842C5
:101C00002DD0FFE70498006840F25841C4F2020169
:101C1000884224D0FFE70498006840F27041C4F283
:101C2000020188421BD0FFE70498006840F2884117
:101C3000C4F20201884212D0FFE70498006840F223
:101C4000A041C4F20201884209D0FFE7049800686D
:101C500040F2B841C4F20201884207D1FFE704987C
:101C60000168086820F00100086006E00498016837
:101C7000086820F001000860FFE7E5E104980168CA
:101C8000086820F00E000860049800681021C4F273
:101C90000201884200F08180FFE704980068282153
:101CA000C4F20201884278D0FFE70498006840211E
:101CB000C4F20201884270D0FFE7049800685821FE
:101CC000C4F20201884268D0FFE7049800687021DE
:101CD000C4F20201884260D0FFE7049800688821BE
:101CE000C4F20201884258D0FFE704980068A0219E
:101CF000C4F20201884250D0FFE704980068B8217E
:101D0000C4F20201884248D0FFE70498006840F21C
:101D10001041C4F2020188423FD0FFE704980068F6
:101D200040F22841C4F20201884236D0FFE704980D
:101D3000006840F24041C4F2020188422DD0FFE722
:101D40000498006840F25841C4F20201884224D04D
:101D5000FFE70498006840F27041C4F20201884233
:101D60001BD0FFE70498006840F28841C4F20201EA
:101D7000884212D0FFE70498006840F2A041C4F204
:101D80000201884209D0FFE70498006840F2B84198
:101D9000C4F20201884207D1FFE70498016808688D
:101DA00020F00100086006E004980168086820F04F
:101DB00001000860FFE70498016801201022C4F2C6
:101DC00002029142019000F00381FFE7049801684C
:101DD00001202822C4F202029142019000F0F88012
:101DE000FFE70498016801204022C4F202029142F8
:101DF000019000F0ED80FFE704980168012058226F
:101E0000C4F202029142019000F0E280FFE70498E0
:101E1000016801207022C4F202029142019000F098
:101E2000D780FFE70498016801208822C4F20202EB
:101E30009142019000F0CC80FFE7049801680120F6
:101E4000A022C4F202029142019000F0C180FFE79B
:101E5000049801680120B822C4F202029142019064
:101E600000F0B680FFE704980168012040F21042BC
:101E7000C4F202029142019000F0AA80FFE70498A8
:101E80000168012040F22842C4F20202914201900E
:101E900000F09E80FFE704980168012040F2404274
:101EA000C4F202029142019000F09280FFE7049890
:101EB0000168012040F25842C4F2020291420190AE
:101EC00000F08680FFE704980168012040F270422C
:101ED000C4F20202914201907AD0FFE704980168AF
:101EE000012040F28842C4F20202914201906FD078
:101EF000FFE704980168012040F2A042C4F2020208
:101F00009142019064D0FFE704980168012040F2FB
:101F1000B842C4F202029142019059D0FFE70498FE
:101F20000168012045F20842C5F602029142019083
:101F30004ED0FFE704980168012045F21C42C5F627
:101F400002029142019043D0FFE70498016801200A
:101F500045F23042C5F602029142019038D0FFE7C7
:101F600004980168012045F24442C5F602029142FC
:101F700001902DD0FFE704980168012045F25842F6
:101F8000C5F602029142019022D0FFE70498016851
:101F9000012045F26C42C5F602029142019017D031
:101FA000FFE704980168012045F28042C5F602026D
:101FB000914201900CD0FFE7049800684AF66C311A
:101FC000CAF2FD710844B0FA80F040090190FFE7C1
:101FD0000198C00728B3FFE70498016E086820F451
:101FE000807008600498806D03900498C06D00F0C4
:101FF0001F0101208840039948600498416E806E5B
:1020000048600498C06E58B1FFE70498C16E086834
:1020100020F4807008600498016F406F4860FFE70B
:10202000FFE70499012081F83500FFE704990020BB
:1020300081F83400FFE70498006D20B1FFE70498B1
:10204000016D8847FFE7FFE7FFE700208DF81700E5
:10205000FFE79DF8170006B080BD000000000000FB
:1020600081B000900098406D01B070470000000002
:1020700080B590B00F9000200B9040F20000C2F2AB
:102080000040006848F2B511C1F64E31A0FB0110C6
:10209000800A0A900F98806D09900F98806D0890C3
:1020A000099800680E90089800680D900F980168D4
:1020B00001201022C4F202029142079000F0A38096
:1020C000FFE70F98016801202822C4F20202914222
:1020D000079000F09880FFE70F98016801204022E8
:1020E000C4F202029142079000F08D80FFE70F9842
:1020F000016801205822C4F202029142079000F0C8
:102100008280FFE70F98016801207022C4F202026A
:102110009142079077D0FFE70F980168012088224D
:10212000C4F20202914207906DD0FFE70F98016858
:102130000120A022C4F202029142079063D0FFE77F
:102140000F9801680120B822C4F202029142079060
:1021500059D0FFE70F980168012040F21042C4F205
:102160000202914207904ED0FFE70F9801680120CC
:1021700040F22842C4F202029142079043D0FFE7A6
:102180000F980168012040F24042C4F202029142DD
:10219000079038D0FFE70F980168012040F25842BD
:1021A000C4F20202914207902DD0FFE70F98016818
:1021B000012040F27042C4F202029142079022D004
:1021C000FFE70F980168012040F28842C4F2020242
:1021D0009142079017D0FFE70F980168012040F265
:1021E000A042C4F20202914207900CD0FFE70F9880
:1021F00000684FF64831CBF6FD710844B0FA80F024
:1022000040090790FFE70798C007002800F01385F2
:10221000FFE70E980F99C96D01F01F01C840000734
:10222000002840F1B080FFE70F9800681021C4F249
:102230000201884200F08180FFE70F9800682821A2
:10224000C4F20201884278D0FFE70F98006840216D
:10225000C4F20201884270D0FFE70F98006858214D
:10226000C4F20201884268D0FFE70F98006870212D
:10227000C4F20201884260D0FFE70F98006888210D
:10228000C4F20201884258D0FFE70F980068A021ED
:10229000C4F20201884250D0FFE70F980068B821CD
:1022A000C4F20201884248D0FFE70F98006840F26C
:1022B0001041C4F2020188423FD0FFE70F98006846
:1022C00040F22841C4F20201884236D0FFE70F985D
:1022D000006840F24041C4F2020188422DD0FFE77D
:1022E0000F98006840F25841C4F20201884224D09D
:1022F000FFE70F98006840F27041C4F20201884283
:102300001BD0FFE70F98006840F28841C4F2020139
:10231000884212D0FFE70F98006840F2A041C4F253
:102320000201884209D0FFE70F98006840F2B841E7
:10233000C4F20201884207D1FFE70F9800680068E5
:1023400000F00400069006E00F980068006800F0B6
:1023500008000690FFE70698A0B1FFE70F98016814
:10236000086820F0040008600F98C06D00F01F019D
:1023700008208840099988600F99486D40F0010055
:102380004865FFE7FFE70E980F99C96D01F01F013F
:10239000C840C007002800F0A980FFE70F98006838
:1023A0001021C4F20201884200F08180FFE70F98FB
:1023B00000682821C4F20201884278D0FFE70F9814
:1023C00000684021C4F20201884270D0FFE70F98F4
:1023D00000685821C4F20201884268D0FFE70F98D4
:1023E00000687021C4F20201884260D0FFE70F98B4
:1023F00000688821C4F20201884258D0FFE70F9894
:102400000068A021C4F20201884250D0FFE70F9873
:102410000068B821C4F20201884248D0FFE70F9853
:10242000006840F21041C4F2020188423FD0FFE749
:102430000F98006840F22841C4F20201884236D069
:10244000FFE70F98006840F24041C4F20201884261
:102450002DD0FFE70F98006840F25841C4F2020106
:10246000884224D0FFE70F98006840F27041C4F220
:10247000020188421BD0FFE70F98006840F28841B4
:10248000C4F20201884212D0FFE70F98006840F2C0
:10249000A041C4F20201884209D0FFE70F9800680A
:1024A00040F2B841C4F20201884207D1FFE70F9819
:1024B0000068406900F08000059005E00F98006812
:1024C000006800200590FFE7059870B1FFE70F98BE
:1024D000C06D00F01F0101208840099988600F99A4
:1024E000486D40F002004865FFE7FFE70E980F993E
:1024F000C96D01F01F01C8404007002840F1A980C4
:10250000FFE70F9800681021C4F20201884200F032
:102510008180FFE70F9800682821C4F202018842F9
:1025200078D0FFE70F9800684021C4F2020188428A
:1025300070D0FFE70F9800685821C4F2020188426A
:1025400068D0FFE70F9800687021C4F2020188424A
:1025500060D0FFE70F9800688821C4F2020188422A
:1025600058D0FFE70F980068A021C4F2020188420A
:1025700050D0FFE70F980068B821C4F202018842EA
:1025800048D0FFE70F98006840F21041C4F2020102
:1025900088423FD0FFE70F98006840F22841C4F21C
:1025A0000201884236D0FFE70F98006840F24041B0
:1025B000C4F2020188422DD0FFE70F98006840F274
:1025C0005841C4F20201884224D0FFE70F98006806
:1025D00040F27041C4F2020188421BD0FFE70F981D
:1025E000006840F28841C4F20201884212D0FFE73D
:1025F0000F98006840F2A041C4F20201884209D05D
:10260000FFE70F98006840F2B841C4F20201884227
:1026100007D1FFE70F980068006800F002000490FF
:1026200005E00F980068006800200490FFE7049818
:1026300070B1FFE70F98C06D00F01F0104208840C3
:10264000099988600F99486D40F004004865FFE7DC
:10265000FFE70E980F99C96D01F01F01C840C00631
:10266000002840F1DE80FFE70F9800681021C4F2D7
:102670000201884200F08180FFE70F98006828215E
:10268000C4F20201884278D0FFE70F980068402129
:10269000C4F20201884270D0FFE70F980068582109
:1026A000C4F20201884268D0FFE70F9800687021E9
:1026B000C4F20201884260D0FFE70F9800688821C9
:1026C000C4F20201884258D0FFE70F980068A021A9
:1026D000C4F20201884250D0FFE70F980068B82189
:1026E000C4F20201884248D0FFE70F98006840F228
:1026F0001041C4F2020188423FD0FFE70F98006802
:1027000040F22841C4F20201884236D0FFE70F9818
:10271000006840F24041C4F2020188422DD0FFE738
:102720000F98006840F25841C4F20201884224D058
:10273000FFE70F98006840F27041C4F2020188423E
:102740001BD0FFE70F98006840F28841C4F20201F5
:10275000884212D0FFE70F98006840F2A041C4F20F
:102760000201884209D0FFE70F98006840F2B841A3
:10277000C4F20201884207D1FFE70F9800680068A1
:1027800000F00800039006E00F980068006800F071
:1027900004000390FFE70398002841D0FFE70F985B
:1027A000C06D00F01F0110208840099988600F98C3
:1027B00000680068400300281AD5FFE70F980068FA
:1027C00000680003002809D4FFE70F98006C20B1CF
:1027D000FFE70F98016C8847FFE708E00F98806CCF
:1027E00020B1FFE70F98816C8847FFE7FFE716E00D
:1027F0000F9800680068C005002807D4FFE70F980D
:102800000168086820F008000860FFE70F98006C76
:1028100020B1FFE70F98016C8847FFE7FFE7FFE76C
:10282000FFE70E980F99C96D01F01F01C84080069F
:10283000002840F12681FFE70F9800681021C4F2BC
:102840000201884200F08180FFE70F98006828218C
:10285000C4F20201884278D0FFE70F980068402157
:10286000C4F20201884270D0FFE70F980068582137
:10287000C4F20201884268D0FFE70F980068702117
:10288000C4F20201884260D0FFE70F9800688821F7
:10289000C4F20201884258D0FFE70F980068A021D7
:1028A000C4F20201884250D0FFE70F980068B821B7
:1028B000C4F20201884248D0FFE70F98006840F256
:1028C0001041C4F2020188423FD0FFE70F98006830
:1028D00040F22841C4F20201884236D0FFE70F9847
:1028E000006840F24041C4F2020188422DD0FFE767
:1028F0000F98006840F25841C4F20201884224D087
:10290000FFE70F98006840F27041C4F2020188426C
:102910001BD0FFE70F98006840F28841C4F2020123
:10292000884212D0FFE70F98006840F2A041C4F23D
:102930000201884209D0FFE70F98006840F2B841D1
:10294000C4F20201884207D1FFE70F9800680068CF
:1029500000F01000029006E00F980068006800F098
:1029600002000290FFE70298002800F08980FFE74C
:102970000F98C06D00F01F012020884009998860E1
:102980000F9890F83500042837D1FFE70F980168B9
:10299000086820F0160008600F980168486920F068
:1029A000800048610F98006C20B9FFE70F98806C99
:1029B00038B1FFE70F980168086820F00800086048
:1029C000FFE70F98C06D00F01F013F208840099974
:1029D00088600F99012081F83500FFE70F990020EA
:1029E00081F83400FFE70F98006D20B1FFE70F98E2
:1029F000016D8847FFE700F019BC0F980068006878
:102A0000400300281AD5FFE70F980068006800030C
:102A1000002809D4FFE70F98406C20B1FFE70F981A
:102A2000416C8847FFE708E00F98C06B20B1FFE7D3
:102A30000F98C16B8847FFE7FFE720E00F98006819
:102A40000068C005002811D4FFE70F9801680868E6
:102A500020F0100008600F99012081F83500FFE791
:102A60000F99002081F83400FFE7FFE70F98C06B53
:102A700020B1FFE70F98C16B8847FFE7FFE7FFE74B
:102A8000FFE70F98406D002800F0D480FFE70F9813
:102A9000406DC007002800F0C480FFE70F990420B4
:102AA00081F835000F9800681021C4F202018842B5
:102AB00000F08180FFE70F9800682821C4F202012E
:102AC000884278D0FFE70F9800684021C4F20201E5
:102AD000884270D0FFE70F9800685821C4F20201C5
:102AE000884268D0FFE70F9800687021C4F20201A5
:102AF000884260D0FFE70F9800688821C4F2020185
:102B0000884258D0FFE70F980068A021C4F2020164
:102B1000884250D0FFE70F980068B821C4F2020144
:102B2000884248D0FFE70F98006840F21041C4F295
:102B3000020188423FD0FFE70F98006840F2284129
:102B4000C4F20201884236D0FFE70F98006840F2D5
:102B50004041C4F2020188422DD0FFE70F9800687F
:102B600040F25841C4F20201884224D0FFE70F9896
:102B7000006840F27041C4F2020188421BD0FFE7B6
:102B80000F98006840F28841C4F20201884212D0D6
:102B9000FFE70F98006840F2A041C4F202018842AA
:102BA00009D0FFE70F98006840F2B841C4F2020173
:102BB000884207D1FFE70F980168086820F00100FC
:102BC000086006E00F980168086820F001000860BE
:102BD000FFE7FFE70B9801300B900A99884201D973
:102BE000FFE707E0FFE70F9800680068C0070028CC
:102BF000F0D1FFE70F9800680068C00728B1FFE731
:102C00000F99032081F8350004E00F99012081F825
:102C10003500FFE7FFE70F99002081F83400FFE758
:102C2000FFE70F98C06C20B1FFE70F98C16C884791
:102C3000FFE7FFE7FAE20F980168012045F208423A
:102C4000C5F60202914201904ED0FFE70F9801684D
:102C5000012045F21C42C5F602029142019043D088
:102C6000FFE70F980168012045F23042C5F60202E5
:102C70009142019038D0FFE70F980168012045F29A
:102C80004442C5F60202914201902DD0FFE70F9811
:102C90000168012045F25842C5F6020291420190B6
:102CA00022D0FFE70F980168012045F26C42C5F67B
:102CB00002029142019017D0FFE70F9801680120AE
:102CC00045F28042C5F60202914201900CD0FFE726
:102CD0000F9800684AF66C31CAF2FD710844B0FAE8
:102CE00080F040090190FFE70198C007002800F03C
:102CF0009B82FFE70F98006800680C900D980F9971
:102D0000C96D01F01F01C8404007002840F1D7807D
:102D1000FFE79DF830004007002840F1D080FFE732
:102D20000F98C06D00F01F0104208840089948608A
:102D30009DF831000006002818D5FFE79DF8320005
:102D4000C00748B9FFE70F98806C20B1FFE70F98E4
:102D5000816C8847FFE708E00F98006C20B1FFE71F
:102D60000F98016C8847FFE7FFE7A7E09DF8300068
:102D70008006002800F19980FFE70F980068102175
:102D8000C4F20201884200F08180FFE70F980068DA
:102D90002821C4F20201884278D0FFE70F9800682A
:102DA0004021C4F20201884270D0FFE70F9800680A
:102DB0005821C4F20201884268D0FFE70F980068EA
:102DC0007021C4F20201884260D0FFE70F980068CA
:102DD0008821C4F20201884258D0FFE70F980068AA
:102DE000A021C4F20201884250D0FFE70F9800688A
:102DF000B821C4F20201884248D0FFE70F9800686A
:102E000040F21041C4F2020188423FD0FFE70F9820
:102E1000006840F22841C4F20201884236D0FFE740
:102E20000F98006840F24041C4F2020188422DD060
:102E3000FFE70F98006840F25841C4F2020188424F
:102E400024D0FFE70F98006840F27041C4F20201FD
:102E500088421BD0FFE70F98006840F28841C4F217
:102E60000201884212D0FFE70F98006840F2A041AB
:102E7000C4F20201884209D0FFE70F98006840F2CF
:102E8000B841C4F20201884207D1FFE70F980168F8
:102E9000086820F00800086006E00F9801680868DC
:102EA00020F004000860FFE7FFE70F98006C20B1F6
:102EB000FFE70F98016C8847FFE7FFE7B3E10D9844
:102EC0000F99C96D01F01F01C8408007002840F12B
:102ED000E180FFE79DF830008007002840F1DA80AC
:102EE000FFE70F98C06D00F01F010220884008998D
:102EF00048609DF831000006002818D5FFE79DF8CE
:102F00003200C00748B9FFE70F98406C20B1FFE7D7
:102F10000F98416C8847FFE708E00F98C06B20B11D
:102F2000FFE70F98C16B8847FFE7FFE7B1E09DF827
:102F300030008006002800F1A380FFE70F980068AA
:102F40001021C4F20201884200F08180FFE70F984F
:102F500000682821C4F20201884278D0FFE70F9868
:102F600000684021C4F20201884270D0FFE70F9848
:102F700000685821C4F20201884268D0FFE70F9828
:102F800000687021C4F20201884260D0FFE70F9808
:102F900000688821C4F20201884258D0FFE70F98E8
:102FA0000068A021C4F20201884250D0FFE70F98C8
:102FB0000068B821C4F20201884248D0FFE70F98A8
:102FC000006840F21041C4F2020188423FD0FFE79E
:102FD0000F98006840F22841C4F20201884236D0BE
:102FE000FFE70F98006840F24041C4F202018842B6
:102FF0002DD0FFE70F98006840F25841C4F202015B
:10300000884224D0FFE70F98006840F27041C4F274
:10301000020188421BD0FFE70F98006840F2884108
:10302000C4F20201884212D0FFE70F98006840F214
:10303000A041C4F20201884209D0FFE70F9800685E
:1030400040F2B841C4F20201884207D1FFE70F986D
:103050000168086820F01400086006E00F98016815
:10306000086820F00A000860FFE70F99012081F846
:103070003500FFE70F99002081F83400FFE7FFE7F4
:103080000F98C06B20B1FFE70F98C16B8847FFE72F
:10309000FFE7C7E00D980F99C96D01F01F01C84007
:1030A0000007002840F1BC80FFE79DF830000007D2
:1030B000002840F1B580FFE70F9800681021C4F2A6
:1030C0000201884200F08180FFE70F980068282104
:1030D000C4F20201884278D0FFE70F9800684021CF
:1030E000C4F20201884270D0FFE70F9800685821AF
:1030F000C4F20201884268D0FFE70F98006870218F
:10310000C4F20201884260D0FFE70F98006888216E
:10311000C4F20201884258D0FFE70F980068A0214E
:10312000C4F20201884250D0FFE70F980068B8212E
:10313000C4F20201884248D0FFE70F98006840F2CD
:103140001041C4F2020188423FD0FFE70F980068A7
:1031500040F22841C4F20201884236D0FFE70F98BE
:10316000006840F24041C4F2020188422DD0FFE7DE
:103170000F98006840F25841C4F20201884224D0FE
:10318000FFE70F98006840F27041C4F202018842E4
:103190001BD0FFE70F98006840F28841C4F202019B
:1031A000884212D0FFE70F98006840F2A041C4F2B5
:1031B0000201884209D0FFE70F98006840F2B84149
:1031C000C4F20201884207D1FFE70F98016808683E
:1031D00020F01C00086006E00F980168086820F0E5
:1031E0000E000860FFE70F98C06D00F01F0101207E
:1031F00000FA01F1089A51600F9948650F9981F81A
:103200003500FFE70F99002081F83400FFE70F98A1
:10321000C06C20B1FFE70F98C16C8847FFE700E062
:10322000FFE7FFE7FFE700E0FFE7FFE710B080BD43
:1032300010B58EB00C9002F067FA0A900C9828B97D
:10324000FFE701208DF8370000F09EBC0C98016864
:1032500001201022C4F202029142079000F0A380E4
:10326000FFE70C98016801202822C4F20202914273
:10327000079000F09880FFE70C9801680120402239
:10328000C4F202029142079000F08D80FFE70C9893
:10329000016801205822C4F202029142079000F016
:1032A0008280FFE70C98016801207022C4F20202BC
:1032B0009142079077D0FFE70C980168012088229F
:1032C000C4F20202914207906DD0FFE70C980168AA
:1032D0000120A022C4F202029142079063D0FFE7CE
:1032E0000C9801680120B822C4F2020291420790B2
:1032F00059D0FFE70C980168012040F21042C4F257
:103300000202914207904ED0FFE70C98016801201D
:1033100040F22842C4F202029142079043D0FFE7F4
:103320000C980168012040F24042C4F2020291422E
:10333000079038D0FFE70C980168012040F258420E
:10334000C4F20202914207902DD0FFE70C98016869
:10335000012040F27042C4F202029142079022D052
:10336000FFE70C980168012040F28842C4F2020293
:103370009142079017D0FFE70C980168012040F2B6
:10338000A042C4F20202914207900CD0FFE70C98D1
:1033900000684FF64831CBF6FD710844B0FA80F072
:1033A00040090790FFE70798C007002800F07881E0
:1033B000FFE70C98406A08B1FFE7FFE70C9902208D
:1033C00081F83500FFE70C99002081F83400FFE711
:1033D0000C9800681021C4F20201884200F081803C
:1033E000FFE70C9800682821C4F20201884278D0D7
:1033F000FFE70C9800684021C4F20201884270D0B7
:10340000FFE70C9800685821C4F20201884268D096
:10341000FFE70C9800687021C4F20201884260D076
:10342000FFE70C9800688821C4F20201884258D056
:10343000FFE70C980068A021C4F20201884250D036
:10344000FFE70C980068B821C4F20201884248D016
:10345000FFE70C98006840F21041C4F20201884274
:103460003FD0FFE70C98006840F22841C4F2020107
:10347000884236D0FFE70C98006840F24041C4F221
:10348000020188422DD0FFE70C98006840F25841B5
:10349000C4F20201884224D0FFE70C98006840F291
:1034A0007041C4F2020188421BD0FFE70C9800680B
:1034B00040F28841C4F20201884212D0FFE70C9822
:1034C000006840F2A041C4F20201884209D0FFE73F
:1034D0000C98006840F2B841C4F20201884207D15A
:1034E000FFE70C980168086820F00100086006E01A
:1034F0000C980168086820F001000860FFE7FFE70A
:103500000C9800680068C00798B1FFE702F0FCF86B
:103510000A99401A06280BD3FFE70C99202048652A
:103520000C99032081F8350001208DF837002BE33A
:10353000E6E70C98006800680B900B9848F23F0192
:10354000CFF6106108400B900C998868D1F80CC038
:103550000B694A6940EA0C00184310438A6910431A
:10356000CA691043096A01430B9808430B900C98F1
:10357000406A042808D1FFE70C99C86A096B014327
:103580000B9808430B90FFE70C984068292807D355
:10359000FFE70C98416801202F29069036D3FFE7FA
:1035A0000C9840683F2807D3FFE70C98416801203A
:1035B000432906902AD3FFE70C984068472807D391
:1035C000FFE70C9841680120492906901ED3FFE7C8
:1035D0000C9840684F2807D3FFE70C9841680120FA
:1035E0005329069012D3FFE70C98416800207429F4
:1035F000059008D3FFE70C9841680020782938BF70
:1036000001200590FFE705980690FFE70698C007A0
:1036100028B1FFE70B9840F480100B90FFE70B9860
:103620000C99096808600C98006840690B900B9829
:1036300020F007000B900C98416A0B9808430B9000
:103640000C98406A04281AD1FFE70C98816A0B98FD
:1036500008430B900C98C06A80B1FFE70C98FDF707
:1036600097FA50B1FFE70C99402048650C9901206A
:1036700081F835008DF8370086E2FFE7FFE70B9809
:103680000C99096848610C98FDF746F809900C9868
:10369000C06D00F01F013F2088400999886026E135
:1036A0000C980168012045F20842C5F602029142D9
:1036B00004904ED0FFE70C980168012045F21C42AF
:1036C000C5F602029142049043D0FFE70C980168CE
:1036D000012045F23042C5F602029142049038D0F2
:1036E000FFE70C980168012045F24442C5F602024A
:1036F000914204902DD0FFE70C980168012045F21B
:103700005842C5F602029142049022D0FFE70C987D
:103710000168012045F26C42C5F602029142049014
:1037200017D0FFE70C980168012045F28042C5F6EA
:103730000202914204900CD0FFE70C9800684AF610
:103740006C31CAF2FD710844B0FA80F0400904906F
:10375000FFE70498C007002800F0BD80FFE70C9841
:103760000168012045F20842C5F602029142039029
:103770004ED0FFE70C980168012045F21C42C5F6C7
:1037800002029142039043D0FFE70C9801680120A8
:1037900045F23042C5F602029142039038D0FFE76D
:1037A0000C980168012045F24442C5F6020291429C
:1037B00003902DD0FFE70C980168012045F2584294
:1037C000C5F602029142039022D0FFE70C980168EF
:1037D000012045F26C42C5F602029142039017D0D7
:1037E000FFE70C980168012045F28042C5F602020D
:1037F000914203900CD0FFE70C9800684AF66C31B8
:10380000CAF2FD710844B0FA80F040090390FFE766
:103810000398C00708B1FFE7FFE70C99022081F881
:103820003500FFE70C99002081F83400FFE70C9881
:10383000006800680B900B986FF310100B900C98B9
:103840008068402803D1FFE71020029008E00C9820
:1038500080688038B0FA80F0400980030290FFE76A
:1038600002980C99CA680B69D1F814C0D1F818E015
:10387000CC694EEA040E4CEA0E0C43EA0C031A43E0
:1038800040EAD200096A40EA11110B9808430B90F4
:103890000B980C99096808600C9908684AF6F83288
:1038A000CAF2FD7210444CF6CD42CCF6CC42A0FBDD
:1038B00002026FF0030000EA9200C8650C98FCF762
:1038C0002BFF08900C98C06D00F01F01012088406C
:1038D000089948600AE00C99402048650C9903203B
:1038E00081F8350001208DF837004DE1FFE70C9895
:1038F000016801201022C4F202029142019000F0FE
:103900000381FFE70C98016801202822C4F202021B
:103910009142019000F0F880FFE70C9801680120C7
:103920004022C4F202029142019000F0ED80FFE7D4
:103930000C98016801205822C4F2020291420190C1
:1039400000F0E280FFE70C98016801207022C4F2C9
:1039500002029142019000F0D780FFE70C980168C5
:1039600001208822C4F202029142019000F0CC8032
:10397000FFE70C9801680120A022C4F202029142E4
:10398000019000F0C180FFE70C9801680120B82287
:10399000C4F202029142019000F0B680FFE70C9859
:1039A0000168012040F21042C4F2020291420190EB
:1039B00000F0AA80FFE70C980168012040F228423D
:1039C000C4F202029142019000F09E80FFE70C9841
:1039D0000168012040F24042C4F20202914201908B
:1039E00000F09280FFE70C980168012040F25842F5
:1039F000C4F202029142019000F08680FFE70C9829
:103A00000168012040F27042C4F20202914201902A
:103A10007AD0FFE70C980168012040F28842C4F296
:103A20000202914201906FD0FFE70C9801680120DB
:103A300040F2A042C4F202029142019064D0FFE73A
:103A40000C980168012040F2B842C4F2020291428F
:103A5000019059D0FFE70C980168012045F2084217
:103A6000C5F60202914201904ED0FFE70C98016822
:103A7000012045F21C42C5F602029142019043D05A
:103A8000FFE70C980168012045F23042C5F60202BA
:103A90009142019038D0FFE70C980168012045F26F
:103AA0004442C5F60202914201902DD0FFE70C98E6
:103AB0000168012045F25842C5F602029142019088
:103AC00022D0FFE70C980168012045F26C42C5F650
:103AD00002029142019017D0FFE70C980168012083
:103AE00045F28042C5F60202914201900CD0FFE7F8
:103AF0000C9800684AF66C31CAF2FD710844B0FABD
:103B000080F040090190FFE70198C00790B3FFE7FC
:103B10000C98FCF7E9FE0C988068802804D1FFE738
:103B20000C9900204860FFE70C990879096E08603D
:103B30000C98416E806E48600C98406888B1FFE731
:103B40000C98406808280CD8FFE70C98FCF788FF11
:103B50000C98C16E002008600C98016F406F48609F
:103B600007E00C990020C8660C9908670C99486713
:103B7000FFE7FFE70C99002048650C9A012182F8C5
:103B800035108DF83700FFE79DF837000EB010BDF7
:103B900085B0039002910192039890F898008DF8F7
:103BA00003009DF80300012805D0FFE79DF80300FE
:103BB00002285DD1FFE7029803990968896D0842E0
:103BC00007D1FFE703980168C86D40F00100C865A0
:103BD00015E0029803990968896D084002998842A6
:103BE00007D1FFE703980168C86D40F00200C8657F
:103BF00004E0039801680320C865FFE7FFE79DF82C
:103C000009008007002809D5FFE7019A0398016899
:103C1000D1F8E0001043C1F8E000FFE79DF809008B
:103C20004007002809D5FFE7019A03980168D1F8F9
:103C3000E4001043C1F8E400FFE7FFE702984FF605
:103C4000FF71C3F6CF7100EA010203980168486D65
:103C500010434865029A4AF61401C4F2000108684C
:103C600040EA92700860FFE700208DF813000AE038
:103C70000399D1F89C0040F00200C1F89C0001209B
:103C80008DF81300FFE79DF8130005B070470000A2
:103C900080B586B00490039102920398406808B9F9
:103CA000FFE700E0FFE7049890F89800022845D16C
:103CB000FFE704980068D0F8C00010F07C5F0BD1DB
:103CC000FFE70499D1F89C0040F02000C1F89C0067
:103CD00001208DF817003CE004980068D0F8C4007B
:103CE000800200280BD5FFE70499D1F89C0040F42E
:103CF0000070C1F89C0001208DF8170029E004989D
:103D00000068D0F8C400C0F30440019004980399FF
:103D1000029A019BFDF734F90199012000FA01F1A3
:103D2000049A1268C2F8D010019988400499C1F829
:103D30009400FFE700208DF817000AE00499D1F8FD
:103D40009C0040F00800C1F89C0001208DF817008D
:103D5000FFE79DF8170006B080BD000000000000DE
:103D600082B00190009102B0704700000000000096
:103D700087B005900491059890F898008DF803009D
:103D80009DF80300012805D0FFE79DF803000228F5
:103D90006AD1FFE70498C068072801D1FFE7FFE771
:103DA0000498006878BBFFE70498C068072801D032
:103DB000FFE7FFE70498C06807280CD1FFE7049AE3
:103DC00010699169D269000440EA0220084340F07A
:103DD000605003900CE004998868CB680A694969CF
:103DE000800740EAC36040EA024008430390FFE7CF
:103DF0000598C06E0499496800EB81000190039812
:103E0000019908602CE00498C068072801D0FFE7FA
:103E1000FFE70498C168006940EA41700390049884
:103E2000C068072804D1FFE704988069029006E083
:103E300004988168406940EA81700290FFE7059824
:103E4000006F0499496800EBC10001900398019943
:103E50000860019804300190029801990860FFE71A
:103E600000208DF81B000AE00599D1F89C0040F075
:103E70000200C1F89C0001208DF81B00FFE79DF8AF
:103E80001B0007B07047000085B0DDF814C0039038
:103E9000029101920093039890F89800012812D1A2
:103EA000FFE702980001019940EA8100009940EA89
:103EB00041000599084303990968C1F88000002072
:103EC0008DF813000AE00399D1F89C0040F004003B
:103ED000C1F89C0001208DF81300FFE79DF8130046
:103EE00005B070470000000083B001900091019878
:103EF00090F8980001280ED1FFE701980068006A49
:103F000020F4702000990843019909680862002094
:103F10008DF80B000AE00199D1F89C0040F00400F4
:103F2000C1F89C0001208DF80B00FFE79DF80B0005
:103F300003B070470000000083B001900091019829
:103F400090F8980001280ED1FFE701980068006AF8
:103F500020F00300009908430199096808620020D5
:103F60008DF80B000AE00199D1F89C0040F00400A4
:103F7000C1F89C0001208DF80B00FFE79DF80B00B5
:103F800003B070470000000080B582B00190019836
:103F900040F20011C2F2004188420DD1FFE740F229
:103FA0008C21C2F20041086F01300867486E013071
:103FB000486609F039F9FFE702B080BD0000000053
:103FC00080B582B001900091019840F20011C2F2D8
:103FD000004188420AD1FFE740F28C21C2F2004141
:103FE000086F0130086709F01FF9FFE702B080BDD4
:103FF00083B00290019102980068406C0090009894
:1040000000F00700019908600098C0F302200199B0
:104010004860009800F01800019988600098C0F38B
:1040200040100199C8600098C0F3801001990861A0
:104030009DF80000C009019948610098C0F3C020B4
:10404000019988610098C0F300300199C861009817
:10405000C0F34030019908620098C0F380300199A4
:1040600048620098C0F3064001998862002003B0BE
:10407000704700000000000083B002900191019899
:10408000402808D1FFE702980068D0F8A40000F0AB
:104090007F00009007E002980068D0F8B40000F0BC
:1040A0007F000090FFE7009803B070470000000019
:1040B0008AB0089007910692059300200190089815
:1040C00090F898008DF803009DF80300022840F056
:1040D0005C81FFE70798402851D1FFE70898006806
:1040E000D0F8A00010F4FE0F0BD1FFE70899D1F82B
:1040F0009C0040F02000C1F89C0001208DF82700B2
:104100004EE108980068D0F8A400400658B9FFE7CF
:104110000899D1F89C0040F48070C1F89C000120FF
:104120008DF827003CE108980068D0F8A40000F062
:1041300080710120B0EB116F0DD1FFE70898006886
:10414000D0F8A0100120B0EBD17F03D1FFE7012010
:104150000190FFE7FFE708980068D0F8A40000F49A
:104160007C51019800EB112001900898426C406F3F
:104170000199514300EB81000490FFE770E007983C
:10418000412851D1FFE708980068D0F8B00010F43A
:10419000FE0F0BD1FFE70899D1F89C0040F02000FA
:1041A000C1F89C0001208DF82700F9E0089800680C
:1041B000D0F8B400400658B9FFE70899D1F89C0040
:1041C00040F48070C1F89C0001208DF82700E7E0E2
:1041D00008980068D0F8B40000F080710120B0EBBE
:1041E000116F0DD1FFE708980068D0F8B0100120DA
:1041F000B0EBD17F03D1FFE701200190FFE7FFE79C
:1042000008980068D0F8B40000F47C51019800EBE5
:10421000112001900898C26C806F0199514300EB06
:1042200081000490FFE71AE007980899096D884219
:104230000BD3FFE70899D1F89C0040F02000C1F8AB
:104240009C0001208DF82700AAE00898426DC06FFD
:104250000799514300EB81000490FFE7FFE7FFE778
:104260000498006800F0804006994860069840680D
:1042700038B9FFE704980068C0F38A4006990860DF
:1042800006E00498006820F0604006990860FFE7A7
:104290000498006800F0005006998860049800684F
:1042A00000F00040069908610498043004900498D6
:1042B00000880699C86104980068C0F30340069915
:1042C000C8600498006800F480100699486104985A
:1042D000006800F400100699886104980068C0F333
:1042E00006600699086204980068C00F0699486243
:1042F0000498043004900498039000200290FFE793
:1043000002980699CA6841F6A451C0F60101895C79
:1043100088420AD2FFE70398029A805C0599885484
:10432000FFE7029801300290EAE70798402806D19B
:10433000FFE7019808990968C1F8A80021E00798EB
:10434000412806D1FFE7019808990968C1F8B8002B
:1043500016E007981F2808D8FFE707990120884032
:1043600008990968C1F8980009E0079800F01F0152
:104370000120884008990968C1F89C00FFE7FFE721
:10438000FFE700208DF827000AE00899D1F89C008B
:1043900040F00800C1F89C0001208DF82700FFE7DD
:1043A0009DF827000AB0704786B0049003910498E6
:1043B00090F898008DF803009DF80300022840F063
:1043C0008480FFE704980068D0F8F00010F47C1FA8
:1043D0000BD1FFE70499D1F89C0040F02000C1F810
:1043E0009C0001208DF817007AE004980068D0F84E
:1043F000F400800658B9FFE70499D1F89C0040F416
:104400008070C1F89C0001208DF8170068E00498C6
:104410000068D0F8F400C0F3042001900498D0F8AC
:104420008000019900EBC10002900298006800F042
:104430008040039948600398406838B9FFE70298C4
:104440000068C0F38A400399086006E0029800689B
:1044500020F0604003990860FFE70298006800F0D0
:104460000050039988600298006800F000400399AA
:104470000861029804300290029800880399C8618C
:1044800002980068C0F303400399C860029800686E
:1044900000F48010039948610298006800F400104D
:1044A000039988610298006800F44000039948620B
:1044B0000298C07803990862019804990968C1F8C4
:1044C000F80000208DF817000AE00499D1F89C004C
:1044D00040F00800C1F89C0001208DF81700FFE7AC
:1044E0009DF8170006B0704782B0019001980068EF
:1044F000D0F8C40000F03F000090009802B0704770
:1045000081B0009001B0704780B594B013904AF626
:104510001000C4F200000068800712904AF61400F0
:10452000C4F200000168129800EA8170129013989A
:104530000068006D00F47040119013980068416DA0
:1045400011980840119013980068006D00F00F005A
:10455000109013980068416D1098084010901398BF
:104560000068006D00F0F0000F9013980068416D36
:104570000F9808400F9013980068006D00F071507C
:104580000E9013980068416D0E9808400E90139895
:104590000068006D00F060700D9013980068416D28
:1045A0000D9808400D9013980068406D0390139883
:1045B0000068006D01909DF80D00C007B8B1FFE7DD
:1045C0009DF80500C00788B1FFE7FFE71398016871
:1045D0004FF4807008654AF61001C4F20001002013
:1045E0000860FFE71398FFF78BFFFFE7FFE79DF8F1
:1045F0000D0000F004010020B0EB910F28D0FFE780
:104600009DF8050000F004010020B0EB910F1ED0D2
:10461000FFE713980068D0F8DC000B90139800684F
:10462000D0F8E4100B9808400B90FFE7139801684E
:104630004FF4806008654AF61001C4F200010020C2
:104640000860FFE713980B9900F066FDFFE7FFE7AE
:104650001298B8B1FFE7FFE712984FF6FF71C3F663
:10466000CF7108401399096808651298800F4AF6BF
:104670001001C4F200010860FFE713981299FFF7D8
:104680006FFBFFE71198B8B1FFE7FFE711984FF60E
:10469000FF71C3F6CF710840139909680865119836
:1046A000800F4AF61001C4F200010860FFE713987A
:1046B000119900F041FDFFE71098B8B1FFE7FFE75F
:1046C00010984FF6FF71C3F6CF710840139909682F
:1046D00008651098800F4AF61001C4F200010860C6
:1046E000FFE71398109900F053FCFFE70F98B8B15B
:1046F000FFE7FFE70F984FF6FF71C3F6CF71084051
:104700001399096808650F98800F4AF61001C4F2E2
:1047100000010860FFE713980F9900F0A5FCFFE780
:104720009DF80D0000F008010020B0EBD10F1BD068
:10473000FFE79DF8050000F008010020B0EBD10F65
:1047400011D0FFE7FFE7139801684FF40060086598
:104750004AF61001C4F2000100200860FFE7139838
:1047600000F0E2FDFFE7FFE79DF80D0000F0020119
:104770000020B0EB510F28D0FFE79DF8050000F0B6
:1047800002010020B0EB510F1ED0FFE71398006824
:10479000D0F8D8000C9013980068D0F8E0100C986E
:1047A00008400C90FFE7139801684FF4007008650B
:1047B0004AF61001C4F2000100200860FFE71398D8
:1047C0000C9900F0B1FCFFE7FFE79DF80E0000F048
:1047D00008010020B0EBD10F1BD0FFE79DF80600C9
:1047E00000F008010020B0EBD10F11D0FFE7FFE788
:1047F000139801684FF4002008654AF61001C4F2CE
:10480000000100200860FFE7139800F0BDFBFFE700
:10481000FFE79DF80E00C007B8B1FFE79DF806005E
:10482000C00788B1FFE7FFE7139801684FF48030B5
:1048300008654AF61001C4F2000100200860FFE795
:10484000139800F065FCFFE7FFE79DF80E0000F00D
:1048500004010020B0EB910F1BD0FFE79DF806008C
:1048600000F004010020B0EB910F11D0FFE7FFE74B
:10487000139801684FF4802008654AF61001C4F2CD
:10488000000100200860FFE7139800F03DFCFFE7FF
:10489000FFE79DF80E0000F002010020B0EB510F81
:1048A0001FD0FFE79DF8060000F002010020B0EBEA
:1048B000510F15D0FFE7FFE7139801684FF4003060
:1048C00008654AF61001C4F2000100200860FFE705
:1048D0001399D1F89C0040F08000C1F89C00FFE7DC
:1048E000FFE70D98B8B1FFE7FFE70D984FF6FF71AE
:1048F000C3F6CF7108401399096808650D98800FB9
:104900004AF61001C4F200010860FFE713980D9900
:10491000FFF756FBFFE70E98D0B1FFE7FFE70E98D1
:104920004FF6FF71C3F6CF71084013990968086507
:104930000E98800F4AF61001C4F200010860FFE7EC
:104940000E9A1399D1F89C001043C1F89C00FFE720
:10495000139800684AF20001C4F20001884240F056
:10496000B980FFE71398406880688007002800F04E
:10497000B080FFE713984068006A00F00F000A90CB
:1049800013984068416A0A9808400A901398406852
:10499000006A00F03000099013984068416A099855
:1049A0000840099013984068006A00F4C0700890AD
:1049B00013984068416A0898084008901398406826
:1049C000006A00F4FC40079013984068416A079819
:1049D0000840079013984068006A00F4F0200690A1
:1049E00013984068416A06980840069013984068FA
:1049F000406A029013984068006A00900A9848B193
:104A0000FFE70A9813994968086213980A9900F019
:104A100063FBFFE7099848B1FFE7099813994968D4
:104A200008621398099900F067FBFFE79DF80800FA
:104A300000F040010020B0EB911F1FD0FFE79DF870
:104A4000000000F040010020B0EB911F15D0FFE7FF
:104A500013984068C06B000C059013984068C06BB9
:104A600000F03F00049013984168402008621398BA
:104A70000599049A00F038FBFFE7FFE7089848B172
:104A8000FFE708981399496808621398089900F09D
:104A90001BFBFFE7079860B1FFE707981399496888
:104AA0000862079A1399D1F89C001043C1F89C0042
:104AB000FFE7069860B1FFE7069813994968086216
:104AC000069A1399D1F89C001043C1F89C00FFE7A7
:104AD000FFE7FFE71398D0F89C0020B1FFE7139899
:104AE000FFF752FAFFE714B080BD0000000000009D
:104AF00080B598B0169041F61051C0F6010101A89A
:104B00004C22FBF726FD169820B9FFE701208DF80F
:104B10005F00D9E1169800684AF20001C4F2000172
:104B2000884206D1FFE71699086800F58070486052
:104B3000FFE716988068B0F5407F01D1FFE7FFE7F7
:104B40001698006C08B1FFE7FFE71698806C08B173
:104B5000FFE7FFE71698006D08B1FFE7FFE716983B
:104B6000006E08B1FFE7FFE71699C86D096E0844AB
:104B700008B1FFE7FFE7169890F8980040B9FFE703
:104B80001699002081F89900169800F0A1F9FFE726
:104B900016980168886920F01000886100F0B4FD63
:104BA0001590FFE71698006880690007002817D560
:104BB000FFE700F0A9FD1599401A0B280FD3FFE776
:104BC0001699D1F89C0040F00100C1F89C0016999C
:104BD000032081F8980001208DF85F0074E1E1E77F
:104BE00016980168886940F00100886100F08CFD2A
:104BF0001590FFE7169800688069C007B8B9FFE70D
:104C000000F082FD1599401A0B280FD3FFE7169983
:104C1000D1F89C0040F00100C1F89C0016990320D7
:104C200081F8980001208DF85F004DE1E2E71698C9
:104C30000168886940F0020088611698007C0128AC
:104C400007D1FFE716980168886920F04000886165
:104C500006E016980168886940F040008861FFE727
:104C60001698407C012807D1FFE7169801688869EB
:104C700040F48040886106E016980168886920F455
:104C800080408861FFE71698807C012807D1FFE704
:104C900016980168886920F48050886106E01698AB
:104CA0000168886940F480508861FFE716980068C1
:104CB000806920F44070169A1168926810438861E8
:104CC00016980168886920F0A40088611698016828
:104CD000086920F0100008611698C068012807D103
:104CE000FFE716980168886940F0040088612BE0AE
:104CF0001698C06830B3FFE71698C068022819D02C
:104D0000FFE716980168886940F08000886116986E
:104D10000168086940F0100008611698C06803280F
:104D200007D1FFE716980168886940F02000886184
:104D3000FFE706E016980168886940F02000886166
:104D4000FFE700E0FFE7FFE7169A116853699069F3
:104D5000D2F81CE0A0F1010C6FF0FF0000EB0E2078
:104D600040EA4C60126A013A10430022CFF6FF720B
:104D700002EB03421043C86116988068B0F5407F8B
:104D80001CD1FFE7169A1168536A906AD2F82CE09A
:104D900001386FF0FF0C0CEB0E2C40EA0C00D2F83F
:104DA00030C06FF00F0202EB0C1210430022CFF65E
:104DB000FF7202EB03421043C860FFE71698006ED3
:104DC00048B1FFE716980168426ED1F8C000104361
:104DD000C1F8C000FFE71699C86D096E084480B19C
:104DE000FFE716980068D0F8C80020F00700169A70
:104DF0001168936E01AA52F823201043C1F8C8002D
:104E0000FFE71698006C80B1FFE716980068D0F8AD
:104E1000BC0020F00700169A1168536C01AA52F8E2
:104E200023201043C1F8BC00FFE71698806C88B1BE
:104E3000FFE716980068D0F8BC0020F07000169AC2
:104E40001168D36C01AA52F8232040EA0210C1F87D
:104E5000BC00FFE71698006D88B1FFE71698006860
:104E6000D0F8BC0020F4E060169A1168536D01AAD6
:104E700052F8232040EA0220C1F8BC00FFE7169850
:104E800000684AF20001C4F20001884207D1FFE73E
:104E900016984168886820F003008860FFE716993B
:104EA0000020C1F894001699C1F89C0016990120C1
:104EB00081F898001698FBF7FFFE8DF853009DF8D7
:104EC00053008DF85F00FFE79DF85F0018B080BDCC
:104ED00080B58CB00B9000200A9009900890079044
:104EE00006900B9800684DF20041C4F20001884220
:104EF00001D0FFE744E0FFE744F2EC40C5F60200D2
:104F0000016841F480710160006800F480700590D0
:104F10000598FFE7FFE744F2E040C5F602000168AC
:104F200041F008010160006800F008000490049856
:104F3000FFE74FF4405006900220079000200290B7
:104F4000089003200990052001900A9040F6004047
:104F5000C5F6020006A900F0EBF90199029A9F201C
:104F6000009000F0BDFC009800F0AEFC0199029AA0
:104F7000A020039000F0B4FC039800F0A5FCFFE72C
:104F80000CB080BD0000000081B0009001B07047FF
:104F900080B594B013901291139840F20011C2F2B0
:104FA0000041884207D1FFE740F2A010C2F20000A2
:104FB000006808B9FFE754E0FFE740F20010C2F2D2
:104FC00000404021FFF758F800284AD0FFE708A822
:104FD00003902821FBF719FB039A40F20010C2F25C
:104FE0000040402106ABFFF763F840B1FFE740F215
:104FF0008C21C2F20041486E0130486631E0BDF8B4
:1050000020000AF03DFC8DF81700BDF83C0002902E
:105010000BF046F9014602980BF0FEF804909DF85B
:105020001700FF281CD0FFE740F2A010C2F20000DA
:105030000068BDF82010049A6B461A6006AA08237F
:105040000AF06AFC60B1FFE79DF8171040F28C206F
:10505000C2F2004000EB8101086B01300863FFE7FA
:10506000ABE714B080BD000082B00190009102B0A7
:10507000704700000000000082B00090009890F897
:105080009800012811D1FFE70099022081F89800CB
:1050900000980168886920F001008861009900206B
:1050A000C1F89C008DF807000AE00099D1F89C0037
:1050B00040F00400C1F89C0001208DF80700FFE7D4
:1050C0009DF8070002B0704782B00190009102B0D5
:1050D000704700000000000082B00190009102B013
:1050E000704700000000000083B002900191009220
:1050F00003B070470000000082B00190009102B040
:10510000704700000000000081B0009001B07047BF
:1051100081B0009001B0704782B00190009102B060
:10512000704700000000000082B00190009102B0C2
:10513000704700000000000080B594B013901291F9
:10514000139840F20011C2F20041884201D0FFE7FB
:10515000E8E09DF849000006002808D5FFE740F286
:105160008C21C2F20041886E01308866FFE7FFE7BC
:1051700040F20010C2F200400068D0F8F40080064F
:10518000002800F0CF80FFE708A801902821FBF756
:105190003CFA019940F20010C2F20040FFF704F916
:1051A00040B1FFE740F28C21C2F20041486E01306D
:1051B0004866B7E09DF840000AF09EFD079007980A
:1051C000B0F1FF3F08DCFFE740F28C21C2F2004162
:1051D000C86E0130C866CBE70BF062F80690BDF8E8
:1051E0003C0006990BF018F805900598079901EB1B
:1051F000810245F63C11C2F2004101EBC20149684F
:10520000401A0490049840F28C21C2F20041486791
:105210000498896F884207D9FFE7049840F28C21EF
:10522000C2F200418867FFE7079800EB800145F66E
:105230003C10C2F2004000EBC100007A8DF80F0074
:105240009DF80F1040F27610C2F20000405CC007DB
:1052500060B3FFE705989DF80F2045F62011C2F2D4
:10526000004151F82210401A029002989DF80F2038
:1052700040F28C21C2F2004101EB8202D067029819
:105280009DF80F2001EB8201D1F8941088420CD9CF
:10529000FFE702989DF80F2040F28C21C2F20041F6
:1052A00001EB8201C1F89400FFE7FFE705989DF844
:1052B0000F2045F62011C2F2004141F822009DF86E
:1052C0000F2040F27611C2F200010120885440F212
:1052D000A010C2F200000068079901EB810245F6B8
:1052E0003C11C2F2004101EBC2010831059A0AF0FB
:1052F00097FB60B1FFE79DF80F1040F28C20C2F2DF
:10530000004000EB8101886901308861FFE7079860
:1053100000EB800245F63C11C2F20041002001F88A
:10532000320025E714B080BD81B0009001B0704715
:105330008FB00E900D9100200C908020C5F60000DB
:105340000990FFE70D9800680C99C840002800F00C
:10535000C181FFE70D9800680C9A01219140084037
:105360000B900B98002800F0B181FFE70D98406882
:1053700000F00300012807D0FFE70D98406800F017
:10538000030002282FD1FFE70E9880680A900C983E
:105390004100032000FA01F10A9888430A900D9811
:1053A000C0680C99490000FA01F10A9808430A9074
:1053B0000A980E9988600E9840680A900C9901200E
:1053C00000FA01F10A9888430A900D984068C0F3EA
:1053D00000100C9900FA01F10A9808430A900A9803
:1053E0000E994860FFE70D98406800F0030003281D
:1053F00018D0FFE70E98C0680A900C98410003206F
:1054000000FA01F10A9888430A900D9880680C9977
:10541000490000FA01F10A9808430A900A980E9987
:10542000C860FFE70D98406800F00300022826D10D
:10543000FFE70E980C996FF0030202EA510108444D
:10544000006A0A900C9800F0070081000F2000FA13
:1054500001F10A9888430A900D9800690C9901F0AF
:105460000701890000FA01F10A9808430A900A9896
:105470000E990C9B02EA530211440862FFE70E9852
:1054800000680A900C984100032000FA01F10A9884
:1054900088430A900D98406800F003000C99490079
:1054A00000FA01F10A9808430A900A980E990860D8
:1054B0000D9880798007002800F00781FFE7FFE75B
:1054C00044F2F440C5F60200016841F002010160B7
:1054D000006800F0020008900898FFE70C9820F0A0
:1054E000030040F20841C5F6000140580A900C98AC
:1054F00000F0030081000F2000FA01F10A988843B0
:105500000A900E980021C5F60201884203D1FFE7F8
:10551000002007906CE00E9840F20041C5F60201B1
:10552000884203D1FFE7012006905EE00E9840F626
:105530000001C5F60201884203D1FFE70220059071
:1055400050E00E9840F60041C5F60201884203D1B2
:10555000FFE70320049042E00E9841F20001C5F6F7
:105560000201884203D1FFE70420039034E00E9843
:1055700041F20041C5F60201884203D1FFE7052050
:10558000029026E00E9841F60001C5F6020188421D
:1055900003D1FFE70620019018E00E9841F6004184
:1055A000C5F60201884203D1FFE7072000900AE018
:1055B0000E9942F20042C5F602020A20914208BF4B
:1055C00009200090FFE700980190FFE70198029002
:1055D000FFE702980390FFE703980490FFE7049821
:1055E0000590FFE705980690FFE706980790FFE70C
:1055F00007980C9901F00301890000FA01F10A985B
:1056000008430A900A980C9921F0030140F20842DD
:10561000C5F6000288504FF0B04000680A900B9920
:105620000A9888430A900D988079C006002805D50D
:10563000FFE70B990A9808430A90FFE70A984FF092
:10564000B04108600420C5F6000000680A900B997C
:105650000A9888430A900D9880798006002805D51D
:10566000FFE70B990A9808430A90FFE70A9804217C
:10567000C5F600010860099840680A900B990A98DD
:1056800088430A900D9880798007002805D5FFE7A8
:105690000B990A9808430A90FFE70A98099948600D
:1056A000099800680A900B990A9888430A900D9807
:1056B0008079C00728B1FFE70B990A9808430A9040
:1056C000FFE70A9809990860FFE7FFE70C980130A7
:1056D0000C9037E60FB0704782B00190ADF8021021
:1056E0008DF801209DF8010028B1FFE7BDF8020008
:1056F0000199886105E0BDF8020000040199886104
:10570000FFE702B07047000048F24020C2F20000FC
:10571000006870470000000040F20400C2F2000080
:10572000027848F24021C2F2000108681044086083
:10573000704700000000000080B582B0032000F038
:10574000E7F801F0E1FE44F21842C5F602021168E2
:10575000C1F3032341F69451C0F60101CB5C03F081
:105760001F03D84000900098126802F00F02895C75
:1057700001F01F01C84040F20001C2F200010860C0
:10578000009840F20001C2F2004108600F2000F0D2
:1057900013F820B1FFE701208DF8070005E000F0C5
:1057A00077F800208DF80700FFE79DF8070002B0AA
:1057B00080BD00000000000080B590B00E900E98F3
:1057C0000F2810D8FFE70E991C200090002200F04F
:1057D00087F8009800F078F80E9840F20401C2F2C1
:1057E0000041086003E001208DF83F004CE0FFE736
:1057F00044F2E840C5F60200016841F00101016091
:10580000006800F0010001900198FFE706A802A9D6
:1058100001F0E2FD0B980490049820B9FFE701F035
:105820004BFE059004E001F047FE40000590FFE7C5
:1058300005984DF68361C4F21B31A0FB01014FF0C6
:10584000FF3000EB9140039040F26800C2F200008C
:105850004FF08041016040F2E731C160039941603F
:1058600000210161816002F0B3FD48B9FFE740F219
:105870006800C2F2000002F0D3FE8DF83F0003E0A2
:1058800001208DF83F00FFE79DF83F0010B080BD7C
:1058900080B582B0FFE744F2F440C5F6020001682B
:1058A00041F002010160006800F0020001900198DF
:1058B000FFE76FF001000F21002200F011F802B0A5
:1058C00080BD00000000000080B582B0ADF8060089
:1058D000BDF9060005F070FE02B080BD00000000BA
:1058E00080B586B0ADF816000491039205F07CFEF9
:1058F0000290BDF91600019002980499039A04F0F1
:10590000ABF90146019805F077FE06B080BD0000B6
:1059100080B582B00190019805F092FE02B080BD82
:1059200080B584B0029044F60C00C5F60200006811
:1059300000F004010020B0EB910F13D1FFE744F613
:105940000C00C5F60200006800F0070002998842CA
:1059500004D0FFE701208DF80F002EE000208DF825
:105960000F002AE044F60C01C5F60201086820F099
:105970000700029A10430860FFF7C6FE0190FFE798
:1059800044F60400C5F60200006800F4005100204F
:10599000B0EB513F0DD1FFE7FFF7B6FE0199401A7A
:1059A000B0F57A7F04D9FFE701208DF80F0004E0FD
:1059B000E6E700208DF80F00FFE79DF80F0004B028
:1059C00080BD00000000000080B501F049FD44F2F8
:1059D0002041C5F602010968C1F3021241F6945153
:1059E000C0F60101895C01F01F01C84080BD0000C4
:1059F00088B0079044F22840C5F60200016801F023
:105A0000030106910068C0F30530059044F22C4074
:105A1000C5F602000068C0F300100490049844F238
:105A20003C41C5F60201096889B2C908484300EE45
:105A3000100AB8EE400A8DED020A0598002800F021
:105A40001B81FFE70698009048B1FFE70098012806
:105A500069D0FFE70098022800F08980ABE044F2AB
:105A60000040C5F60200006800F020010020B0EB05
:105A7000511F33D0FFE744F20040C5F60200006832
:105A8000C0F3C10149F20000C0F2D030C840039019
:105A90009DED030AB8EE400A9DED051AB8EE411AD5
:105AA00080EE010A44F23840C5F6020000686FF348
:105AB0005F2001EE100AB8EE411A9DED022A9FED1B
:105AC000743A82EE032A31EE021AB7EE002A31EE62
:105AD000021A20EE010A8DED010A23E09DED050A70
:105AE000B8EE401A9FED6C0A80EE010A44F238408D
:105AF000C5F6020000686FF35F2001EE100AB8EEF1
:105B0000411A9DED022A9FED623A82EE032A31EEA0
:105B1000021AB7EE002A31EE021A20EE010A8DEDCC
:105B2000010AFFE76BE09DED050AB8EE401A9FED14
:105B3000590A80EE010A44F23840C5F602000068B6
:105B40006FF35F2001EE100AB8EE411A9DED022AB4
:105B50009FED4F3A82EE032A31EE021AB7EE002A89
:105B600031EE021A20EE010A8DED010A47E09DEDAB
:105B7000050AB8EE401A9FED450A80EE010A44F28C
:105B80003840C5F6020000686FF35F2001EE100A8E
:105B9000B8EE411A9DED022A9FED3D3A82EE032AAE
:105BA00031EE021AB7EE002A31EE021A20EE010A97
:105BB0008DED010A23E09DED050AB8EE401A9FED38
:105BC000350A80EE010A44F23840C5F6020000684A
:105BD0006FF35F2001EE100AB8EE411A9DED022A24
:105BE0009FED2B3A82EE032A31EE021AB7EE002A1D
:105BF00031EE021A20EE010A8DED010AFFE79DED5C
:105C0000010A44F23840C5F60200016889B2490A27
:105C100001EE101AB8EE411AB7EE002A31EE021A60
:105C200080EE010A0799BCEEC00A81ED000A9DEDE5
:105C3000010A0168C1F3064101EE101AB8EE411ADB
:105C400031EE021A80EE010A0799BCEEC00A81ED1E
:105C5000010A9DED010A0068C0F3066001EE100A1A
:105C6000B8EE411A31EE021A80EE010A0798BCEE36
:105C7000C00A80ED020A07E0079900200860079932
:105C8000486007998860FFE708B07047001BB74B72
:105C9000000000460024744A0024744C00000000F8
:105CA00088B0079044F22840C5F60200016801F070
:105CB000030106910068C0F30550059044F22C40A2
:105CC000C5F602000068C0F300200490049844F276
:105CD0004441C5F60201096889B2C908484300EE8B
:105CE000100AB8EE400A8DED020A0598002800F06F
:105CF0001B81FFE70698009048B1FFE70098012854
:105D000069D0FFE70098022800F08980ABE044F2F8
:105D10000040C5F60200006800F020010020B0EB52
:105D2000511F33D0FFE744F20040C5F6020000687F
:105D3000C0F3C10149F20000C0F2D030C840039066
:105D40009DED030AB8EE400A9DED051AB8EE411A22
:105D500080EE010A44F24040C5F6020000686FF38D
:105D60005F2001EE100AB8EE411A9DED022A9FED68
:105D7000743A82EE032A31EE021AB7EE002A31EEAF
:105D8000021A20EE010A8DED010A23E09DED050ABD
:105D9000B8EE401A9FED6C0A80EE010A44F24040D2
:105DA000C5F6020000686FF35F2001EE100AB8EE3E
:105DB000411A9DED022A9FED623A82EE032A31EEEE
:105DC000021AB7EE002A31EE021A20EE010A8DED1A
:105DD000010AFFE76BE09DED050AB8EE401A9FED62
:105DE000590A80EE010A44F24040C5F602000068FC
:105DF0006FF35F2001EE100AB8EE411A9DED022A02
:105E00009FED4F3A82EE032A31EE021AB7EE002AD6
:105E100031EE021A20EE010A8DED010A47E09DEDF8
:105E2000050AB8EE401A9FED450A80EE010A44F2D9
:105E30004040C5F6020000686FF35F2001EE100AD3
:105E4000B8EE411A9DED022A9FED3D3A82EE032AFB
:105E500031EE021AB7EE002A31EE021A20EE010AE4
:105E60008DED010A23E09DED050AB8EE401A9FED85
:105E7000350A80EE010A44F24040C5F6020000688F
:105E80006FF35F2001EE100AB8EE411A9DED022A71
:105E90009FED2B3A82EE032A31EE021AB7EE002A6A
:105EA00031EE021A20EE010A8DED010AFFE79DEDA9
:105EB000010A44F24040C5F60200016889B2490A6D
:105EC00001EE101AB8EE411AB7EE002A31EE021AAE
:105ED00080EE010A0799BCEEC00A81ED000A9DED33
:105EE000010A0168C1F3064101EE101AB8EE411A29
:105EF00031EE021A80EE010A0799BCEEC00A81ED6C
:105F0000010A9DED010A0068C0F3066001EE100A67
:105F1000B8EE411A31EE021A80EE010A0798BCEE83
:105F2000C00A80ED020A07E007990020086007997F
:105F3000486007998860FFE708B07047001BB74BBF
:105F4000000000460024744A0024744C0000000045
:105F500080B59AB0189000208DF857008DF8560043
:105F60001898C0780007002848D5FFE71898406EB9
:105F7000149078B1FFE71498B0F5801F13D0FFE7B5
:105F80001498B0F5001F16D0FFE71498B0F5401F25
:105F900019D019E044F22C41C5F60201086840F41A
:105FA0000030086014E018980830022103F0ECFE7D
:105FB0008DF857000CE018982830022103F0CCFF30
:105FC0008DF8570004E003E001208DF85700FFE74B
:105FD0009DF8570060B9FFE744F25041C5F6020151
:105FE000086820F44010189A526E1043086004E0CC
:105FF0009DF857008DF85600FFE7FFE718984078A6
:10600000C007002840D0FFE71898806D139004283F
:1060100020D81399DFE801F0030C141C1D0044F292
:106020002C41C5F60201086840F40030086015E014
:1060300018980830002103F0A7FE8DF857000DE0F6
:1060400018982830002103F087FF8DF8570005E0ED
:1060500004E003E001208DF85700FFE79DF85700AA
:1060600060B9FFE744F25041C5F60201086820F02C
:106070000700189A926D1043086004E09DF85700DD
:106080008DF85600FFE7FFE7189840784007002892
:1060900056D5FFE71898D0F8A4001290C8B1FFE7D2
:1060A0001298B0F5001F1DD0FFE71298B0F5800FD1
:1060B00020D0FFE71298B0F5C00F23D0FFE7129869
:1060C000B0F5000F1FD0FFE71298B0F5200F1BD0DE
:1060D0001BE044F22C41C5F60201086840F4003090
:1060E000086016E018980830002103F04DFE8DF886
:1060F00057000EE018982830002103F02DFF8DF88E
:10610000570006E005E004E003E001208DF85700A9
:10611000FFE79DF8570068B9FFE744F25841C5F61C
:106120000201086820F46000189AD2F8A4201043F5
:10613000086004E09DF857008DF85600FFE7FFE780
:10614000189840780007002856D5FFE71898D0F82F
:10615000A8001190C8B1FFE71198B0F1807F1DD061
:10616000FFE71198B0F1007F20D0FFE71198B0F160
:10617000407F23D0FFE71198B0F1806F1FD0FFE779
:106180001198B0F1A06F1BD01BE044F22C41C5F672
:106190000201086840F40030086016E018980830E2
:1061A000002103F0F1FD8DF857000EE0189828301B
:1061B000002103F0D1FE8DF8570006E005E004E071
:1061C00003E001208DF85700FFE79DF8570068B9FC
:1061D000FFE744F25841C5F60201086820F0E0608C
:1061E000189AD2F8A8201043086004E09DF85700E0
:1061F0008DF85600FFE7FFE71898C0788007002861
:106200003ED5FFE71898C06C1090F0B1FFE71098EA
:10621000102808D0FFE7109820280DD0FFE710982D
:10622000302811D012E044F22C41C5F60201086872
:1062300040F4003008600DE018980830022103F0A7
:10624000A3FD8DF8570005E004E003E001208DF880
:106250005700FFE79DF8570060B9FFE744F24C4153
:10626000C5F60201086820F03000189AD26C10437D
:10627000086004E09DF857008DF85600FFE7FFE73F
:1062800018984078C00600284ED5FFE71898C06DD2
:106290000F90A0B1FFE70F98B0F5805F18D0FFE72F
:1062A0000F98B0F5005F1BD0FFE70F98B0F5405F87
:1062B0001ED0FFE70F98B0F5804F1AD01AE044F2D5
:1062C0002C41C5F60201086840F40030086015E072
:1062D00018980830002103F057FD8DF857000DE0A5
:1062E00018982830002103F037FE8DF8570005E09C
:1062F00004E003E001208DF85700FFE79DF8570008
:1063000060B9FFE744F25041C5F60201086820F485
:10631000E040189AD26D1043086004E09DF85700E1
:106320008DF85600FFE7FFE71898407880060028B0
:106330004CD5FFE71898006E0E90C8B1FFE70E9895
:10634000B0F5803F15D0FFE70E98B0F5003F18D0AC
:10635000FFE70E98B0F5403F1BD0FFE70E98B0F571
:10636000802F17D0FFE70E98B0F5A02F13D013E0C1
:1063700016E018980830012103F006FD8DF857004B
:106380000EE018982830012103F0E6FD8DF8570043
:1063900006E005E004E003E001208DF85700FFE788
:1063A0009DF8570060B9FFE744F25041C5F602017D
:1063B000086820F4E020189A126E1043086004E088
:1063C0009DF857008DF85600FFE7FFE718984078D2
:1063D000400600284ED5FFE71898D0F8AC000D9085
:1063E000C8B1FFE70D98B0F1805F15D0FFE70D98B9
:1063F000B0F1005F18D0FFE70D98B0F1405F1BD0FF
:10640000FFE70D98B0F1804F17D0FFE70D98B0F17E
:10641000A04F13D013E016E018980830012103F0C4
:10642000B3FC8DF857000EE018982830012103F0D6
:1064300093FD8DF8570006E005E004E003E001203D
:106440008DF85700FFE79DF8570068B9FFE744F261
:106450005841C5F60201086820F0E040189AD2F8C9
:10646000AC201043086004E09DF857008DF85600FA
:10647000FFE7FFE718984078000600283BD5FFE7C4
:106480001898C06E0C90D8B1FFE70C98B0F1805FFF
:1064900005D0FFE70C98B0F1005F09D011E044F29D
:1064A0002C41C5F60201086840F4003008600CE099
:1064B00018980830012103F067FC8DF8570004E0BC
:1064C00003E001208DF85700FFE79DF8570060B901
:1064D000FFE744F25041C5F60201086820F0405041
:1064E000189AD26E1043086004E09DF857008DF8AA
:1064F0005600FFE7FFE71898C078C007002837D09C
:10650000FFE71898806C0B90032817D80B99DFE8E9
:1065100001F014020B1344F22C41C5F60201086885
:1065200040F4003008600DE018980830022103F0B4
:106530002BFC8DF8570005E004E003E001208DF806
:106540005700FFE79DF8570060B9FFE744F24C4160
:10655000C5F60201086820F00300189A926C1043F7
:10656000086004E09DF857008DF85600FFE7FFE74C
:10657000189880784006002840F1B480FFE744F680
:106580000001C5F60201086840F480700860FFF75A
:10659000BBF81690FFE744F60000C5F6020000685D
:1065A000C00500280CD4FFE7FFF7AEF81699401A93
:1065B000652804D3FFE703208DF8570000E0EAE7E1
:1065C0009DF85700002840F08780FFE744F27040B4
:1065D000C5F60200006800F440701899D1F8B010B8
:1065E00001F44071884213D0FFE744F27041C5F6D0
:1065F0000201086820F440701790086840F4803069
:106600000860086820F48030086017980860FFE789
:106610001898D0F8B000B0F5807F1FD1FFE7FFF7E2
:1066200073F81690FFE744F27040C5F60200006868
:1066300000F002010020B0EB510F0ED1FFE7FFF791
:1066400063F81699401A41F28931884204D3FFE772
:1066500003208DF8570000E0E5E7FFE79DF85700BD
:10666000A0BBFFE7FFE71898D0F8B00000F4407037
:10667000B0F5407F13D1FFE744F21041C5F60201A7
:10668000086820F47C50189AD2F8B0204FF6F043F6
:10669000C0F6FF731A4040EA1210086008E044F2A6
:1066A0001041C5F60201086820F47C500860FFE73D
:1066B0001898D0F8B0206FF31F3244F27041C5F63D
:1066C0000201086810430860FFE704E09DF85700E6
:1066D0008DF85600FFE704E09DF857008DF856004E
:1066E000FFE7FFE718980068C007002800F04C801B
:1066F000FFE71898806F0A9028282BD80A99DFE8BE
:1067000001F0152929292929292916292929292981
:1067100029291E29292929292929262929292929F7
:1067200029292729292929292929280016E0189803
:106730000830012103F028FB8DF857000EE018986F
:106740002830012103F008FC8DF8570006E005E031
:1067500004E003E001208DF85700FFE79DF85700A3
:1067600060B9FFE744F25441C5F60201086820F021
:106770003800189A926F1043086004E09DF85700A3
:106780008DF85600FFE7FFE718980078800700288B
:1067900039D5FFE71898406F0990052819D809994D
:1067A000DFE801F003040C14151616E01898083001
:1067B000012103F0E9FA8DF857000EE0189828300F
:1067C000012103F0C9FB8DF8570006E005E004E065
:1067D00003E001208DF85700FFE79DF8570060B9EE
:1067E000FFE744F25441C5F60201086820F00700B3
:1067F000189A526F1043086004E09DF857008DF816
:106800005600FFE7FFE718980078400700283BD5BF
:10681000FFE71898D0F890000890052819D8089933
:10682000DFE801F003040C14151616E01898083080
:10683000012103F0A9FA8DF857000EE018982830CE
:10684000012103F089FB8DF8570006E005E004E024
:1068500003E001208DF85700FFE79DF8570068B965
:10686000FFE744F25841C5F60201086820F007002E
:10687000189AD2F890201043086004E09DF8570061
:106880008DF85600FFE7FFE718980078800600288B
:106890004ED5FFE71898D0F88C000790C8B1FFE7F5
:1068A0000798B0F1805F15D0FFE70798B0F1005F5F
:1068B00018D0FFE70798B0F1405F1BD0FFE70798BB
:1068C000B0F1804F17D0FFE70798B0F1A04F13D079
:1068D00013E016E018980830002103F055FA8DF8FF
:1068E00057000EE018982830022103F035FB8DF890
:1068F000570006E005E004E003E001208DF85700B2
:10690000FFE79DF8570068B9FFE744F25441C5F628
:106910000201086820F0E040189AD2F88C20104359
:10692000086004E09DF857008DF85600FFE7FFE788
:1069300018980078400600284ED5FFE71898D0F840
:1069400098000690C8B1FFE70698B0F5806F15D0A3
:10695000FFE70698B0F5006F18D0FFE70698B0F58E
:10696000406F1BD0FFE70698B0F5805F17D0FFE7B8
:106970000698B0F5A05F13D013E016E01898083021
:10698000002103F001FA8DF857000EE01898283026
:10699000022103F0E1FA8DF8570006E005E004E07B
:1069A00003E001208DF85700FFE79DF8570068B914
:1069B000FFE744F25841C5F60201086820F4E050B0
:1069C000189AD2F898201043086004E09DF8570008
:1069D0008DF85600FFE7FFE71898007800060028BA
:1069E0004ED5FFE71898D0F89C000590C8B1FFE796
:1069F0000598B0F5005F15D0FFE70598B0F5804F1A
:106A000018D0FFE70598B0F5C04F1BD0FFE70598F9
:106A1000B0F5004F17D0FFE70598B0F5204F13D021
:106A200013E016E018980830002103F0ADF98DF856
:106A300057000EE018982830022103F08DFA8DF8E7
:106A4000570006E005E004E003E001208DF8570060
:106A5000FFE79DF8570068B9FFE744F25841C5F6D3
:106A60000201086820F46040189AD2F89C20104374
:106A7000086004E09DF857008DF85600FFE7FFE737
:106A8000189800780007002820D5FFE71898D0F85C
:106A90008000B0F5805F0CD1FFE718982830022104
:106AA00003F05AFA20B1FFE701208DF85600FFE706
:106AB000FFE744F25441C5F60201086820F4405053
:106AC000189AD2F8802010430860FFE718980078E1
:106AD000C006002820D5FFE71898D0F89400B0F53C
:106AE000807F0CD1FFE718982830022103F034FA98
:106AF00020B1FFE701208DF85600FFE7FFE744F2E1
:106B00005841C5F60201086820F44070189AD2F87E
:106B1000942010430860FFE7189880780007002849
:106B20003CD5FFE71898D0F8A000049050B1FFE7DB
:106B30000498B0F5803F0DD0FFE70498B0F5003F12
:106B400010D010E018980830002103F01DF98DF8DE
:106B500057000CE018982830022103F0FDF98DF859
:106B6000570004E003E001208DF85700FFE79DF88F
:106B7000570068B9FFE744F25841C5F602010868BA
:106B800020F44030189AD2F8A0201043086004E0A6
:106B90009DF857008DF85600FFE7FFE718988078BA
:106BA000400700283FD5FFE71898D0F884000390ED
:106BB000B0F5801F0AD0FFE70398B0F5001F0ED094
:106BC000FFE70398B0F5401F11D011E044F22C41CB
:106BD000C5F60201086840F4003008600CE018981F
:106BE0002830012103F0B8F98DF8570004E003E0E4
:106BF00001208DF85700FFE79DF8570068B9FFE7BF
:106C000044F25441C5F60201086820F44010189A75
:106C1000D2F884201043086004E09DF857008DF8F6
:106C20005600FFE7FFE718988078C007A8B3FFE792
:106C30001898006D029028B1FFE70298B0F5803FE8
:106C400009D010E044F22C41C5F60201086840F476
:106C5000003008600BE018980830022103F094F827
:106C60008DF8570003E001208DF85700FFE79DF8ED
:106C7000570060B9FFE744F24C41C5F602010868CD
:106C800020F48030189A126D1043086004E09DF8DB
:106C900057008DF85600FFE7FFE71898C078800688
:106CA00000280CD5FFE718982830022103F054F98A
:106CB00020B1FFE701208DF85600FFE7FFE71898A5
:106CC0008078800700283AD5FFE71898C06F0190B8
:106CD000D0B1FFE70198B0F5807F0AD0FFE70198B7
:106CE000B0F5007F0ED0FFE70198B0F5407F0AD0E5
:106CF0000BE044F22C41C5F60201086840F4003074
:106D0000086006E005E004E003E001208DF857008C
:106D1000FFE79DF8570060B9FFE744F25441C5F61C
:106D20000201086820F44070189AD26F104308607E
:106D300004E09DF857008DF85600FFE7FFE718982C
:106D40008078C00600280CD5FFE744F25041C5F614
:106D50000201086820F00040189A126F1043086082
:106D6000FFE718988078800600280CD5FFE744F2EA
:106D70005041C5F60201086820F08070189A926EA2
:106D800010430860FFE71898C0784006002811D526
:106D9000FFE7FFE744F21041C5F60201086820F45E
:106DA000004008601898D0F8B420086810430860C4
:106DB000FFE7FFE71898C078000600280CD5FFE72A
:106DC00044F24C41C5F60201086820F04050189A80
:106DD000526D10430860FFE718988078000600287D
:106DE0000DD5FFE744F25441C5F60201086820F4CE
:106DF0004000189AD2F8882010430860FFE71898DE
:106E00000079C00790B1FFE718980830002102F020
:106E1000BBFF8DF857009DF8570008B9FFE704E065
:106E20009DF857008DF85600FFE7FFE718980079A6
:106E30008007002812D5FFE718980830012102F0DA
:106E4000A3FF8DF857009DF8570008B9FFE704E04D
:106E50009DF857008DF85600FFE7FFE71898007976
:106E60004007002812D5FFE718980830022102F0E9
:106E70008BFF8DF857009DF8570008B9FFE704E035
:106E80009DF857008DF85600FFE7FFE71898007946
:106E90000007002812D5FFE718982830002103F0DA
:106EA0005BF88DF857009DF8570008B9FFE704E03C
:106EB0009DF857008DF85600FFE7FFE71898007916
:106EC000C006002812D5FFE718982830012103F0EA
:106ED00043F88DF857009DF8570008B9FFE704E024
:106EE0009DF857008DF85600FFE7FFE718980079E6
:106EF0008006002812D5FFE718982830022103F0F9
:106F00002BF88DF857009DF8570008B9FFE704E00B
:106F10009DF857008DF85600FFE7FFE79DF85600F3
:106F200020B9FFE700208DF8670003E001208DF80D
:106F30006700FFE79DF867001AB080BD0000000001
:106F400080B586B004900391049820B9FFE7012032
:106F50008DF817003CE2039842F20001C5F20021CF
:106F6000096801F00F01884216D9FFE742F20000DC
:106F7000C5F20020016821F00F01039A114301605E
:106F8000006800F00F000399884204D0FFE7012059
:106F90008DF817001CE2FFE70498007840070028EE
:106FA00019D5FFE70498006944F21841C5F60201BB
:106FB000096801F0700188420CD9FFE744F21841DA
:106FC000C5F60201086820F07000049A12691043A7
:106FD0000860FFE7FFE7049800780007002819D54C
:106FE000FFE70498406944F21C41C5F602010968B4
:106FF00001F0700188420CD9FFE744F21C41C5F64C
:107000000201086820F07000049A52691043086079
:10701000FFE7FFE704980078C006002819D5FFE7CE
:107020000498806944F21C41C5F60201096801F424
:10703000E06188420CD9FFE744F21C41C5F6020129
:10704000086820F4E060049A926910430860FFE742
:10705000FFE7049800788006002819D5FFE7049818
:10706000C06944F22041C5F60201096801F07001CF
:1070700088420CD9FFE744F22041C5F602010868B6
:1070800020F07000049AD26910430860FFE7FFE720
:10709000049800788007002819D5FFE70498C06895
:1070A00044F21841C5F60201096801F00F01884257
:1070B0000CD9FFE744F21841C5F60201086820F038
:1070C0000F00049AD26810430860FFE7FFE70498B6
:1070D0000078C007002800F08C80FFE744F21841D8
:1070E000C5F60201086820F47060049A92681043A3
:1070F000086004984068022811D1FFE744F200407C
:10710000C5F60200006800F400310020B0EB514FDA
:1071100004D1FFE701208DF8170059E13EE0049803
:107120004068032811D1FFE744F20040C5F6020091
:10713000006800F000710020B0EB516F04D1FFE750
:1071400001208DF8170043E127E0049840680128EA
:1071500011D1FFE744F20040C5F60200006800F4D8
:1071600080710020B0EB112F04D1FFE701208DF8D2
:1071700017002DE110E044F20040C5F6020000685F
:1071800000F004010020B0EB910F04D1FFE70120D3
:107190008DF817001CE1FFE7FFE7FFE744F210411D
:1071A000C5F60201086820F00700049A52681043EF
:1071B0000860FEF7A9FA0190FFE744F21040C5F617
:1071C0000200006800F0380004994968B0EBC10F74
:1071D0000ED0FFE7FEF798FA0199401A41F2893183
:1071E000884204D3FFE703208DF81700F0E0E4E7BE
:1071F000FFE7049800788007002819D5FFE7049876
:10720000C06844F21841C5F60201096801F00F0197
:1072100088420CD2FFE744F21841C5F60201086823
:1072200020F00F00049AD26810430860FFE7FFE7E0
:10723000039842F20001C5F20021096801F00F0134
:10724000884216D2FFE742F20000C5F20020016832
:1072500021F00F01039A11430160006800F00F0054
:107260000399884204D0FFE701208DF81700AFE0B2
:10727000FFE7049800784007002819D5FFE7049835
:10728000006944F21841C5F60201096801F0700175
:1072900088420CD2FFE744F21841C5F602010868A3
:1072A00020F07000049A126910430860FFE7FFE7BE
:1072B000049800780007002819D5FFE70498406972
:1072C00044F21C41C5F60201096801F070018842D0
:1072D0000CD2FFE744F21C41C5F60201086820F019
:1072E0007000049A526910430860FFE7FFE70498B2
:1072F0000078C006002819D5FFE70498806944F299
:107300001C41C5F60201096801F4E06188420CD213
:10731000FFE744F21C41C5F60201086820F4E06072
:10732000049A926910430860FFE7FFE70498007829
:107330008006002819D5FFE70498C06944F220416F
:10734000C5F60201096801F0700188420CD2FFE71E
:1073500044F22041C5F60201086820F07000049A4A
:10736000D26910430860FFE7FFE700F0CDF844F270
:107370001842C5F602021168C1F3032341F6945185
:10738000C0F60101CB5C03F01F03D84000900098C9
:10739000126802F00F02895C01F01F01C84040F240
:1073A0000001C2F200010860009840F20001C2F240
:1073B0000041086040F20400C2F200400068FEF79D
:1073C000FBF98DF80B009DF80B008DF81700FFE717
:1073D0009DF8170006B080BD82B001900091019920
:1073E0003F20086044F21040C5F60200006800F03B
:1073F00007000199486044F21840C5F60200016890
:1074000001F47061019A9160016801F00F01019A25
:10741000D160006800F070000199086144F21C40DE
:10742000C5F60200016801F07001019A516100681F
:1074300000F4E0600199886144F22040C5F6020042
:10744000006800F070000199C86142F20000C5F2C6
:107450000020006800F00F000099086002B070473B
:1074600080B582B000F050F844F21842C5F602022E
:107470001168C1F3032341F69451C0F60101CB5CBE
:1074800003F01F03D84001900198126802F00F0228
:10749000895C01F01F0120FA01F140F20000C2F204
:1074A00000000160019940F20002C2F20042116046
:1074B000006802B080BD000080B5FFF7D1FF44F244
:1074C0001C41C5F602010968C1F3021241F694514C
:1074D000C0F60101895C01F01F01C84080BD0000B9
:1074E00080B5FFF7BDFF44F21C41C5F602010968F3
:1074F000C1F3022241F69451C0F60101895C01F00A
:107500001F01C84080BD00008AB044F21040C5F69B
:107510000200006800F0380001460191182800F2CE
:1075200069810199DFE811F01900660166016601C1
:1075300066016601660166013A0066016601660140
:10754000660166016601660140006601660166012A
:107550006601660166016601460044F20040C5F618
:107560000200006800F020010020B0EB511F0ED097
:10757000FFE744F20040C5F602000068C0F3C10115
:1075800049F20000C0F2D030C840029005E049F254
:107590000000C0F2D0300290FFE731E140F6001069
:1075A000C0F23D0002902BE143F20060C0F26E1089
:1075B000029025E144F22840C5F60200016801F07E
:1075C000030108910068C0F30510079044F22C40B5
:1075D000C5F60200006800F001000690069844F22B
:1075E0003441C5F60201096889B2C908484300EE72
:1075F000100AB8EE400A8DED040A0798002800F042
:10760000F580FFE70898009048B1FFE7009801284F
:1076100069D0FFE70098022800F08980ABE044F2CF
:107620000040C5F60200006800F020010020B0EB29
:10763000511F33D0FFE744F20040C5F60200006856
:10764000C0F3C10149F20000C0F2D030C84005903B
:107650009DED050AB8EE400A9DED071AB8EE411AF5
:1076600080EE010A44F23040C5F6020000686FF374
:107670005F2001EE100AB8EE411A9DED042A9FED3D
:10768000633A82EE032A31EE021AB7EE002A31EE97
:10769000021A20EE010A8DED030A23E09DED070A90
:1076A000B8EE401A9FED5B0A80EE010A44F23040CA
:1076B000C5F6020000686FF35F2001EE100AB8EE15
:1076C000411A9DED042A9FED513A82EE032A31EED4
:1076D000021AB7EE002A31EE021A20EE010A8DEDF1
:1076E000030AFFE76BE09DED070AB8EE401A9FED35
:1076F000480A80EE010A44F23040C5F602000068F4
:107700006FF35F2001EE100AB8EE411A9DED042AD6
:107710009FED3E3A82EE032A31EE021AB7EE002ABE
:1077200031EE021A20EE010A8DED030A47E09DEDCD
:10773000070AB8EE401A9FED340A80EE010A44F2BF
:107740003040C5F6020000686FF35F2001EE100ABA
:10775000B8EE411A9DED042A9FED2C3A82EE032AE1
:1077600031EE021AB7EE002A31EE021A20EE010ABB
:107770008DED030A23E09DED070AB8EE401A9FED58
:10778000240A80EE010A44F23040C5F60200006887
:107790006FF35F2001EE100AB8EE411A9DED042A46
:1077A0009FED1A3A82EE032A31EE021AB7EE002A52
:1077B00031EE021A20EE010A8DED030AFFE744F2D2
:1077C0003040C5F60200006881B2012000EB512074
:1077D00009909DED030A9DED091AB8EE411A80EE5D
:1077E000010ABCEEC00A8DED020A02E00020029000
:1077F000FFE705E040F60010C0F23D000290FFE711
:1078000002980AB0704700BF001BB74B000000464B
:107810000024744A0024744C80B58CB00A900A98F5
:1078200028B9FFE701208DF82F0000F001BD0A986C
:107830000078C007002800F0B980FFE744F210404C
:10784000C5F60200006800F03800069044F22840B7
:10785000C5F6020000680590069810280AD0FFE7D8
:10786000069818281CD1FFE7059800F003000228AD
:1078700016D1FFE744F20040C5F60200006800F4AC
:1078800000310020B0EB514F09D0FFE70A98406863
:1078900028B9FFE701208DF82F0000F0C9BC84E073
:1078A000FFE70A984068B0F5803F09D1FFE744F24E
:1078B0000041C5F60201086840F48030086032E0FB
:1078C0000A98406868B9FFE744F20041C5F6020132
:1078D000086820F480300860086820F48020086080
:1078E00020E00A984068B0F5A02F0DD1FFE744F2E0
:1078F0000041C5F60201086840F48020086008686D
:1079000040F4803008600CE044F20041C5F602010A
:10791000086820F480300860086820F4802008603F
:10792000FFE7FFE7FFE7FFE70A984068F0B1FFE7EE
:10793000FDF7EAFE0990FFE744F20040C5F60200B9
:10794000006800F400310020B0EB514F0DD1FFE78B
:10795000FDF7DAFE0999401A652805D3FFE70320F1
:107960008DF82F0000F064BCE6E71DE0FDF7CCFECB
:107970000990FFE744F20040C5F60200006800F4F9
:1079800000310020B0EB514F0DD0FFE7FDF7BCFEFA
:107990000999401A652805D3FFE703208DF82F00C9
:1079A00000F046BCE6E7FFE7FFE7FFE70A9800784C
:1079B0008007002840F1C580FFE744F21040C5F67B
:1079C0000200006800F03800049044F22840C5F638
:1079D000020000680390049850B1FFE7049818284B
:1079E00050D1FFE79DF80C00800700284AD1FFE73F
:1079F00044F20040C5F60200006800F004010020D7
:107A0000B0EB910F09D0FFE70A98C06828B9FFE7EB
:107A100001208DF82F0000F00BBC44F20041C5F6A8
:107A20000201086820F019000A9AD2681043086021
:107A3000FDF76AFE0990FFE744F20040C5F6020038
:107A4000006800F004010020B0EB910F0CD1FFE7BB
:107A5000FDF75AFE0999401A032804D3FFE70320D3
:107A60008DF82F00E4E3E7E744F20441C5F6020194
:107A7000086820F0FE400A9A126940EA0260086035
:107A8000FFE75DE00A98C068A0B3FFE744F2004159
:107A9000C5F60201086820F019000A9AD26810435E
:107AA0000860FDF731FE0990FFE744F20040C5F69B
:107AB0000200006800F004010020B0EB910F0CD12F
:107AC000FFE7FDF721FE0999401A032804D3FFE7D9
:107AD00003208DF82F00ABE3E7E744F20441C5F63D
:107AE0000201086820F0FE400A9A126940EA02602A
:107AF000086024E044F20041C5F60201086820F065
:107B000001000860FDF700FE0990FFE744F2004025
:107B1000C5F60200006800F004010020B0EB910FF0
:107B20000CD0FFE7FDF7F0FD0999401A032804D3B4
:107B3000FFE703208DF82F007AE3E7E7FFE7FFE791
:107B4000FFE70A980078C006002840F1A080FFE710
:107B500044F21040C5F60200006800F038000290C0
:107B600044F22840C5F602000068019002980828F7
:107B70000AD0FFE7029818282BD1FFE7019800F000
:107B80000300012825D1FFE744F20040C5F60200BA
:107B9000006800F480710020B0EB112F09D0FFE7DE
:107BA0000A98C069802804D0FFE701208DF82F00D3
:107BB0003EE3FFE744F20C41C5F60201086820F0FD
:107BC0007C500A9A126A40EA02600860FFE7FFE709
:107BD0005CE00A98C06998B3FFE744F20041C5F63B
:107BE0000201086840F080000860FDF78DFD0990F3
:107BF000FFE744F20040C5F60200006800F480711F
:107C00000020B0EB112F0CD1FFE7FDF77DFD0999A6
:107C1000401A032804D3FFE703208DF82F0007E361
:107C2000E7E7FFE744F20C41C5F60201086820F0DF
:107C30007C500A9A126A40EA02600860FFE724E07A
:107C400044F20041C5F60201086820F08000086097
:107C5000FDF75AFD0990FFE744F20040C5F6020027
:107C6000006800F480710020B0EB112F0CD0FFE70A
:107C7000FDF74AFD0999401A032804D3FFE70320C2
:107C80008DF82F00D4E2E7E7FFE7FFE7FFE70A9868
:107C90000078000700284FD5FFE70A98406928B30D
:107CA000FFE744F27441C5F60201086840F00100A4
:107CB0000860FDF729FD0990FFE744F27440C5F61E
:107CC0000200006800F002010020B0EB510F0CD15F
:107CD000FFE7FDF719FD0999401A032804D3FFE7D0
:107CE00003208DF82F00A3E2E7E724E044F274417B
:107CF000C5F60201086820F001000860FDF704FDE8
:107D00000990FFE744F27440C5F60200006800F0F5
:107D100002010020B0EB510F0CD0FFE7FDF7F4FC9F
:107D20000999401A032804D3FFE703208DF82F0098
:107D30007EE2E7E7FFE7FFE70A9800788006002881
:107D40004FD5FFE70A98806928B3FFE744F2004166
:107D5000C5F60201086840F480500860FDF7D4FCC5
:107D60000990FFE744F20040C5F60200006800F405
:107D700000510020B0EB513F0CD1FFE7FDF7C4FCF0
:107D80000999401A032804D3FFE703208DF82F0038
:107D90004EE2E7E724E044F20041C5F6020108683C
:107DA00020F480500860FDF7AFFC0990FFE744F233
:107DB0000040C5F60200006800F400510020B0EB5E
:107DC000513F0CD0FFE7FDF79FFC0999401A0328AB
:107DD00004D3FFE703208DF82F0029E2E7E7FFE750
:107DE000FFE70A9800784007002840F1A780FFE7E6
:107DF00044F60001C5F60201086840F4807008608E
:107E0000FDF782FC0990FFE744F60000C5F602008A
:107E10000068C00500280CD4FFE7FDF775FC099940
:107E2000401A652804D3FFE703208DF82F00FFE1F7
:107E3000EAE7FFE70A988068012809D1FFE744F2E2
:107E40007041C5F60201086840F00100086031E0A9
:107E50000A98806868B9FFE744F27041C5F60201EC
:107E6000086820F001000860086820F0040008603D
:107E70001FE00A98806805280DD1FFE744F27041A1
:107E8000C5F60201086840F004000860086840F088
:107E9000010008600CE044F27041C5F60201086878
:107EA00020F001000860086820F004000860FFE787
:107EB000FFE7FFE7FFE70A988068F8B1FFE7FDF703
:107EC00023FC0990FFE744F27040C5F60200006809
:107ED00000F002010020B0EB510F0ED1FFE7FDF7DB
:107EE00013FC0999401A41F28931884204D3FFE713
:107EF00003208DF82F009BE1E5E71EE0FDF704FC71
:107F00000990FFE744F27040C5F60200006800F0F7
:107F100002010020B0EB510F0ED0FFE7FDF7F4FB9C
:107F20000999401A41F28931884204D3FFE70320BE
:107F30008DF82F007CE1E5E7FFE7FFE70A98406A4C
:107F4000002800F07181FFE744F21040C5F60200FE
:107F5000006800F03800182800F0E080FFE70A9879
:107F6000406A022840F0B480FFE744F20041C5F6C1
:107F70000201086820F080700860FDF7C5FB0990D9
:107F8000FFE744F20040C5F60200006800F000710F
:107F90000020B0EB516F0CD0FFE7FDF7B5FB09995E
:107FA000401A032804D3FFE703208DF82F003FE198
:107FB000E7E7FFE744F22841C5F60201086840F20E
:107FC000F33290430A9B9A6ADB6A42EA0312104337
:107FD00008600A99086BD1F834C08B6BCA6B013802
:107FE0006FF35F204FF60061CFF6FF7101EB4C217C
:107FF00089B208440021CFF6FF7101EB034101F47F
:10800000FE0108444FF07F4101EB026101F0FE41A7
:10801000084444F23041C5F602010860FFE744F22B
:108020002C41C5F602010091086820F001000860AB
:1080300044F23442C5F6020210684FF6F8739843D2
:108040000A9B9B6C40EAC3001060086820F00C009B
:108050000A9A126C10430860086820F002000A9A1D
:10806000526C10430860086840F48030086008686B
:1080700040F400300860086840F480200860086818
:1080800040F00100086044F20041C5F602010868B2
:1080900040F080700860FDF737FB0990FFE744F27D
:1080A0000040C5F60200006800F000710020B0EB4F
:1080B000516F0CD1FFE7FDF727FB0999401A032800
:1080C00004D3FFE703208DF82F00B1E0E7E724E0B9
:1080D00044F20041C5F60201086820F08070086093
:1080E000FDF712FB0990FFE744F20040C5F60200DD
:1080F000006800F000710020B0EB516F0CD0FFE77A
:10810000FDF702FB0999401A032804D3FFE7032077
:108110008DF82F008CE0E7E7FFE784E044F2284089
:10812000C5F602000068089044F23040C5F602002F
:10813000006807900A98406A012837D0FFE708983E
:1081400000F003000A99896A88422FD1FFE7089856
:1081500000F47C710A98C06AB0EB111F26D1FFE7CA
:1081600007986FF35F200A99096B013988421DD186
:10817000FFE7BDF81C100A98406B0138B0EB512F97
:1081800014D1FFE7079800F4FE010A98806B0138CC
:10819000B0EB114F0AD1FFE7079800F0FE410A98B3
:1081A000C06B0138B0EB116F04D0FFE701208DF8F0
:1081B0002F003DE044F23440C5F60200006880B272
:1081C000C00808900A98806C0899884229D0FFE777
:1081D00044F22C41C5F60201086820F00100086055
:1081E000FDF792FA0990FFE7FDF78EFA0999401A18
:1081F00008B9FFE7F8E744F23441C5F60201086820
:108200004FF6F87290430A9A926C40EAC2000860F6
:1082100044F22C41C5F60201086840F001000860F4
:10822000FFE7FFE7FFE7FFE700208DF82F00FFE7FC
:108230009DF82F000CB080BD81B0009001B0704758
:1082400081B0009001B0704781B0009001B07047DC
:1082500085B003900291FFE7039890F83C00012855
:1082600004D1FFE702208DF81300ABE00399012051
:1082700081F83C00FFE7FFE70399022081F83D0009
:108280000398006840680190039800688068009037
:10829000039800680021C4F20101884209D0FFE779
:1082A0000398006840F20041C4F2010188420AD1FB
:1082B000FFE7019820F4700001900298416801984E
:1082C00008430190FFE7019820F0700001900298A8
:1082D0000168019808430190019803990968486072
:1082E000039800680021C4F2010188424ED0FFE7E4
:1082F00003980068B0F1804F48D0FFE7039800680A
:1083000040F20041C4F2000188423FD0FFE70398E9
:10831000006840F60001C4F20001884236D0FFE751
:108320000398006840F60041C4F2000188422DD055
:10833000FFE70398006840F20041C4F2010188425F
:1083400024D0FFE70398006841F60001C4F2000161
:1083500088421BD0FFE70398006844F20001C4F292
:108360000101884212D0FFE7039800684EF2000135
:10837000C4F20001884209D0FFE7039800684EF27A
:108380000041C4F2000188420ED1FFE7009820F0BE
:10839000800000900298816800980843009000983F
:1083A000039909688860FFE70399012081F83D007F
:1083B000FFE70399002081F83C00FFE700208DF8DB
:1083C0001300FFE79DF8130005B0704700000000A0
:1083D00080B582B00090009820B9FFE701208DF8A9
:1083E000070045E0009890F83D0040B9FFE700998C
:1083F000002081F83C00009800F03EF8FFE700996B
:10840000022081F83D00009951F8040B01F0E4FFCF
:108410000099012081F84800FFE70099012081F8C8
:108420003E00009981F83F00009981F840000099D2
:1084300081F84100009981F84200009981F84300D9
:10844000FFE7FFE70099012081F84400009981F8D7
:108450004500009981F84600009981F84700FFE740
:108460000099012081F83D0000208DF80700FFE70A
:108470009DF8070002B080BD80B584B003900398DA
:10848000006840F60041C4F20001884210D1FFE7C5
:10849000FFE744F2E840C5F60200016841F0080138
:1084A0000160006800F0080002900298FFE722E0F7
:1084B0000398006841F20001C4F20001884219D11A
:1084C000FFE7FFE744F2E840C5F60200016841F02B
:1084D00010010160006800F0100001900198FFE7B2
:1084E0003620009005210022FDF7FAF90098FDF7EB
:1084F000EBF9FFE7FFE704B080BD000000000000DB
:1085000083B00190019890F83D00012804D0FFE766
:1085100001208DF80B007DE00199022081F83D00DB
:10852000019800680021C4F2010188424ED0FFE7A3
:1085300001980068B0F1804F48D0FFE701980068CB
:1085400040F20041C4F2000188423FD0FFE70198A9
:10855000006840F60001C4F20001884236D0FFE70F
:108560000198006840F60041C4F2000188422DD015
:10857000FFE70198006840F20041C4F2010188421F
:1085800024D0FFE70198006841F60001C4F2000121
:1085900088421BD0FFE70198006844F20001C4F252
:1085A0000101884212D0FFE7019800684EF20001F5
:1085B000C4F20001884209D0FFE7019800684EF23A
:1085C0000041C4F20001884219D1FFE70198006818
:1085D00080680721C0F20101084000900098062839
:1085E0000CD0FFE70098B0F5803F07D0FFE7019877
:1085F0000168086840F001000860FFE706E00198A4
:108600000168086840F001000860FFE700208DF86D
:108610000B00FFE79DF80B0003B07047000000005F
:1086200083B00190019890F83D00012804D0FFE745
:1086300001208DF80B0083E00199022081F83D00B4
:1086400001980168C86840F00100C860019800689E
:108650000021C4F2010188424ED0FFE70198006872
:10866000B0F1804F48D0FFE70198006840F2004128
:10867000C4F2000188423FD0FFE70198006840F64D
:108680000001C4F20001884236D0FFE7019800687B
:1086900040F60041C4F2000188422DD0FFE7019866
:1086A000006840F20041C4F20101884224D0FFE793
:1086B0000198006841F60001C4F2000188421BD015
:1086C000FFE70198006844F20001C4F2010188420A
:1086D00012D0FFE7019800684EF20001C4F20001D9
:1086E000884209D0FFE7019800684EF20041C4F2C9
:1086F0000001884219D1FFE70198006880680721CE
:10870000C0F2010108400090009806280CD0FFE755
:108710000098B0F5803F07D0FFE70198016808682E
:1087200040F001000860FFE706E001980168086872
:1087300040F001000860FFE700208DF80B00FFE724
:108740009DF80B0003B0704781B0009001B07047F6
:1087500080B584B0039003980068C06802900398C5
:108760000068006901909DF804008007002824D566
:10877000FFE79DF80800800700281DD5FFE7039854
:1087800001686FF0020008610399012008770398DF
:1087900000688069800720B1FFE70398FFF7D4FFE6
:1087A00006E0039800F0FCF8039800F0FDF8FFE7FE
:1087B000039900200877FFE7FFE79DF804004007D2
:1087C000002825D5FFE79DF80800400700281ED5A2
:1087D000FFE7039801686FF0040008610399022025
:1087E000087703980068806910F4407F04D0FFE7A1
:1087F0000398FFF7A9FF06E0039800F0D1F803986B
:1088000000F0D2F8FFE7039900200877FFE7FFE7C1
:108810009DF804000007002824D5FFE79DF8080014
:10882000000700281DD5FFE7039801686FF00800D6
:10883000086103990420087703980068C0698007DD
:1088400020B1FFE70398FFF77FFF06E0039800F0F1
:10885000A7F8039800F0A8F8FFE70399002008772D
:10886000FFE7FFE79DF80400C006002825D5FFE7D5
:108870009DF80800C00600281ED5FFE70398016890
:108880006FF01000086103990820087703980068CA
:10889000C06910F4407F04D0FFE70398FFF754FF4E
:1088A00006E0039800F07CF8039800F07DF8FFE7FD
:1088B000039900200877FFE7FFE79DF80400C00751
:1088C00078B1FFE79DF80800C00748B1FFE70398BB
:1088D00001686FF001000861039800F069F8FFE794
:1088E000FFE7019800F08000802806D0FFE79DF8A0
:1088F00005008006002810D5FFE79DF80800000657
:10890000002809D5FFE7039801686FF40250086159
:108910000398FFF795FCFFE7FFE79DF80500C00708
:1089200080B1FFE79DF808000006002809D5FFE7A1
:10893000039801686FF4807008610398FFF77CFC6E
:10894000FFE7FFE79DF804004006002810D5FFE789
:108950009DF808004006002809D5FFE70398016844
:108960006FF040000861039800F056F8FFE7FFE75A
:108970009DF804008006002810D5FFE79DF8080048
:108980008006002809D5FFE7039801686FF02000F2
:1089900008610398FFF758FCFFE7FFE704B080BDCC
:1089A00081B0009001B0704781B0009001B0704775
:1089B00080B582B0019001980068B0F1804F03D17A
:1089C000FFE7FCF7A9FE23E00198006841F20001EF
:1089D000C4F2000188421AD1FFE745F60C51C2F2F9
:1089E000004108680130086007F05AFC009040F22E
:1089F000CC10C2F20000006840B1FFE740F2CC109A
:108A0000C2F20000016800988847FFE7FFE7FFE730
:108A100002B080BD0000000081B0009001B070473E
:108A200083B00190FFE7019890F88400012804D1F9
:108A3000FFE702208DF80B002CE00199012081F85E
:108A40008400FFE7FFE701992420C1F8880001981E
:108A500000680068009001980168086820F0010033
:108A60000860009820F000500090019900204866AE
:108A7000009801990968086001992020C1F88800D0
:108A8000FFE70199002081F88400FFE700208DF8BE
:108A90000B00FFE79DF80B0003B0704700000000DB
:108AA00080B584B00390ADF80A10039840F2EC1141
:108AB000C2F20041884240F08F80FFE746F2801109
:108AC000C2F20041C8680130C86046F27810C2F2B4
:108AD0000040006800287ED0FFE746F27410C2F222
:108AE00000400068002876D0FFE740F22C20C2F258
:108AF0000000008800286ED0FFE7BDF80A0046F2AB
:108B00007C11C2F200410988884216DDFFE746F277
:108B10007810C2F20040026846F27410C2F20040BF
:108B2000006846F27C11C2F200410B881844BDF87F
:108B30000A10C91A89B2904735E0BDF80A0046F21A
:108B40007C11C2F20041098888422BDAFFE746F225
:108B50007810C2F20040026846F27410C2F200407F
:108B6000006846F27C11C2F200410B88184440F2C2
:108B70002C21C2F200010988C91A89B29047BDF8B8
:108B80000A0070B1FFE746F27810C2F200400268B6
:108B900046F27410C2F200400068BDF80A10904717
:108BA000FFE7FFE7FFE7BDF80A0040F22C21C2F221
:108BB00000010988884203D1FFE70020019003E00B
:108BC000BDF80A000190FFE7019846F27C11C2F25D
:108BD00000410880FFE7FFE704B080BD000000000F
:108BE00081B0009001B0704780B584B002900191CF
:108BF000FFE7029890F88400012804D1FFE70220E3
:108C00008DF80F0032E00299012081F88400FFE71F
:108C1000FFE702992420C1F88800029800680068E4
:108C2000009002980168086820F00100086002982E
:108C30000068806820F06060019908430299096823
:108C40008860029801F0B8FC0098029909680860F1
:108C500002992020C1F88800FFE70299002081F8DE
:108C60008400FFE700208DF80F00FFE79DF80F005C
:108C700004B080BD0000000080B584B00290019176
:108C8000FFE7029890F88400012804D1FFE7022052
:108C90008DF80F0032E00299012081F88400FFE78F
:108CA000FFE702992420C1F8880002980068006854
:108CB000009002980168086820F00100086002989E
:108CC0000068806820F060400199084302990968B3
:108CD0008860029801F070FC0098029909680860A9
:108CE00002992020C1F88800FFE70299002081F84E
:108CF0008400FFE700208DF80F00FFE79DF80F00CC
:108D000004B080BD0000000081B0009001B0704749
:108D100081B0009001B0704780B586B00490FFE745
:108D2000FFE70498006850E8000F20F0C0000390AF
:108D3000FFE703990498026842E800100028F0D188
:108D4000FFE7FFE7FFE7FFE70498006850E8020F3E
:108D500020F400000290FFE702990498026842E8BC
:108D600002100028F0D1FFE7FFE704980068806850
:108D70000006002833D5FFE7FFE7FFE70498006807
:108D800050E8020F20F080000190FFE7019904985D
:108D9000026842E802100028F0D1FFE7FFE70498DC
:108DA000C06FD8B1FFE70498C16F00200865049830
:108DB000C06FF8F741F980B1FFE70498C06FF9F789
:108DC0004FF9202808D1FFE704991020C1F890003E
:108DD00003208DF817001BE0FFE7FFE7FFE704998A
:108DE0000020A1F856000498406EB0F1005F07D152
:108DF000FFE704980168886940F010008861FFE788
:108E000004992020C1F8880000208DF81700FFE7A2
:108E10009DF8170006B080BD80B582B00190019822
:108E200040F2EC11C2F2004188421ED1FFE746F247
:108E30008011C2F20041002008700120487088684B
:108E40000130886008690130086140F23020C2F2C8
:108E50000000006840B1FFE740F23020C2F200009D
:108E6000016800208847FFE7FFE702B080BD0000EF
:108E700080B592B0119011980068C0691090119857
:108E8000006800680F901198006880680E90109834
:108E900040F60F0108400D900D98E0B9FFE79DF8EE
:108EA00040008006002815D5FFE79DF83C008006AD
:108EB000002806D4FFE79DF83B00C006002809D52E
:108EC000FFE71198406F20B1FFE71198416F884785
:108ED000FFE72FE3FFE70D98002800F00C81FFE784
:108EE0000E980121C1F20001084209D1FFE70F9855
:108EF00040F22011C0F20041084200F0FC80FFE780
:108F00009DF84000C00788B1FFE79DF83D00C0070D
:108F100060B1FFE711980168012008621199D1F84A
:108F2000900040F00100C1F89000FFE79DF840007C
:108F30008007002811D5FFE79DF83800C00760B111
:108F4000FFE711980168022008621199D1F890009A
:108F500040F00400C1F89000FFE79DF84000400792
:108F6000002811D5FFE79DF83800C00760B1FFE782
:108F700011980168042008621199D1F8900040F01E
:108F80000200C1F89000FFE79DF8400000070028AC
:108F900019D5FFE79DF83C008006002807D4FFE7BD
:108FA0000E980121C1F2000108420CD0FFE7119890
:108FB0000168082008621199D1F8900040F008007B
:108FC000C1F89000FFE79DF841000007002813D585
:108FD000FFE79DF83F00400700280DD5FFE71198F7
:108FE00001684FF4006008621199D1F8900040F0D8
:108FF0002000C1F89000FFE71198D0F890000028F9
:1090000078D0FFE79DF840008006002815D5FFE7DF
:109010009DF83C008006002806D4FFE79DF83B0041
:10902000C006002809D5FFE71198406F20B1FFE77F
:109030001198416F8847FFE7FFE71198D0F890003B
:109040000C9011980068806800F04000402806D01D
:10905000FFE79DF8300010F0280F42D0FFE711988D
:1090600001F04AFC1198006880684006002833D55A
:10907000FFE7FFE7FFE71198006850E8020F20F0D4
:1090800040000B90FFE70B991198026842E802102C
:109090000028F0D1FFE7FFE71198D0F88000B0B1C9
:1090A000FFE71198D0F880104AF6D100C0F6000012
:1090B00008651198D0F88000F8F77AFC30B1FFE726
:1090C0001198D0F88000016D8847FFE703E0119800
:1090D000FFF7A2FEFFE703E01198FFF79DFEFFE711
:1090E00007E01198FFF798FE11990020C1F8900051
:1090F000FFE7FFE71EE21198C06E012840F0BB8138
:10910000FFE79DF84000C006002840F1B481FFE76A
:109110009DF83C00C006002840F1AD81FFE71198A2
:1091200001681020086211980068806840060028D5
:1091300040F13F81FFE71198D0F8800000681021CE
:10914000C4F20201884200F0A280FFE71198D0F833
:10915000800000682821C4F20201884200F0978054
:10916000FFE71198D0F8800000684021C4F20201A6
:10917000884200F08C80FFE71198D0F880000068EA
:109180005821C4F20201884200F08180FFE7119863
:10919000D0F8800000687021C4F20201884276D0C5
:1091A000FFE71198D0F8800000688821C4F202011E
:1091B00088426CD0FFE71198D0F880000068A021A9
:1091C000C4F20201884262D0FFE71198D0F8800013
:1091D0000068B821C4F20201884258D0FFE7119814
:1091E000D0F88000006840F21041C4F202018842C9
:1091F0004DD0FFE71198D0F88000006840F2284178
:10920000C4F20201884242D0FFE71198D0F88000F2
:10921000006840F24041C4F20201884237D0FFE7C3
:109220001198D0F88000006840F25841C4F2020161
:1092300088422CD0FFE71198D0F88000006840F2F7
:109240007041C4F20201884221D0FFE71198D0F8A2
:109250008000006840F28841C4F20201884216D0C2
:10926000FFE71198D0F88000006840F2A041C4F2F6
:10927000020188420BD0FFE71198D0F88000006807
:1092800040F2B841C4F20201884207D1FFE71198C9
:10929000D0F8800000684068019006E01198D0F88E
:1092A0008000006840680190FFE70198ADF82A004F
:1092B000BDF82A0000287BD0FFE7BDF82A001199ED
:1092C000B1F85C10884273DAFFE7BDF82A00119903
:1092D000A1F85E001198D0F88000C069B0F5807FD9
:1092E00059D0FFE7FFE7FFE71198006850E8000F4B
:1092F00020F480700990FFE709991198026842E80C
:1093000000100028F0D1FFE7FFE7FFE7FFE7119823
:10931000006850E8020F20F001000890FFE708996C
:109320001198026842E802100028F0D1FFE7FFE739
:10933000FFE7FFE71198006850E8020F20F04000B7
:109340000790FFE707991198026842E80210002889
:10935000F0D1FFE7FFE711992020C1F88C001199A7
:109360000020C866FFE7FFE71198006850E8000F8B
:1093700020F010000690FFE706991198026842E875
:1093800000100028F0D1FFE7FFE71198D0F8800027
:10939000F7F752FEFFE71199022008671198B0F81D
:1093A0005C10B0F85E20891A89B2FFF779FBFFE7FD
:1093B000C0E01199B1F85C00B1F85E10401AADF848
:1093C00016001198B0F85E00002853D0FFE7BDF8F2
:1093D000160000284ED0FFE7FFE7FFE7119800686E
:1093E00050E8000F20F490700490FFE70499119862
:1093F000026842E800100028F0D1FFE7FFE7FFE72E
:10940000FFE71198006850E8020F4FF6FE71CEF6A4
:10941000FF7108400390FFE703991198026842E842
:1094200002100028EDD1FFE7FFE711992020C1F8D5
:109430008C0011990020C86611994867FFE7FFE783
:109440001198006850E8000F20F010000290FFE72C
:1094500002991198026842E800100028F0D1FFE755
:10946000FFE71199022008671198BDF81610FFF761
:1094700017FBFFE75EE09DF84200C00600280FD50D
:10948000FFE79DF83A004006002809D5FFE711984C
:1094900001684FF4801008621198FFF739FC49E029
:1094A0009DF840000006002815D5FFE79DF83C0018
:1094B0000006002806D4FFE79DF83A0000060028C1
:1094C00009D5FFE71198806F20B1FFE71198816FF0
:1094D0008847FFE72EE09DF84000400600280AD5A7
:1094E000FFE79DF83C004006002804D5FFE71198EF
:1094F00001F052FA1EE09DF84200000600280AD54D
:10950000FFE79DF83F004006002804D5FFE71198CB
:10951000FFF7FAFB0EE09DF84300C00750B1FFE7EC
:109520009DF83F000006002804D5FFE71198FFF7DB
:1095300057FBFFE712B080BD80B582B00090009865
:1095400020B9FFE701208DF8070046E00098806908
:1095500008B1FFE700E0FFE70098D0F8880040B9C5
:10956000FFE70099002081F88400009800F03CF8A3
:10957000FFE700992420C1F8880000980168086876
:1095800020F0010008600098806A20B1FFE7009891
:1095900001F056F8FFE7009801F022FA012804D103
:1095A000FFE701208DF8070017E000980168486880
:1095B00020F49040486000980168886820F02A00F4
:1095C000886000980168086840F001000860009811
:1095D00001F0DAF88DF80700FFE79DF8070002B008
:1095E00080BD00000000000080B5BAB039900020B6
:1095F0003890379036903590349006A8B821F7F718
:1096000004F83998006847F60001C4F20001884266
:1096100001D0FFE798E000200790022106912390F7
:1096200006A8FCF795FC18B1FFE7F7F72DFBFFE75D
:10963000FFE744F2E840C5F60200016841F08041CE
:109640000160006800F0804005900598FFE7FFE7A3
:1096500044F2E040C5F60200016841F010010160EB
:10966000006800F0100004900498FFE74FF4C07009
:1096700034900220359000200290369037900720D9
:10968000389041F20000C5F6020034A9FBF750FE05
:10969000029940F21000C2F2004003905822C4F236
:1096A000020202604F2242608160C1604FF480621A
:1096B0000261416181614FF48072C2610162416265
:1096C000F9F7B6FD18B1FFE7F7F7DEFAFFE7FFE7B6
:1096D000399840F21001C2F20041C0F88010399868
:1096E0008863FFE740F28800C2F2004001907021D9
:1096F000C4F20201016050214160402181600021DB
:10970000C1604FF48062026141618161C1610162A7
:109710004162F9F78DFD18B1FFE7F7F7B5FAFFE7FA
:10972000FFE7399840F28801C2F20041C1673998D9
:109730008863FFE75220009005210022FCF7D0F853
:109740000098FCF7C1F8FFE73AB080BD00000000C8
:1097500080B58AB008900791ADF81A200593089853
:10976000D0F88800202840F08780FFE7079820B1D4
:10977000FFE7BDF81A0020B9FFE701208DF82700A8
:109780007EE008990020C1F8900008992120C1F8D6
:109790008800FBF7B9FF0290BDF81A000899A1F8FC
:1097A0005400BDF81A000899A1F85600089880687E
:1097B000B0F5805F09D1FFE70898006928B9FFE795
:1097C000002004900798039004E00798049000207C
:1097D0000390FFE7FFE70898B0F8560088B3FFE76B
:1097E0000898029B05996A4611608021002201F0C9
:1097F0001FFE40B1FFE708992020C1F88800032030
:109800008DF827003CE0049858B9FFE703980088DA
:109810006FF35F200899096888620398023003900B
:1098200008E0049800780899096888620498013073
:109830000490FFE70899B1F856000138A1F85600E6
:10984000C9E70898029B05996A46116040210022E9
:1098500001F0EEFD40B1FFE708992020C1F8880033
:1098600003208DF827000BE008992020C1F888001C
:1098700000208DF8270003E002208DF82700FFE785
:109880009DF827000AB080BD80B582B00190019894
:1098900040F2EC11C2F20041884219D1FFE746F2D2
:1098A0008011C2F200410020087048680130486011
:1098B00040F23020C2F20000006840B1FFE740F201
:1098C0003020C2F20000016801208847FFE7FFE76F
:1098D00002B080BD00000000FFE7FEE700000000CE
:1098E00080B586B0FFE744F2D840C5F602000168B3
:1098F00041F001010160006800F001000590059849
:10990000FFE70E2001900521029100220392FBF750
:10991000E7FF0198FBF7D8FF0299039A0F20049004
:10992000FBF7DEFF0498FBF7CFFF06B080BD000019
:1099300080B582B040F20010C2F2004000904DF2BB
:109940000041C4F200010160002201928260C26005
:1099500001210174427481740523436183614FF0D6
:109960000E0CC0F81CC0036243628362C0F82CC0B6
:10997000036342638163C263102101640421416473
:109980008264C1640265416508238365C26503661C
:1099900042668166FBF7ACF818B1FFE7F7F774F998
:1099A000FFE702B080BD0000B0B590B041F65C505A
:1099B000C0F60100016842688368D0F80CC0D0F896
:1099C00010E044690E94CDF834E0CDF830C00B932C
:1099D0000A92099180690F9009A80021009101F075
:1099E000A3FE009940F26412C2F2000201921060DC
:1099F00041F67850C0F6010002684368D0F808C00C
:109A0000D0F80CE00469456907950694CDF814E098
:109A1000CDF810C0039302928069089002A801F06B
:109A200083FE0146019846F27012C2F200421160B4
:109A3000006838B1FFE746F27010C2F200400068DB
:109A400018B9FFE7F7F720F9FFE710B0B0BD000045
:109A500080B58CB000200B900A9009900890079078
:109A6000FFE744F2E040C5F60200016841F004015E
:109A70000160006800F0040006900698FFE7FFE729
:109A800044F2E040C5F60200016841F008010160BF
:109A9000006800F0080005900598FFE7FFE744F232
:109AA000E040C5F60200016841F010010160006865
:109AB00000F0100004900498FFE7FFE744F2E04054
:109AC000C5F60200016841F080010160006800F005
:109AD000800003900398FFE740F60000C5F60200FF
:109AE00002904FF40041009101220192FBF7F4FD36
:109AF000009A0199029807920891002109910A9110
:109B000007A9FBF715FC0CB080BD000000000000A9
:109B100080B582B040F2B401C2F20001019140F67A
:109B20000040C4F20000086001F07AFE014601988E
:109B30004160002181604FF0FF32C26001618161AC
:109B4000FEF746FC18B1FFE7F7F79EF8FFE702B013
:109B500080BD00000000000080B586B000200190AC
:109B600005900490039040F2A011C2F200410291CE
:109B700041F20000C4F20000086001F051FE0199BA
:109B8000024602984260816040F2CF72C2608161F9
:109B9000FEF71EFC18B1FFE7F7F776F8FFE70020A5
:109BA0000390059040F2A010C2F2004003A9FEF716
:109BB0004FFB18B1FFE7F7F767F8FFE706B080BD86
:109BC00080B582B040F2EC10C2F20040009047F63F
:109BD0000001C4F2000101604FF4612141600021E5
:109BE00001918160C16001610C2242618161C161AA
:109BF000016241628162FFF79FFC18B1FFE7F7F74E
:109C000043F8FFE740F2EC10C2F200400021FFF7FA
:109C100033F888B9FFE740F2EC10C2F200400021AF
:109C2000FEF7E2FF40B9FFE740F2EC10C2F200405D
:109C3000FEF7F6FE18B1FFE7F7F726F8FFE702B0E8
:109C400080BD000000000000FFE7FEE7000000000C
:109C5000FFE7FEE70000000088B00790069105923C
:109C6000079800F0070004900498C0F10700052849
:109C700003D3FFE70420019004E00498C0F107003B
:109C80000190FFE70198039004980430062803D858
:109C9000FFE70020009003E0049803380090FFE7FE
:109CA0000098029006980399012202FA01F1013905
:109CB0000840029B984005999A40013A1140084398
:109CC00008B0704700000000000000000000000025
:109CD000EFF30980BFF36F8F154B1A681EF0100F5A
:109CE00008BF20ED108A20E9F04F10602DE909002F
:109CF0004FF0500080F31188BFF34F8FBFF36F8F89
:109D000007F0F2FA4FF0000080F31188BDE8090077
:109D100019680868B0E8F04F1EF0100F08BFB0ECEB
:109D2000108A80F30988BFF36F8F704700BF00BFB0
:109D3000946100240000000080B5B0B002A801903A
:109D4000B821F6F762FC0198002103914FF400421C
:109D5000029218220492C8220592022206920792C9
:109D60000892099120220A920B914FF000511D9107
:109D7000FCF7EEF818B1FFE7F6F786FFFFE730B023
:109D800080BD00000000000080B586B00490039103
:109D900000208DF8070044F22840C5F60200006854
:109DA00000F00300032804D1FFE701208DF817001D
:109DB000CBE044F20041C5F60201086820F0806063
:109DC0000860FBF7A1FC0290FFE744F20040C5F6F3
:109DD0000200006800F000610020B0EBD16F0CD0F1
:109DE000FFE7FBF791FC0299401A032804D3FFE731
:109DF00003208DF81700A8E0E7E7FFE744F22841C9
:109E0000C5F60201086820F47C30049A126840EA22
:109E10000230086004994868D1F808C0CB680A6924
:109E200001386FF35F204FF60061CFF6FF7101EB51
:109E30004C2189B208440021CFF6FF7101EB0341A8
:109E400001F4FE0108444FF07F4101EB026101F093
:109E5000FE41084444F23841C5F602010860FFE7BC
:109E600044F22C41C5F602010091086820F0C000C0
:109E7000049A526910430860086820F02000049A90
:109E8000926910430860086820F01000086044F2EE
:109E90003C42C5F6020210684FF6F8739843049BE3
:109EA000DB6940EAC3001060086840F010000860F9
:109EB000039848B9FFE744F22C41C5F6020108684F
:109EC00040F40020086016E00398012809D1FFE75C
:109ED00044F22C41C5F60201086840F48010086085
:109EE00008E044F22C41C5F60201086840F4001075
:109EF0000860FFE7FFE744F20041C5F60201086889
:109F000040F080600860FBF7FFFB0290FFE744F23F
:109F10000040C5F60200006800F000610020B0EBD0
:109F2000D16F0CD1FFE7FBF7EFFB0299401A032832
:109F300004D3FFE703208DF8170006E0E7E7FFE70B
:109F40009DF807008DF81700FFE79DF8170006B091
:109F500080BD00000000000080B586B00490039131
:109F600000208DF8070044F22840C5F60200006882
:109F700000F00300032804D1FFE701208DF817004B
:109F8000CBE044F20041C5F60201086820F08050A1
:109F90000860FBF7B9FB0290FFE744F20040C5F60A
:109FA0000200006800F000510020B0EB517F0CD09F
:109FB000FFE7FBF7A9FB0299401A032804D3FFE748
:109FC00003208DF81700A8E0E7E7FFE744F22841F7
:109FD000C5F60201086820F07C70049A126840EA15
:109FE0000250086004994868D1F808C0CB680A6933
:109FF00001386FF35F204FF60061CFF6FF7101EB80
:10A000004C2189B208440021CFF6FF7101EB0341D6
:10A0100001F4FE0108444FF07F4101EB026101F0C1
:10A02000FE41084444F24041C5F602010860FFE7E2
:10A0300044F22C41C5F602010091086820F440600A
:10A04000049A526910430860086820F40070049A6A
:10A05000926910430860086820F48070086044F238
:10A060004442C5F6020210684FF6F8739843049B09
:10A07000DB6940EAC3001060086840F48070086043
:10A08000039848B9FFE744F22C41C5F6020108687D
:10A0900040F48000086016E00398012809D1FFE72A
:10A0A00044F22C41C5F60201086840F40000086043
:10A0B00008E044F22C41C5F60201086840F08070C7
:10A0C0000860FFE7FFE744F20041C5F602010868B7
:10A0D00040F080500860FBF717FB0290FFE744F266
:10A0E0000040C5F60200006800F000510020B0EB0F
:10A0F000517F0CD1FFE7FBF707FB0299401A0328B9
:10A1000004D3FFE703208DF8170006E0E7E7FFE739
:10A110009DF807008DF81700FFE79DF8170006B0BF
:10A1200080BD0000000000000000000000000000F2
:10A13000074B19680868B0E8F04F80F30988BFF34F
:10A140006F8F4FF0000080F31188704700BF00BF91
:10A15000946100240000000080B582B04FF05000F0
:10A1600080F31188BFF36F8FBFF34F8F009007F01C
:10A170007FFA40B1FFE74EF60451CEF200014FF0F6
:10A1800080500860FFE700200190019880F311885B
:10A1900002B080BD0000000080B59EB00BA84C212D
:10A1A000F6F733FA002001900A9009900890079082
:10A1B00006900590049003900220FBF7B1FBFFE7A7
:10A1C0000020029044F61800C5F60200016841F430
:10A1D00040410160006800F4404002900298FFE7AF
:10A1E000FFE744F61800C5F60200006800F40050CE
:10A1F000B0F5005F01D0FFE7F3E723200B904FF4A9
:10A2000080300C9001210E9140200F90119102207E
:10A210001490159006221692642217921891042128
:10A2200019911A9008201B9000201C901D900BA8DB
:10A23000FDF7F2FA18B1FFE7F6F726FDFFE73F203A
:10A2400003900320049000200590092006904020F0
:10A25000079008904FF4806109910A9003A80221A9
:10A26000FCF76EFE18B1FFE7F6F70EFDFFE71EB034
:10A2700080BD0000000000004EF68851CEF20001C3
:10A28000086840F47000086042F20000C5F2002047
:10A29000006800F00F0006280AD8FFE742F200012C
:10A2A000C5F200210868072262F303000860FFE797
:10A2B00044F20041C5F60201086840F00100086060
:10A2C00044F21042C5F602020020106008684EF603
:10A2D0007F52CEF6F6221040086042F20000C5F22E
:10A2E0000020006800F00F0008280AD3FFE742F2C0
:10A2F0000001C5F200210868072262F3030008602C
:10A30000FFE744F21841C5F602010020086044F25C
:10A310001C41C5F60201086044F22041C5F6020165
:10A32000086044F22842C5F6020240F20021C0F261
:10A330000221116044F22C42C5F602020021C0F253
:10A34000FF11116044F23042C5F6020240F2802152
:10A35000C0F20111116044F23442C5F602021060ED
:10A3600044F23842C5F60202116044F23C42C5F69E
:10A370000202106044F24042C5F60202116044F24B
:10A380004441C5F60201086044F20042C5F60202EB
:10A39000116821F48021116044F26041C5F6020188
:10A3A000086044F20001C5F2002143F2D2000860C7
:10A3B000704700000000000080B540F26800C2F263
:10A3C0000000FEF7C5F980BD80B540F2A010C2F2D2
:10A3D0000040FEF7BDF980BD83B002900191029864
:10A3E0000068009002980021C4F20101884225D043
:10A3F000FFE70298B0F1804F20D0FFE7029840F2CB
:10A400000041C4F20001884218D0FFE7029840F6EC
:10A410000001C4F20001884210D0FFE7029840F624
:10A420000041C4F20001884208D0FFE7029840F2E0
:10A430000041C4F2010188420AD1FFE7009820F0F0
:10A440007000009001984168009808430090FFE771
:10A4500002980021C4F2010188424DD0FFE7029822
:10A46000B0F1804F48D0FFE7029840F20041C4F2BB
:10A470000001884240D0FFE7029840F60001C4F294
:10A480000001884238D0FFE7029840F60041C4F24C
:10A490000001884230D0FFE7029840F20041C4F248
:10A4A0000101884228D0FFE7029844F20001C4F27B
:10A4B0000101884220D0FFE7029844F20041C4F233
:10A4C0000101884218D0FFE7029844F60001C4F267
:10A4D0000101884210D0FFE702984EF20001C4F259
:10A4E0000001884208D0FFE702984EF20041C4F212
:10A4F000000188420AD1FFE7009820F440700090E4
:10A500000198C168009808430090FFE7009820F088
:10A5100080000199496908430090009802990860F9
:10A52000019880680299C86201980068029988625F
:10A5300002980021C4F20101884220D0FFE702986E
:10A5400040F20041C4F20101884218D0FFE70298AE
:10A5500044F20001C4F20101884210D0FFE70298E2
:10A5600044F20041C4F20101884208D0FFE702989A
:10A5700044F60001C4F20101884205D1FFE70198C9
:10A58000006902990863FFE7029901204861029877
:10A590000069C00730B1FFE70299086920F00100A7
:10A5A0000861FFE703B0704780B540F2EC10C2F2DB
:10A5B0000040FEF75DFC80BD82B001900198406EC6
:10A5C00040B9FFE701990120A1F86A000199A1F8BB
:10A5D000680032E010208DF803008DF80200019829
:10A5E00000688068C0F342608DF80100019800683F
:10A5F0008068400F8DF800009DF802009DF8002053
:10A6000041F6C453C0F60103995C484341F6BC517E
:10A61000C0F601018A5CB0FBF2F0019AA2F86A0070
:10A620009DF803009DF801209B5C5843895CB0FBBA
:10A63000F1F00199A1F86800FFE702B0704700004F
:10A6400081B00090009890F82800000700280BD5F2
:10A65000FFE700980068406820F40040009A116805
:10A66000926B10434860FFE7009890F82800C007FD
:10A6700058B1FFE700980068406820F40030009A65
:10A680001168D26A10434860FFE7009890F82800EC
:10A69000800700280BD5FFE700980068406820F489
:10A6A0008030009A1168126B10434860FFE70098F1
:10A6B00090F82800400700280BD5FFE700980068B5
:10A6C000406820F48020009A1168526B1043486063
:10A6D000FFE7009890F82800C00600280BD5FFE798
:10A6E00000980068806820F48050009A1168D26B4E
:10A6F00010438860FFE7009890F828008006002843
:10A700000BD5FFE700980068806820F40050009A9D
:10A710001168126C10438860FFE7009890F82800D9
:10A72000400600281CD5FFE700980068406820F428
:10A730008010009A1168526C104348600098406C79
:10A74000B0F5801F0BD1FFE700980068406820F447
:10A75000C000009A1168926C10434860FFE7FFE761
:10A76000009890F82800000600280BD5FFE7009815
:10A770000068406820F40020009A1168D26C1043F1
:10A780004860FFE701B0704780B588B00690069931
:10A790000020C1F89000FAF7B7FF0590069800680E
:10A7A0000068000700282FD5FFE70698059B6A463A
:10A7B0006FF07E4111604FF40011002200F038FE6E
:10A7C00008B3FFE7FFE7FFE70698006850E8000FCF
:10A7D00020F080000490FFE704990698026842E8A0
:10A7E00000100028F0D1FFE7FFE706992020C1F80C
:10A7F0008800FFE70699002081F88400FFE7032026
:10A800008DF81F005FE0FFE70698006800684007CA
:10A81000002842D5FFE70698059B6A466FF07E4107
:10A8200011604FF48001002200F002FEA0B3FFE7A8
:10A83000FFE7FFE70698006850E8000F20F49070EB
:10A840000390FFE703990698026842E80010002889
:10A85000F0D1FFE7FFE7FFE7FFE70698006850E861
:10A86000020F20F001000290FFE7029906980268AB
:10A8700042E802100028F0D1FFE7FFE70699202008
:10A88000C1F88C00FFE70699002081F88400FFE7FB
:10A8900003208DF81F0016E0FFE706992020C1F87D
:10A8A00088000699C1F88C0006990020C8660699B0
:10A8B0000867FFE70699002081F88400FFE7002081
:10A8C0008DF81F00FFE79DF81F0008B080BD000055
:10A8D00080B582B001900198806B009000990020B3
:10A8E000A1F85E000099A1F856000098FEF794FACE
:10A8F00002B080BD0000000084B00390FFE7FFE7D6
:10A900000398006850E8000F20F490700290FFE771
:10A9100002990398026842E800100028F0D1FFE78E
:10A92000FFE7FFE7FFE70398006850E8020F4FF6E4
:10A93000FE71CEF6FF7108400190FFE70199039880
:10A94000026842E802100028EDD1FFE7FFE7039814
:10A95000C06E012814D1FFE7FFE7FFE70398006806
:10A9600050E8000F20F010000090FFE700990398D6
:10A97000026842E800100028F0D1FFE7FFE7FFE798
:10A9800003992020C1F88C0003990020C866039920
:10A99000486704B07047000080B582B00190FFE7BF
:10A9A000FFE70198006850E8000F20F04000009099
:10A9B000FFE700990198026842E800100028F0D1F2
:10A9C000FFE7FFE701992020C1F8880001990020E6
:10A9D00088670198FEF758FF02B080BD00000000B4
:10A9E00080B59EB01D9000208DF867001D9800680E
:10A9F00040F60041C5F60001884201D1FFE700E0C2
:10AA0000FFE71D9988680B694A69C96918431043B3
:10AA100008431C901D980068006846F6F311CCF6B8
:10AA2000FF7108401C9908431D99096808601D982A
:10AA30000068406820F440501D9A1168D2681043A5
:10AA400048601D9880691C901D98006840F6004180
:10AA5000C5F60001884206D0FFE71D98016A1C98E0
:10AA600008431C90FFE71D98006880684FF2FF4183
:10AA7000C1F2FF1108401C9908431D9909688860BC
:10AA80001D980068C06A20F00F001D9A1168526A74
:10AA90001043C862FFE71D98006841F20001C4F24C
:10AAA0000101884240F04180FFE744F25440C5F67E
:10AAB0000200006800F038000146109128282FD8C5
:10AAC0001099DFE801F0152D2D2D2D2D2D2D192D8F
:10AAD0002D2D2D2D2D2D1D2D2D2D2D2D2D2D212DC2
:10AAE0002D2D2D2D2D2D252D2D2D2D2D2D2D2900CF
:10AAF00001208DF86D0017E004208DF86D0013E043
:10AB000008208DF86D000FE010208DF86D000BE02F
:10AB100020208DF86D0007E040208DF86D0003E0E7
:10AB200080208DF86D00FFE76CE21D98006844F20C
:10AB30000041C4F2000188422ED1FFE744F25440A4
:10AB4000C5F60200006800F0070001460F910528D5
:10AB50001DD80F99DFE801F003070B0F1317002032
:10AB60008DF86D0017E004208DF86D0013E00820CB
:10AB70008DF86D000FE010208DF86D000BE02020A7
:10AB80008DF86D0007E040208DF86D0003E0802017
:10AB90008DF86D00FFE734E21D98006844F600016F
:10ABA000C4F2000188422ED1FFE744F25440C5F6BA
:10ABB0000200006800F0070001460E9105281DD82C
:10ABC0000E99DFE801F003070B0F131700208DF833
:10ABD0006D0017E004208DF86D0013E008208DF85B
:10ABE0006D000FE010208DF86D000BE020208DF837
:10ABF0006D0007E040208DF86D0003E080208DF8A7
:10AC00006D00FFE7FCE11D98006844F60041C4F2C6
:10AC1000000188422ED1FFE744F25440C5F60200FD
:10AC2000006800F0070001460D9105281DD80D9918
:10AC3000DFE801F003070B0F131700208DF86D00FC
:10AC400017E004208DF86D0013E008208DF86D00EA
:10AC50000FE010208DF86D000BE020208DF86D00C6
:10AC600007E040208DF86D0003E080208DF86D0036
:10AC7000FFE7C4E11D98006845F20001C4F200013D
:10AC800088422ED1FFE744F25440C5F60200006826
:10AC900000F0070001460C9105281DD80C99DFE84B
:10ACA00001F003070B0F131700208DF86D0017E05C
:10ACB00004208DF86D0013E008208DF86D000FE082
:10ACC00010208DF86D000BE020208DF86D0007E05E
:10ACD00040208DF86D0003E080208DF86D00FFE7C7
:10ACE0008CE11D98006841F20041C4F201018842E4
:10ACF00040F04180FFE744F25440C5F6020000688E
:10AD000000F0380001460B9128282FD80B99DFE876
:10AD100001F0152D2D2D2D2D2D2D192D2D2D2D2DF8
:10AD20002D2D1D2D2D2D2D2D2D2D212D2D2D2D2D6F
:10AD30002D2D252D2D2D2D2D2D2D290001208DF88A
:10AD40006D0017E004208DF86D0013E008208DF8E9
:10AD50006D000FE010208DF86D000BE020208DF8C5
:10AD60006D0007E040208DF86D0003E080208DF835
:10AD70006D00FFE741E11D98006847F60001C4F24D
:10AD8000000188422ED1FFE744F25440C5F602008C
:10AD9000006800F0070001460A9105281DD80A99AD
:10ADA000DFE801F003070B0F131700208DF86D008B
:10ADB00017E004208DF86D0013E008208DF86D0079
:10ADC0000FE010208DF86D000BE020208DF86D0055
:10ADD00007E040208DF86D0003E080208DF86D00C5
:10ADE000FFE709E11D98006847F60041C4F2000141
:10ADF00088422ED1FFE744F25440C5F602000068B5
:10AE000000F007000146099105281DD80999DFE8DF
:10AE100001F003070B0F131700208DF86D0017E0EA
:10AE200004208DF86D0013E008208DF86D000FE010
:10AE300010208DF86D000BE020208DF86D0007E0EC
:10AE400040208DF86D0003E080208DF86D00FFE755
:10AE5000D1E01D98006841F60001C4F2010188426A
:10AE600040F04180FFE744F25440C5F6020000681C
:10AE700000F038000146089128282FD80899DFE80B
:10AE800001F0152D2D2D2D2D2D2D192D2D2D2D2D87
:10AE90002D2D1D2D2D2D2D2D2D2D212D2D2D2D2DFE
:10AEA0002D2D252D2D2D2D2D2D2D290001208DF819
:10AEB0006D0017E004208DF86D0013E008208DF878
:10AEC0006D000FE010208DF86D000BE020208DF854
:10AED0006D0007E040208DF86D0003E080208DF8C4
:10AEE0006D00FFE786E01D98006841F60041C4F25E
:10AEF0000101884240F04180FFE744F25440C5F62A
:10AF00000200006800F038000146079128282FD879
:10AF10000799DFE801F0152D2D2D2D2D2D2D192D43
:10AF20002D2D2D2D2D2D1D2D2D2D2D2D2D2D212D6D
:10AF30002D2D2D2D2D2D252D2D2D2D2D2D2D29007A
:10AF400001208DF86D0017E004208DF86D0013E0EE
:10AF500008208DF86D000FE010208DF86D000BE0DB
:10AF600020208DF86D0007E040208DF86D0003E093
:10AF700080208DF86D00FFE73BE01D98006840F6EB
:10AF80000041C5F6000188422ED1FFE744F2584047
:10AF9000C5F60200006800F007000146069105288A
:10AFA0001DD80699DFE801F003070B0F13170220E5
:10AFB0008DF86D0017E004208DF86D0013E0082077
:10AFC0008DF86D000FE010208DF86D000BE0202053
:10AFD0008DF86D0007E040208DF86D0003E08020C3
:10AFE0008DF86D00FFE703E080208DF86D00FFE72E
:10AFF000FFE7FFE7FFE7FFE7FFE7FFE7FFE7FFE721
:10B00000FFE7FFE7FFE71D98006840F60041C5F63F
:10B010000001884240F0B480FFE79DF86D000146D2
:10B020000591022814D0FFE70598042814D0FFE703
:10B030000598082816D0FFE70598102818D0FFE7D4
:10B040000598202835D0FFE70598402837D03AE00A
:10B05000FAF7BAFC11903CE015A8FAF7C9FC16986B
:10B06000119036E012A8FAF71BFE1398119030E009
:10B0700044F20040C5F60200006800F02001002004
:10B08000B0EB511F0ED0FFE744F20040C5F60200BE
:10B090000068C0F3C10149F20000C0F2D030C840DE
:10B0A000119005E049F20000C0F2D0301190FFE7A6
:10B0B0000FE040F60010C0F23D00119009E04FF49F
:10B0C0000040119005E00020119001208DF86700EC
:10B0D000FFE71198002852D0FFE711981D994A6A9E
:10B0E00041F6CC51C0F6010131F81210B0FBF1F07D
:10B0F000189018981D99496801EB4101884207D3BF
:10B10000FFE718981D994968B0EB013F04D9FFE7A4
:10B1100001208DF8670031E011981D994A6803926B
:10B120004A6A41F6CC51C0F6010131F812200023E1
:10B1300004931946F5F750F9039A049B090241EA72
:10B140001061000210EB520041F10001F5F744F9E3
:10B150001A901A98B0F5407F0BD3FFE71A99002098
:10B16000B0EB115F05D1FFE71A981D990968C86017
:10B1700003E001208DF86700FFE7FFE7FFE746E106
:10B180001D98C069B0F5004F40F0A880FFE79DF81A
:10B190006D0001460291402800F263800299DFE8C9
:10B1A00001F021256060296060602F606060606050
:10B1B00060603560606060606060606060606060BA
:10B1C0006060566060606060606060606060606089
:10B1D000606060606060606060606060606060606F
:10B1E00060605C00FCF768F9119040E0FCF778F9CA
:10B1F00011903CE015A8FAF7FBFB1698119036E089
:10B2000012A8FAF74DFD1398119030E044F2004077
:10B21000C5F60200006800F020010020B0EB511FCD
:10B220000ED0FFE744F20040C5F602000068C0F30C
:10B23000C10149F20000C0F2D030C840119005E0D1
:10B2400049F20000C0F2D0301190FFE70FE040F665
:10B250000010C0F23D00119009E04FF40040119041
:10B2600005E00020119001208DF86700FFE711989C
:10B2700098B3FFE711981D9A5168536A41F6CC5272
:10B28000C0F6010232F81320B0FBF2F0400000EBF0
:10B290005100B0FBF1F01A901A98102818D3FFE76C
:10B2A000BDF86A00A0B9FFE71A9820F00F00ADF8CA
:10B2B0006E001A9800F00E01BDF86E0040EA5100D1
:10B2C000ADF86E00BDF86E001D990968C86003E016
:10B2D00001208DF86700FFE7FFE797E09DF86D001C
:10B2E00001460191402800F263800199DFE801F0F6
:10B2F00021256060296060602F6060606060606030
:10B300003560606060606060606060606060606068
:10B310005660606060606060606060606060606037
:10B32000606060606060606060606060606060601D
:10B330005C00FCF7C1F8119040E0FCF7D1F81190E7
:10B340003CE015A8FAF754FB1698119036E012A8C5
:10B35000FAF7A6FC1398119030E044F20040C5F6CD
:10B360000200006800F020010020B0EB511F0ED059
:10B37000FFE744F20040C5F602000068C0F3C101D7
:10B3800049F20000C0F2D030C840119005E049F207
:10B390000000C0F2D0301190FFE70FE040F600103F
:10B3A000C0F23D00119009E04FF40040119005E01B
:10B3B0000020119001208DF86700FFE7119820B35D
:10B3C000FFE711981D9A5168536A41F6CC52C0F6B6
:10B3D000010232F81320B0FBF2F000EB5100B0FB99
:10B3E000F1F01A901A9810280AD3FFE7BDF86A0006
:10B3F00030B9FFE7BDF868001D990968C86003E02F
:10B4000001208DF86700FFE7FFE7FFE7FFE71D99E1
:10B410000120A1F86A001D99A1F868001D9900207B
:10B4200048671D9988679DF867001EB080BD0000C1
:10B4300080B586B0DDF820C0049003918DF80B2014
:10B440000193FFE704980068C06903990840401A17
:10B45000B0FA80F040099DF80B10884266D1FFE7F2
:10B4600008980130002860D0FFE7FAF74DF90199FC
:10B47000401A0899884203D8FFE7089820B9FFE7E7
:10B4800003208DF8170055E0049800680068400715
:10B49000002849D5FFE70398802845D0FFE70398A7
:10B4A000402841D0FFE704980068C06900F0080117
:10B4B0000120B0EBD10F16D1FFE7049801680820F6
:10B4C000009008620498FFF717FA00980499C1F8F1
:10B4D0009000FFE70499002081F88400FFE7012035
:10B4E0008DF8170026E004980068C06900F4006138
:10B4F0000120B0EBD12F16D1FFE7049801684FF47B
:10B50000006008620498FFF7F7F904992020C1F859
:10B510009000FFE70499002081F88400FFE70320F2
:10B520008DF8170006E0FFE7FFE78BE700208DF8B6
:10B530001700FFE79DF8170006B080BD000000006F
:10B54000FFE7FEE70000000082B041EC100B8DED3C
:10B55000000B0198C0F30A5040F2FF71401A18BF67
:10B56000012002B07047000082B041EC100B8DED5D
:10B57000000B0198C0F30A5040F2FF71401A18BF47
:10B58000012002B07047000081B000EE100A009068
:10B590000098C0F3C750FF3818BF012001B07047B2
:10B5A00081B000EE100A00900098C0F3C750FF3839
:10B5B00018BF012001B0704781B0ADF80200BDF99D
:10B5C000020000280ED4FFE7BDF9021001F01F02AF
:10B5D000012090404A094EF20011CEF2000141F8DC
:10B5E0002200FFE701B070474EF60C50CEF200008B
:10B5F0000068C0F30220704782B0ADF806000091E9
:10B60000BDF9060000280AD4FFE700980001BDF943
:10B6100006104EF20042CEF2000288540BE0009871
:10B620000001BDF8061001F00F014EF61452CEF2E3
:10B6300000028854FFE702B07047000000000000DD
:10B6400083B00290029800F0070000904EF60C5173
:10B65000CEF200010868019001984FF6FF021040F9
:10B6600001900198009A40EA02200022C0F2FA52AA
:10B67000104301900198086003B07047000000007B
:10B6800080B582B000200190FAF756F8FEF784FDED
:10B69000FEF752FBFEF7DCF9FEF722F9FEF748F958
:10B6A000FEF78EFAFEF734FAFEF756FA01F044F888
:10B6B00018B9FFE7F5F7E8FAFFE7FEF775F900F0CC
:10B6C0002BF8FFE7FEE7000082B0ADF8060000208F
:10B6D0000090BDF90600842807D0FFE7BDF90600F9
:10B6E0000099084403300090FFE7009802B07047CB
:10B6F00080B584B0039003980290029818B1FFE7D8
:10B700000298019002E001200190FFE7019805F006
:10B7100043FD002004B080BD80B505F075FD00201C
:10B7200080BD000000000000B0B590B00E900D91FB
:10B730000E98406938B3FFE70E98806918B3FFE7A9
:10B740000E980168089141680B91016909910D9962
:10B750000A91B0F90800FFF7B7FF0899099A0A9B08
:10B7600084460B98DDF838E0DEF81440DEF8185017
:10B77000EE46CEF80850CEF80440CEF800C005F0F2
:10B780000FFF0C9020E00E9801680491416807912A
:10B79000018A05910D990691B0F90800FFF794FF11
:10B7A0000499059A069B84460798EE460CACCEF8A1
:10B7B0000440CEF800C005F0A3FE012803D0FFE747
:10B7C00000200F9003E0FFE70C980F90FFE70F9821
:10B7D00010B0B0BD0000000083B08DF809000191E9
:10B7E0009DF80900C00720B9FFE70020ADF80A0066
:10B7F00010E00198B0F5803F04D3FFE74FF6FF70EB
:10B80000009003E0BDF804000090FFE70098ADF859
:10B810000A00FFE7BDF80A0003B07047000000000F
:10B8200080B58CB0002001900B900A900990089090
:10B83000079006900590049004A803A9FBF7CCFD9F
:10B84000FBF73AFE0290099820B1FFE7029840000A
:10B850000290FFE702984DF68361C4F21B31A0FB12
:10B8600001014FF0FF3000EB91400CB080BD0000B3
:10B8700083B0019000208DF80300FFE79DF80300DE
:10B88000052815D8FFE7019A9DF80300582110FB01
:10B8900001208078C00720B9FFE700208DF80B0059
:10B8A0000AE0FFE79DF8030001308DF80300E5E7AB
:10B8B00001208DF80B00FFE79DF80B0003B07047E7
:10B8C00080B582B0009045F27410C2F2004002F0E0
:10B8D00047FC20B9FFE700208DF8070024E001F0C5
:10B8E00037F800F0A9FF009840F20411C2F20001FD
:10B8F000086040F28021C2F2004100208880086088
:10B9000040F20012C2F200023F21117045F6B4412C
:10B91000C2F20041087045F63811C2F200410870C9
:10B9200001208DF80700FFE79DF8070002B080BDF9
:10B9300082B00190019890F8AD00ADF80200019836
:10B94000806E45F60451C2F200410968884207D072
:10B95000FFE7BDF8020040F48070ADF80200FFE799
:10B960000198C06E40F2B411C2F200010968884229
:10B9700007D0FFE7BDF8020040F40070ADF8020008
:10B98000FFE70198006E45F6FC41C2F200410968EC
:10B9900088420AD1FFE70198406E40F2A811C2F236
:10B9A00000010968884207D0FFE7BDF8020040F4B3
:10B9B0008060ADF80200FFE7BDF8020002B07047FA
:10B9C00080B584B0039001F0A3F850B9FFE704F00C
:10B9D00067FC694600230B600622114600F0C4FB99
:10B9E000FFE7FFE740F2D110C2F200000078C00785
:10B9F00010B3FFE745F27410C2F20040007803284C
:10BA000010D0FFE745F27410C2F20040007804281D
:10BA100008D0FFE745F27410C2F200400078052814
:10BA20000AD1FFE704F03CFC694600230B600A21C1
:10BA3000082200F099FBFFE7FFE702A800F014FFDF
:10BA400020B1FFE7029800F01FFEF6E704F0C8FC03
:10BA50004078C00750B1FFE704F022FC694600239C
:10BA60000B600522114600F07FFBFFE701F058FB59
:10BA700000F0D2FB0120FFF73BFEB3E7000000001F
:10BA800085B0039002910192039802990968401AC7
:10BA900000900398029908600098B0F5803F08D3A1
:10BAA000FFE70199012008704FF6FF70ADF8120012
:10BAB00003E00098ADF81200FFE7BDF8120005B0F2
:10BAC000704700000000000080B592B0DDF854C05F
:10BAD000DDF850C01090ADF83E108DF83D208DF887
:10BAE0003C3040F2AC10C2F200000078C00720B930
:10BAF000FFE701208DF8470039E000200090069014
:10BB0000059004900390109800F006FF0390BDF894
:10BB10003E00ADF810009DF83D008DF812009DF834
:10BB20003C008DF81300149805901598069045F682
:10BB30000850C2F2004002680DF11E001E2103AB46
:10BB400003F08EF80146009802910299019041B1EC
:10BB5000FFE7BDF808100DF11E0000F0B9FE0190DE
:10BB6000FFE7019800F001008DF84700FFE79DF81E
:10BB7000470012B080BD000080B5CAB0499048911E
:10BB8000479246930AA87021F4F73FFD499800F0C8
:10BB9000C3FE0A90489880788DF82C004898C078A9
:10BBA0008DF82D00489800798DF82E0045F254004C
:10BBB000C2F200400088ADF834004698FFF7B8FEA6
:10BBC000ADF8360000208DF82700FFE79DF827002C
:10BBD000052800F2EB80FFE7479A9DF827005821DF
:10BBE00010FB012007909DF82710012088408DF858
:10BBF0001B000798C1780020C907029071B1FFE7C8
:10BC0000079890F83A0048999DF8272011448979BF
:10BC1000401AB0FA80F040090290FFE7029800F065
:10BC200001008DF81A0007984078C00740B1FFE77F
:10BC30009DF81B109DF82F0008438DF82F00FFE79B
:10BC40009DF81A00C007B0B1FFE79DF81B109DF8E2
:10BC5000300008438DF83000079890F85400C00772
:10BC600040B1FFE79DF81B109DF8320008438DF8A6
:10BC70003200FFE7FFE707988078C00740B1FFE791
:10BC80009DF81B109DF8310008438DF83100FFE747
:10BC90009DF82700032842D8FFE79DF827100AA83F
:10BCA00000EB0110103005909DF81A00C00780B11C
:10BCB000FFE70798B0F84800059908800798B0F8A2
:10BCC0004A00059948800798B0F850000599888087
:10BCD000FFE707988078C00768B1FFE70798C08B37
:10BCE0000599C8800798008C059908810798408CB1
:10BCF00005994881FFE7079801699DF81A0000F04F
:10BD00000100FFF769FD059988810798C16880786F
:10BD100000F00100FFF760FD0599C8813FE09DF844
:10BD2000270004388DF813009DF813100AA800EBC3
:10BD30000110503003909DF81A00C00728B1FFE7AA
:10BD40000798806C03990860FFE707988078C00720
:10BD500088B1FFE70798408C039988800798406A6C
:10BD60000399C8800798008C039908810798C08BB5
:10BD700003994881FFE7079801699DF81A0000F0D0
:10BD80000100FFF729FD039988810798C168807831
:10BD900000F00100FFF720FD0399C881FFE7FFE7EE
:10BDA0009DF8270001308DF827000FE745F6085071
:10BDB000C2F2004002680DF19A007E210AAB02F047
:10BDC000DBFF089008990020019041B1FFE7BDF822
:10BDD00020100DF19A0000F07BFD0190FFE7019823
:10BDE00000F001004AB080BD80B59EB01C9002A852
:10BDF00000902C21F4F709FC009B45F27411C2F26B
:10BE0000004108798DF8080001208DF809008DF8AF
:10BE10000A001C9A40F62810C2F226004240039203
:10BE2000FA22ADF810200A22ADF812201C9A0592D1
:10BE3000896806917E21ADF81C104FF461210891AC
:10BE400044F24021C0F20F01099145F23141C4F69C
:10BE50004F510A910B9045F23100C5F24C700C9095
:10BE600045F60850C2F2004002680DF136003A2152
:10BE700003F082F80190019840B1FFE7BDF804108B
:10BE80000DF1360000F024FD20B9FFE700208DF809
:10BE900077000EE01C9840F2B011C2F20001086079
:10BEA00040F2AC11C2F20001012008708DF8770059
:10BEB000FFE79DF877001EB080BD00000000000085
:10BEC00080B5A8B0269045F27410C2F2004003A9D4
:10BED00002F0F2FC20B9FFE700208DF89F0028E077
:10BEE00045F60850C2F20040026813A84C2103AB8B
:10BEF00003F0B2F80290029838B1FFE7BDF80810DD
:10BF000013A800F0E5FC20B9FFE700208DF89F00A2
:10BF10000FE026989DF80C309DF80D106A4653608E
:10BF2000116001210022FF23FFF7CEFD8DF89F0055
:10BF3000FFE79DF89F0028B080BD000000000000D2
:10BF400080B5C2B040903F913E92002008900E9084
:10BF50008DF833000FA83C21F4F757FB409800F010
:10BF6000DBFC014608980F918DF83200FFE79DF841
:10BF70003200052800F28580FFE73F9A9DF83200E5
:10BF8000582110FB01200A909DF83200032806D8A2
:10BF9000FFE70A98007F00F00F00079005E00A987D
:10BFA000007F00F00F000790FFE707988DF827004B
:10BFB0009DF827009DF8321001F00102920000FA6E
:10BFC00002F20FA8069000EB5101087910430871A6
:10BFD0003E989DF8322000EB8200806945F67C2176
:10BFE000C2F2004101EB82010DF133020592FFF72D
:10BFF00047FD059A06999DF8323001EB43014882CE
:10C000003E989DF8323000EB8300006B40F28811BF
:10C01000C2F2000101EB8301FFF732FD06999DF8A2
:10C02000322001EB4201C8833E989DF8321000EBAC
:10C030008100816C0E9808440E909DF83200032810
:10C0400010D8FFE70A9890F830009DF832200FA929
:10C050000A44D0710A9890F831009DF832201144BA
:10C06000C87207E00A98407F9DF832100FAA114469
:10C07000C872FFE7FFE79DF8320001308DF832000B
:10C0800075E73E98426EC16E006F104408440D90F3
:10C090000E9840F28411C2F200010DF133020492B5
:10C0A000FFF7EEFC049AADF866003E98806E45F608
:10C0B0009421C2F20041FFF7E3FC049AADF8680056
:10C0C0000D9840F28011C2F20001FFF7D9FCADF8E3
:10C0D0006A003E9890F8AC008DF86C003E9890F89D
:10C0E000AD008DF86D009DF83300C007C0B1FFE7CB
:10C0F00045F60051C2F200410020087040980E99A8
:10C100000D9B6A465360116008210122FF23FFF74F
:10C11000DBFC20B9FFE700208DF807011DE0FFE7F9
:10C1200045F60850C2F2004002681EA880210FABFD
:10C1300003F036F80B900B990020039039B1FFE71C
:10C14000BDF82C101EA800F0C3FB0390FFE7039876
:10C1500000F001008DF80701FFE79DF8070142B0EC
:10C1600080BD00000000000080B584B0DDF818C07C
:10C1700003908DF80B108DF80A20019345F274108E
:10C18000C2F200400078072801D1FFE71FE045F226
:10C190007410C2F2004001F0AFFF45F60051C2F248
:10C1A00000410020087045F6B441C2F200413F2032
:10C1B000087003989DF80B109DF80A20019BDDF88C
:10C1C00018C0EE46CEF800C000F052FDFFE704B004
:10C1D00080BD00000000000080B582B0019045F6EF
:10C1E000B441C2F200413F200870019845F6381171
:10C1F000C2F200410A7840F2A411C2F200010B68B9
:10C20000EC460021CCF80010022100F031FD02B014
:10C2100080BD00000000000080B5A8B040F2AC1066
:10C22000C2F200000078C00730B1FFE704F0D8F890
:10C230004078C00708B1FFE79FE040F23C30C2F20F
:10C24000004001F0B5F97F2801D3FFE795E040F207
:10C25000C810C2F200000078C00700B3FFE745F63F
:10C260000850C2F20040026840F2B813C2F2000364
:10C2700008A8802102F0F4FC0790079838B1FFE786
:10C28000BDF81C1008A800F023FB08B9FFE774E014
:10C2900040F2C811C2F2000100200870FFE745F229
:10C2A000B820C2F200400078C007002865D0FFE740
:10C2B000002000900690059004900390029045F2B3
:10C2C000BC20C2F200400068029045F60850C2F25D
:10C2D000004000680130039040F23C30C2F2004060
:10C2E00044F210114158049101F0C2F9014600983E
:10C2F0008DF8141045F60051C2F200410978C907C3
:10C30000019031B1FFE79DF8140080F00100019029
:10C31000FFE7019800F001008DF8150040F2701061
:10C32000C2F200000078ADF8160045F27410C2F2B7
:10C3300000408068069045F60850C2F2004002684E
:10C3400008A8802102AB02F0CBFC0790079838B117
:10C35000FFE7BDF81C1008A800F0BAFA08B9FFE71B
:10C360000BE045F2B821C2F200410020087040F213
:10C37000AC11C2F200010870FFE728B080BD0000D8
:10C3800080B584B00390029140F28821C2F200414E
:10C3900008680130086000F063FE40F20010C2F24D
:10C3A0000000007850BBFFE740F28820C2F2004056
:10C3B00000684CF6CD41CCF6CC414843B0F1333F58
:10C3C0001CD8FFE700F0C0FCC0B9FFE7039840F2BB
:10C3D0000411C2F200010968401A48F28041C0F21B
:10C3E0001E01884209D3FFE70398694600230B60CA
:10C3F00007221146FFF7B8FEFFE72FE00298FFF78C
:10C4000037FAA0B1FFE70299039A45F27410C2F21D
:10C41000004001F0C1FE48B9FFE7039869460023D8
:10C420000B6004221146FFF79FFEFFE716E003981A
:10C4300040F20411C2F200010968401A48F280413A
:10C44000C0F21E01884209D3FFE703986946002322
:10C450000B6007221146FFF787FEFFE704B080BD9F
:10C4600080B5AAB0299028912792279890F8AD100E
:10C47000012011F0060F0C9018D1FFE72798816E6C
:10C4800045F60450C2F200400268012091420C902F
:10C490000CD1FFE72798C06E40F2B411C2F2000140
:10C4A0000968401A18BF01200C90FFE70C9800F0B3
:10C4B00001008DF8360028980B902998099040F2D9
:10C4C000B010C2F2000000680A909DF83600089093
:10C4D00040F23C30C2F2004001F0CAF80899099AD3
:10C4E0000A9B86460B98EC46CCF804E001F001016B
:10C4F000CCF8001045F6B841C2F2004103F0A4FCAC
:10C50000014645F25400C2F2004001800088A8B103
:10C51000FFE72998079045F25400C2F200400088D6
:10C5200006902798FFF704FA069B014607986A468B
:10C53000116003221146FFF717FEA1E0299945F289
:10C540007410C2F200400EAA02F0A6FA48B9FFE742
:10C550002998694600230B600A210822FFF704FE90
:10C560008EE09DF83900C00720B1FFE72998FFF75A
:10C5700033FE85E09DF83800C00770B1FFE72998C9
:10C58000FFF79EFC48B9FFE72998694600230B6036
:10C5900004221146FFF7E8FD72E00EA800F07CFCD3
:10C5A00060B9FFE729989DF83A309DF83D106A463A
:10C5B000116006221146FFF7D7FD61E045F6B04154
:10C5C000C2F200410A68012090438DF837000868E4
:10C5D000013008609DF83700C00708B9FFE74FE059
:10C5E0002998289A279B0EA9FFF7C6FAB0B9FFE74A
:10C5F0002998059040F23C30C2F20040049000F0CF
:10C60000D7FF04990346059844F2101289586A46E8
:10C61000116004221146FFF7A7FD31E040F2A4109B
:10C62000C2F20000016801310160006845F629414D
:10C63000CCF28F21484347F2A301C0F63D21884246
:10C640001ED8FFE729982899279AFFF779FCB0B9F7
:10C65000FFE72998039040F23C30C2F2004002907C
:10C6600000F0A6FF02990346039844F2101289587D
:10C670006A46116004221146FFF776FDFFE7FFE7E7
:10C680002AB080BD0000000080B5ADF5367DB390C6
:10C69000B3982DA900F080FC40F2A410C2F2000073
:10C6A000006845F62941CCF28F21484347F2A301A7
:10C6B000C0F63D21884203D8FFE700F0B5FDFFE753
:10C6C000EFF31080B490B4980090EFF3108072B63E
:10C6D000B59000F065FF014601A8B022F3F739FFDD
:10C6E000009810B9FFE762B6FFE745F27410C2F296
:10C6F00000400078032805D1FFE7B3982DA9FFF784
:10C700003FFE16E045F27410C2F2004000780428A3
:10C7100008D0FFE745F27410C2F200400078052807
:10C7200006D1FFE7B3982DA901AAFFF799FEFFE70D
:10C73000FFE70DF5367D80BD80B584B045F2C120A0
:10C74000C2F200404FF40071F3F73DFF40F2D41005
:10C75000C2F200004021F3F758FF40F27411C2F218
:10C76000000100200090088045F2C241C2F2004161
:10C77000088045F2C021C2F20041087040F27211F7
:10C78000C2F20001088040F2D011C2F2000108702C
:10C7900045F61051C2F20041087040F2D111C2F2C8
:10C7A0000001087045F6B441C2F20041087045F638
:10C7B0009820C2F20040029003F086F940F23C302B
:10C7C000C2F20040019000F02BFF45F27410C2F25B
:10C7D000004002F009F945F6B840C2F2004003F00B
:10C7E0005BFC40F26810C2F2000001F065F803F053
:10C7F000FFFD019803F068FD029800F0E1FC4CF6A3
:10C80000E970C0F6000003F053FD03F021FD20B1F4
:10C81000FFE700F059FE20B9FFE700208DF80F0078
:10C8200003E001208DF80F00FFE79DF80F0004B032
:10C8300080BD00000000000080B584B0EFF31080E0
:10C84000029002980190EFF3108072B6039045F6C3
:10C850009820C2F2004003F037F9019810B9FFE7C1
:10C8600062B6FFE704B080BD80B584B00290029844
:10C8700068B1FFE745F61050C2F20040007840F280
:10C88000D011C2F200010978884204D1FFE70020EC
:10C890008DF80F0017E045F61050C2F200400190ED
:10C8A000027840F2D411C2F2000151F82210029A2B
:10C8B00011600078102103F0ABFA01990870012093
:10C8C0008DF80F00FFE79DF80F0004B080BD000059
:10C8D00080B584B00290ADF806100299BDF806202C
:10C8E00040F23C30C2F2004000F03EFF20B9FFE7CA
:10C8F00000208DF80F000AE045F60851C2F2004111
:10C9000008680130086001208DF80F00FFE79DF8EE
:10C910000F0004B080BD000082B0019040F2AC1066
:10C92000C2F200000078C00748B1FFE7019840F26A
:10C93000B011C2F200010968401A009002E0002024
:10C940000090FFE7009802B0704700000000000070
:10C9500080B5B2B0EFF31080309030980390EFF3D1
:10C96000108072B6319000F01BFE014604A8B02280
:10C97000F3F7EFFD45F2C021C2F20041002008703C
:10C9800040F2D111C2F20001087040F2D010C2F2A0
:10C990000000007845F61051C2F20041087003987B
:10C9A00010B9FFE762B6FFE745F60851C2F2004151
:10C9B00000200190086040F2A411C2F2000108605A
:10C9C00045F6B041C2F20041086040F2B011C2F237
:10C9D0000001086040F28821C2F20041086045F27F
:10C9E0005401C2F20041088040F2AC11C2F20001D1
:10C9F000087045F60052C2F200420121117040F267
:10CA0000C811C2F20001087045F2B821C2F200411B
:10CA1000087040F23C30C2F20040009000F000FE8E
:10CA2000009803F051FC01988DF80B00FFE79DF88A
:10CA30000B0005281ED8FFE79DF80B3004A800EB7B
:10CA40008301896945F67C22C2F2004242F8231034
:10CA50009DF80B2000EB8200006B40F28811C2F2BF
:10CA6000000141F82200FFE79DF80B0001308DF82E
:10CA70000B00DCE740F28411C2F2000100200860E4
:10CA80008DF80B00FFE79DF80B00052814D8FFE791
:10CA90009DF80B1004A800EB8100826C40F2841119
:10CAA000C2F20001086810440860FFE79DF80B001F
:10CAB00001308DF80B00E6E71E9845F69421C2F28E
:10CAC000004108601D9A1F9920981044084440F2C4
:10CAD0008011C2F2000108601C9845F6FC41C2F2C8
:10CAE000004108601D9840F2A811C2F200010860E0
:10CAF0001E9845F60451C2F2004108601F9840F2AA
:10CB0000B411C2F20001086032B080BD0000000024
:10CB100080B582B042F21070FEF7EAFD45F258008F
:10CB2000C2F200400090012101F0A6FC009945F2FC
:10CB30007410C2F2004001F06BFC20B1FFE700F07E
:10CB400033F820B9FFE700208DF8070026E040F217
:10CB5000D010C2F20000007845F61051C2F2004138
:10CB6000087040F2D111C2F200010020087003F0F9
:10CB700097FBFEF7A5FE20B9FFE700208DF8070020
:10CB80000CE040F20011C2F200010020087003F036
:10CB900087FBFFF729F98DF80700FFE79DF80700ED
:10CBA00002B080BD0000000080B582B000208DF88A
:10CBB0000600FFE79DF80600092814D8FFE70020CB
:10CBC000022100F00DF920B9FFE700208DF80700E1
:10CBD00047E00120FEF78CFDFFE79DF806000130DD
:10CBE0008DF80600E6E700208DF80600FFE79DF8C7
:10CBF0000600092814D8FFE70120032100F0F0F80F
:10CC000020B9FFE700208DF807002AE00120FEF799
:10CC10006FFDFFE79DF8060001308DF80600E6E79E
:10CC200000208DF80600FFE79DF80600092814D8BB
:10CC3000FFE70420052100F0D3F820B9FFE700202A
:10CC40008DF807000DE00120FEF752FDFFE79DF88B
:10CC5000060001308DF80600E6E701208DF8070098
:10CC6000FFE79DF8070002B080BD00000000000053
:10CC700080B586B0DDF820C005908DF813108DF8D2
:10CC80001220039340F2AC10C2F200000078C007FB
:10CC900040B1FFE745F2B820C2F200400078C0077B
:10CCA00008B1FFE74BE040F2B811C2F20001019178
:10CCB0000020C8608860486008600598FFF72CFE77
:10CCC000019908609DF8130088809DF812100120DA
:10CCD000029041B1FFE79DF812000138B0FA80F0F0
:10CCE00040090290FFE70298C1070220002918BFFF
:10CCF000002040F2B811C2F200018871FF20C87113
:10CD0000039888600898C86040F2C811C2F2000118
:10CD10000120087045F2B821C2F2004108709DF868
:10CD2000120040F27011C2F2000108700598FFF77E
:10CD3000F3FD45F2BC21C2F200410860FFE706B0F6
:10CD400080BD00000000000080B58AB000208DF892
:10CD50002600FFE79DF82600052836D8FFE79DF856
:10CD60002600032812D8FFE79DF826009FED1B2A16
:10CD700001A9B0EE420AF0EE420AB0EE421AF0EE1D
:10CD8000421A00F095FE8DF8030009E09DF8260098
:10CD90009FED120A01A902F0E7FB8DF80300FFE7FF
:10CDA0009DF80300C00728B1FFE701A800F068F86C
:10CDB00020B9FFE700208DF827000AE0FFE79DF883
:10CDC000260001308DF82600C4E701208DF82700E9
:10CDD000FFE79DF827000AB080BD00BF00000000FB
:10CDE00080B596B08DF857008DF856109DF8570015
:10CDF000032812D8FFE79DF85700022103910DAADE
:10CE000000F08EFF03998DF813009DF8560005AAD7
:10CE100000F086FF8DF8120011E09DF85700072101
:10CE200002910DAA02F060FB02998DF813009DF8A3
:10CE3000560005AA02F058FB8DF81200FFE79DF896
:10CE400013100020C9070190A1B1FFE79DF812104F
:10CE50000020C907019069B1FFE70DA800F010F8A4
:10CE600001460020019029B1FFE705A800F008F86D
:10CE70000190FFE7019800F0010016B080BD0000AE
:10CE800080B582B00190019800F012FAB0FA80F0FB
:10CE9000400902B080BD000080B58CB00A9000202F
:10CEA0008DF82700FFE79DF8270005286CD8FFE7DD
:10CEB00000208DF803000A9840799DF82710C8409B
:10CEC000C00708B9FFE759E09DF82700032815D8E7
:10CED000FFE79DF827000A9901EB800191ED030A15
:10CEE000D1ED070A91ED0B1AD1ED0F1A91ED132A2E
:10CEF00001A900F0DDFD8DF803002BE00A989DF8F4
:10CF000027100844807905280DD1FFE79DF82700F8
:10CF10000A9901EB800191ED130A01A902F024FBAB
:10CF20008DF8030015E00A989DF8271008448079D1
:10CF300006280DD1FFE79DF827000A9901EB800133
:10CF400091ED130A01A902F07FFB8DF80300FFE7C2
:10CF5000FFE7FFE79DF80300C00750B1FFE79DF82A
:10CF60002000C00728B9FFE701A8FFF789FF20B913
:10CF7000FFE700208DF82F000AE0FFE79DF827006B
:10CF800001308DF827008EE701208DF82F00FFE794
:10CF90009DF82F000CB080BD80B586B00390029143
:10CFA000EFF31080049004980190EFF3108072B6B4
:10CFB0000590039945F6B840C2F20040C26B45F6B1
:10CFC0009820C2F20040009002F0AEFD0099029855
:10CFD0004FF40672F3F7BDFA019810B9FFE762B695
:10CFE000FFE706B080BD000080B582B0019040F23E
:10CFF000D010C2F200000078102102F009FF8DF875
:10D0000003009DF8030045F61051C2F20041097873
:10D01000884207D1FFE740F2D111C2F2000101209E
:10D0200008700FE0019840F2D011C2F200010B78B5
:10D0300040F2D412C2F2000242F823009DF803002D
:10D040000870FFE702B080BD80B582B00190FFE7B5
:10D0500003F056F90120FEF74BFBF9E70000000052
:10D0600080B58AB000208DF82700FFE79DF82700E3
:10D07000052851D8FFE740F20010C2F20000007806
:10D080009DF82710C840C00708B9FFE73EE09DF8AB
:10D090002700032809D8FFE79DF82700022101AAED
:10D0A00000F03EFE8DF8030008E09DF82700072100
:10D0B00001AA02F019FA8DF80300FFE79DF80300BA
:10D0C000C00710B3FFE701A8FFF7DAFEE8B1FFE7FA
:10D0D0009DF8272040F28020C2F20040815C01319F
:10D0E00081549DF82710405C0A280DD3FFE79DF876
:10D0F0002710012000FA01F240F20011C2F20001F3
:10D10000087890430870FFE7FFE7FFE79DF82700E6
:10D1100001308DF82700A9E70AB080BD00000000AB
:10D1200080B58AB000208DF82700FFE79DF8270022
:10D13000052841D8FFE745F6B440C2F20040007828
:10D140009DF82710C840C00708B9FFE72EE09DF8FA
:10D150002700032809D8FFE79DF82700032101AA2B
:10D1600000F0DEFD8DF8030008E09DF8270009219E
:10D1700001AA02F0B9F98DF80300FFE79DF803005A
:10D18000C00790B1FFE701A8FFF77AFE68B1FFE79B
:10D190009DF82710012000FA01F245F6B441C2F2D1
:10D1A0000041087890430870FFE7FFE79DF82700EB
:10D1B00001308DF82700B9E70AB080BD00000000FB
:10D1C00080B582B00190019840F2A011C2F2000136
:10D1D000086040F27C11C2F200010020009008704B
:10D1E00040F28C20C2F20040B021F3F70EFA45F66F
:10D1F0003C10C2F200404FF4A071F3F706FA009819
:10D2000045F62011C2F2004148610861C86088609B
:10D210004860086040F27611C2F200018880086020
:10D2200002B080BD0000000080B58EB003A8019060
:10D230002C21F3F7EAF9019900208DF80B0040F258
:10D240000010C2F20040F6F7D3FE40B1FFE740F213
:10D250008C21C2F20041486E0130486626E00798F2
:10D2600038B1FFE79DF80B0040F001008DF80B008E
:10D27000FFE7069838B1FFE79DF80B0040F0020089
:10D280008DF80B00FFE7089838B1FFE79DF80B0019
:10D2900040F004008DF80B00FFE79DF80B0040F212
:10D2A0008C21C2F2004181F8AD00FFE70EB080BDD5
:10D2B000B0B596B0129009A82421F3F7A6F91298F8
:10D2C00088B1FFE71298007805280CD8FFE712987C
:10D2D0008079082807D1FFE740F2A010C2F20000D1
:10D2E000006820B9FFE701208DF84F00E8E040F228
:10D2F0000010C2F20040F7F7F7F890B9FFE740F2EC
:10D300008C20C2F20040016E013101661299097849
:10D3100000EB8101886C0130886402208DF84F0099
:10D32000CEE002F0BDFC08900898002806D4FFE784
:10D330000DF11F0002F070FA78B9FFE7129801783A
:10D3400040F28C20C2F2004000EB8101886C013079
:10D35000886403208DF84F00B2E01298808809900D
:10D3600000200A900B9008210C910D900E900F90C8
:10D370004FF4000010909DF81F001190EFF3108003
:10D38000149014980690EFF3108072B615900898D8
:10D3900000EB800245F63C11C2F2004102910120EF
:10D3A00001F832009DF81F00089A02EB820201EB9F
:10D3B000C201487002F074FF01460298089A02EB1D
:10D3C000820200EBC2025160089901EB810100EB7F
:10D3D000C1010391129A049210685368D2F808C0F0
:10D3E000D2F80CE014695569CD618C61C1F814E084
:10D3F000C1F810C0CB6088609069D2694A62086247
:10D400001298C21D40F20010C2F2004009A9F6F7BE
:10D410003FFC8DF817009DF8170058B1FFE70898FA
:10D4200000EB800245F63C11C2F20041002001F8F9
:10D430003200FFE7069810B9FFE762B6FFE79DF8F4
:10D44000170090B1FFE740F28C20C2F20040416E1D
:10D45000013141661299097800EB8101886C013035
:10D46000886404208DF84F002AE01298027840F278
:10D470008C21C2F20041019151F82200013041F8A3
:10D48000220040F20010C2F20040F7F72DF8019997
:10D49000C0F108008DF816009DF8160091F8AC1048
:10D4A000884209DDFFE79DF8160040F28C21C2F2A8
:10D4B000004181F8AC00FFE700208DF84F00FFE746
:10D4C0009DF84F0016B0B0BD80B58CB00020019023
:10D4D0000A90099008900790069005900490039098
:10D4E0000390049002210591012106910790089074
:10D4F00040F20010C2F2004003A9F6F739FC20B157
:10D50000FFE700208DF82F0045E068460023036008
:10D5100040F20010C2F2004002221146F6F7B4FCBD
:10D5200020B1FFE700208DF82F0034E040F200101A
:10D53000C2F200400021F6F7D7FC48B9FFE740F2FD
:10D540000010C2F200400121F6F7F6FC20B1FFE71F
:10D5500000208DF82F001EE04DF20100C1F6803052
:10D560000290029940F20010C2F200400022F6F749
:10D570000FFB20B1FFE700208DF82F000BE040F2F9
:10D580000010C2F20040F7F777FDB0FA80F04009D2
:10D590008DF82F00FFE79DF82F000CB080BD000034
:10D5A00040F28C20C2F200407047000000000000F2
:10D5B00084B00290029820B9FFE70020ADF80E0079
:10D5C00027E002984FF48241405AADF806000298D5
:10D5D00044F20211405AADF80400BDF80600BDF84F
:10D5E0000410884208DBFFE7BDF80600BDF8041010
:10D5F000401A80B2009008E0BDF80410BDF80600A3
:10D60000401A803080B20090FFE70098ADF80E001D
:10D61000FFE7BDF80E0004B07047000000000000F6
:10D6200080B582B00190019830B1FFE7019844F2D3
:10D630001811F2F7EAFFFFE702B080BD000000001A
:10D6400082B0ADF80600BDF806000130ADF8060066
:10D65000BDF80600802803D3FFE70020009003E018
:10D66000BDF806000090FFE7009880B202B0704756
:10D6700082B0019001990020009031B1FFE701983C
:10D6800044F20411405C0090FFE7009800F00100B4
:10D6900002B070470000000084B002900191009237
:10D6A000029888B1FFE7019870B1FFE7009858B180
:10D6B000FFE7029844F20211405A02994FF4824265
:10D6C000895A884204D1FFE700208DF80F0016E048
:10D6D000029844F20211425A02EB821200EB42001D
:10D6E0000230019A10600298415A01EB811130F822
:10D6F00011000099088001208DF80F00FFE79DF8C8
:10D700000F0004B07047000080B584B0029002980A
:10D7100058B1FFE7029844F20211405A02994FF4BF
:10D720008242895A884204D1FFE700208DF80F0019
:10D7300013E0029844F202110191405AFFF780FF72
:10D74000019A02998852029944F20C1288580130C9
:10D75000885001208DF80F00FFE79DF80F0004B0FE
:10D7600080BD00000000000080B586B004900391E9
:10D77000ADF80A20049860B1FFE7039848B1FFE7CD
:10D78000BDF80A0028B1FFE7BDF80A00812804D3DC
:10D79000FFE700208DF817005AE004984FF482410B
:10D7A000405AFFF74DFFADF80800BDF80800049996
:10D7B00044F20212895A88420FD1FFE7049944F2D9
:10D7C000041201208854049944F210128858013040
:10D7D000885000208DF817003AE0BDF80A00049A3E
:10D7E0004FF482410091535A03EB831322F8130044
:10D7F0000498415A01EB811100EB4100023003997A
:10D80000BDF80A20F2F760FE009ABDF808000499FE
:10D810008852049944F208128858013088500498BC
:10D82000FFF7C6FEADF80600BDF80600049944F205
:10D830001412895A884207DDFFE7BDF806000499F3
:10D8400044F214128852FFE701208DF81700FFE719
:10D850009DF8170006B080BD85B08DED030ACDEDB3
:10D86000020A8DED011A00909DED030A9DED021A4A
:10D87000B4EE410AF1EE10FA06DAFFE70099012052
:10D8800008700298049012E09DED030A9DED011AC4
:10D89000B4EE410AF1EE10FA06DDFFE7009901202F
:10D8A00008700198049002E003980490FFE79DED52
:10D8B000040A05B07047000081B00090009830B1B4
:10D8C000FFE700990020087000994860FFE701B069
:10D8D000704700000000000086B0049003914FF0F4
:10D8E000FF300290049818B9FFE70020059033E05C
:10D8F00000200190FFE701980399884228D2FFE7B2
:10D9000004980199415C02984840029000208DF8EB
:10D910000300FFE79DF80300072814D8FFE7029AE9
:10D92000500848F22031CEF6B85181EA5201D207B0
:10D93000002A18BF08460290FFE79DF80300013057
:10D940008DF80300E6E7FFE7019801300190D2E788
:10D950000298C0430590FFE7059806B070470000A5
:10D9600080B586B004908DF80F100292049840B1F3
:10D97000FFE7029828B1FFE79DF80F00082804D0C0
:10D98000FFE700208DF817004DE0049800780009AB
:10D990000299087004984178807840EA0120029941
:10D9A00048800499C8780979000140EA1110029969
:10D9B000888004980179407901F00F0140EA012044
:10D9C0000299C88002984088BAEE090AF2EE090A64
:10D9D000102100F015FA029880ED020A0298808862
:10D9E0009FED130ADFED130A0C21019100F008FAF4
:10D9F0000199029880ED030A0298C0889FED0E0AF3
:10DA0000DFED0E0A00F0FCF9029880ED040A04989C
:10DA10008079029908750498C079029948750120A7
:10DA20008DF81700FFE79DF8170006B080BD00BF16
:10DA3000000034C200003442000058C200005842C6
:10DA400080B588B08DED070ACDED060A8DED051A7B
:10DA50008DF8130003919DF81310012088400138C0
:10DA600002909DED070ADDED060A9DED051A03986B
:10DA7000FFF7F2FE8DED010A9DED010A9DED062AEC
:10DA800030EE420A9DED051A31EE421A80EE010A8F
:10DA90008DED000A9DED000A9DED021AB8EE411AC7
:10DAA00020EE010ABCEEC00A10EE100A08B080BDDC
:10DAB00080B590B00AAA0692024606988DF83E20DC
:10DAC00080ED040AC0ED030A80ED021AC0ED011AD0
:10DAD00080ED002A099100208DF81F000998002888
:10DAE00060D0FFE7002028B9FFE70E98FDF74CFD56
:10DAF00060B957E0069890ED040AB7EEC00A51EC01
:10DB0000100BFDF721FD00284CD0FFE7002028B9BD
:10DB1000FFE70D98FDF738FD58B943E0069890ED02
:10DB2000030AB7EEC00A51EC100BFDF70DFDC8B3A8
:10DB3000FFE7002028B9FFE70C98FDF725FD58B94D
:10DB400030E0069890ED020AB7EEC00A51EC100BD7
:10DB5000FDF7FAFC30B3FFE7002028B9FFE70B9888
:10DB6000FDF712FD58B91DE0069890ED010AB7EED9
:10DB7000C00A51EC100BFDF7E7FC98B1FFE700205D
:10DB800028B9FFE70A98FDF7FFFC78B90AE0069884
:10DB900090ED000AB7EEC00A51EC100BFDF7D4FC73
:10DBA00020B9FFE700208DF83F00A7E09DF83E0078
:10DBB00001F096FE0890089820B1FFE70898007AD7
:10DBC00020B1FFE700208DF83F0097E00698099A02
:10DBD000009200210191D161916151611161D16087
:10DBE0009160516011609DF83E20099B1A70099A5E
:10DBF0005170099A01210591917008998989099AB2
:10DC00009180099A0821917190ED040AFAEE090AAF
:10DC1000B2EE091A10200DF11F010391FFF710FF5A
:10DC2000039902460698099B1A8290ED030ADFEDDC
:10DC3000350A9FED351A0C200490FFF701FF069A74
:10DC4000039903460498DDF824C0ACF8123092ED35
:10DC5000020ADFED2E0ACDED020A9FED2D1AFFF725
:10DC6000EFFEDDED020A069A039903460498DDF8FB
:10DC700024C0ACF8143092ED010AB1EE041AFFF79B
:10DC8000DFFE069A039903460498DDF824C0ACF839
:10DC9000163092ED000ADFED1F0A9FED1F1AFFF705
:10DCA000CFFE01460598099A1183099A517CD171DA
:10DCB000099A117C1172099A518A09095172099ABB
:10DCC000538A517D41EA03119172099A117DD172F3
:10DCD000099AD18A09091173099AD38A517E41EAB6
:10DCE00003115173099A117E91739DF81F10099ABF
:10DCF00001F0010111778DF83F00FFE79DF83F002B
:10DD000010B080BD000034C20000344200000000AA
:10DD10000000FA43000058C2000058420000000012
:10DD200080B588B08DF81E008DF81D1006920698FB
:10DD300020B9FFE700208DF81F005AE09DF81E0073
:10DD400001F0CEFD0590059820B1FFE70598007A17
:10DD500020B1FFE700208DF81F004AE09DF81D006C
:10DD600001460391022808D0FFE70398032808D052
:10DD7000FFE70398042808D00BE0FC208DF813007F
:10DD80000BE0FD208DF8130007E0FE208DF8130056
:10DD900003E000208DF81F002BE006990191002080
:10DDA0000290C861886148610861C8608860486005
:10DDB00008609DF81E10069A1170069948709DF82B
:10DDC0001D000699887005988089069988800699B3
:10DDD0000820887106994FF0FF30C1F80B00C1F898
:10DDE00007009DF813000699887301208DF81F0025
:10DDF000FFE79DF81F0008B080BD00000000000094
:10DE000085B0ADF812008DED030ACDED020A8DF854
:10DE100007109DF807100120884001380090BDF8D8
:10DE2000120000EE100AB8EE400A9DED022A9DEDA8
:10DE3000031A32EE412A20EE020A9DED002AB8EEC6
:10DE4000422A80EE020A30EE010A05B07047000057
:10DE500080B58CB08DED0A0ACDED090A8DED081A5A
:10DE6000CDED071A8DED062ACDED052A9DED090AA7
:10DE7000B5EE400AF1EE10FA03DCFFE700200B904C
:10DE800042E09DED060A9DED071A30EE410A9DED38
:10DE9000091A80EE010A8DED040A9DED070A9DED39
:10DEA0000A2A9DED041AB6EE003A21EE031A21EE7D
:10DEB000021A21EE021AA0EE021A9DED050A9FED4C
:10DEC000142AA1EE020A8DED030A9DED080A8DEDDC
:10DED000010A9DED0A0ADDED090A00F01DF8B0EE19
:10DEE000401A9DED010A20EE010A8DED020A9DED1A
:10DEF000030A03F069FDB0EE401A9DED020A20EE20
:10DF0000010A8DED0B0AFFE79DED0B0A0CB080BDF9
:10DF1000DB0FC9400000000088B08DED060ACDED92
:10DF2000050A4FF07E5004909DED060AB5EE400ABA
:10DF3000F1EE10FA0ADDFFE79DED060A9DED051AE8
:10DF4000B4EE410AF1EE10FA03DBFFE70020079080
:10DF500073E09DED060AB6EE001AB4EE410AF1EE4A
:10DF600010FA09DAFFE79DED060AB6EE001A80EE18
:10DF7000010A8DED040AFFE79DED050A9DED061AE5
:10DF800030EE410AB6EE001AB4EE410AF1EE10FA94
:10DF90001ADAFFE79DED050A9DED061A30EE410AFB
:10DFA000B6EE001A80EE010A8DED020A9DED020A1E
:10DFB0009DED041AB4EE410AF1EE10FA03DAFFE720
:10DFC00002980490FFE7FFE79DED040AB5EE400AD2
:10DFD000F1EE10FA05DAFFE79FED1A0A8DED010A5E
:10DFE00018E09DED040AB7EE001AB4EE410AF1EE16
:10DFF00010FA05DDFFE7B7EE000A8DED000A04E038
:10E000009DED040A8DED000AFFE79DED000A8DED00
:10E01000010AFFE79DED010A8DED030A9DED032A3C
:10E0200022EE020AB8EE003AB0EE081AA2EE031A87
:10E0300020EE010A8DED070AFFE79DED070A08B003
:10E04000704700BF0000000080B58AB08DED090A5E
:10E05000CDED080A8DED071ACDED061A8DED052AD6
:10E06000CDED042A9DED090ADDED080A9DED071AA4
:10E07000DDED051A9DED062ADDED042AFFF7E8FE29
:10E080008DED030A9DED070A9FED181A20EE010A97
:10E090008DED000A9DED090ADDED080AFFF73CFF52
:10E0A000B0EE401A9DED000A20EE010A8DED010A46
:10E0B0009DED091A9DED040AB6EE002A20EE020A33
:10E0C0009FED0B2AA1EE020A03F07EFCB0EE401A8F
:10E0D0009DED010A20EE010A8DED020A9DED030A75
:10E0E0009DED021A30EE010A0AB080BD3333B33E13
:10E0F00039BA09410000000081B00090009820B1B9
:10E10000FFE7009907200870FFE701B070470000A3
:10E1100081B08DF802009DF80200022805D0FFE7CB
:10E120009DF80200032804D1FFE70F208DF80300BB
:10E1300011E09DF80200042805D0FFE79DF80200D9
:10E14000052804D1FFE730208DF8030003E000200C
:10E150008DF80300FFE79DF8030001B07047000051
:10E1600082B00090009828B1FFE70098007802285C
:10E1700004D0FFE700208DF8070006E00099032097
:10E18000087001208DF80700FFE79DF8070002B036
:10E19000704700000000000085B0039002910192DA
:10E1A000039840B1FFE7029828B1FFE70398007891
:10E1B000032804D0FFE700208DF8130055E000206D
:10E1C0008DF80300FFE79DF80300052815D8FFE749
:10E1D000029A9DF80300582110FB01208078C007A7
:10E1E00020B9FFE700208DF813003EE0FFE79DF81F
:10E1F000030001308DF80300E5E700208DF80300EF
:10E20000FFE79DF80300032813D8FFE702999DF864
:10E210000320582012FB0010406A039901EB820191
:10E22000C1F83001FFE79DF8030001308DF80300CD
:10E23000E7E70398002180F82011039A012082F873
:10E240002101019A039BC3F82421019A039BC3F87F
:10E250002821039AC2F82C11039981F84001039AEE
:10E26000042111708DF81300FFE79DF8130005B02D
:10E27000704700000000000080B586B0049004984C
:10E2800000B3FFE704980078012805D0FFE7049861
:10E290000078022816D1FFE7049890ED030AB3EE48
:10E2A000041AB4EE410AF1EE10FA0BD1FFE704981C
:10E2B00090ED040A9FED531AB4EE410AF1EE10FA04
:10E2C00004D0FFE700208DF8170096E000208DF8BD
:10E2D0000F00FFE79DF80F00052800F28A80FFE796
:10E2E000049A9DF80F002C2110FB0120143002909D
:10E2F000029800789DF80F2041F6F451C0F6010114
:10E30000895C88420FD1FFE70298406858B1FFE767
:10E31000029800F07DFB9FED3C1AB4EE410AF1EE4D
:10E3200010FA04DDFFE700208DF8170065E00020FB
:10E330008DF80E00FFE79DF80E00052852D8FFE784
:10E3400002989DF80E1000EB4100C089ADF8060060
:10E35000BDF8060088B1FFE7BDF80600B0F5FA7F0A
:10E360000BD8FFE7BDF806104FF4FA70B0FBF1F0E0
:10E370004843C0F5FA7020B1FFE700208DF8170080
:10E380003BE09DF80E0003280CD8FFE702989DF8AB
:10E390000E100844007A012804D0FFE700208DF811
:10E3A00017002AE09DF80E00042814D3FFE7029816
:10E3B0009DF80E100844007A05280CD0FFE702985B
:10E3C0009DF80E100844007A062804D0FFE70020CC
:10E3D0008DF8170011E0FFE79DF80E0001308DF871
:10E3E0000E00A8E7FFE79DF80F0001308DF80F0041
:10E3F00070E701208DF81700FFE79DF8170006B0C1
:10E4000080BD00BF9A99193F00008C4200000000B7
:10E4100080B584B0029001910298A0B1FFE7019805
:10E42000FFF72AFF78B1FFE70298007801280ED0A5
:10E43000FFE702980078022809D0FFE702980078E9
:10E44000062804D0FFE700208DF80F000DE00298A9
:10E45000043001994FF48E72F2F77BF80299022092
:10E46000087001208DF80F00FFE79DF80F0004B041
:10E4700080BD00000000000080B58CB00B908DF8CE
:10E480002B100B9808B9FFE7EFE00B984FF48E7153
:10E49000F2F7BBF89DF82B000B9908700B9944F22A
:10E4A0003130C5F2410048600B990120029008818B
:10E4B0000B9A0021C4F2A011D1600B9A49F69A116F
:10E4C000C3F6197111610B991431099109990870FA
:10E4D00009994FF4FA60486009980521079101F005
:10E4E0002FFE099864220892114601F05DFE029801
:10E4F00007990B9A40320992099B022200921A70E6
:10E50000099B42F6E0625A60099A9076099A49F6A8
:10E510009A10C3F61960D061099A4CF6CD40C3F643
:10E520004C6004901062099A0020C4F2A00050626E
:10E53000099801F005FE089A09984FF4FA710591BF
:10E5400001F032FE009807990B9A6C320992099BF0
:10E5500003221A70099B41F270725A60099A9076F0
:10E56000099A4CF28F20C3F6F550D061099A43F214
:10E570003330C3F6B3601062099A0020C4F2C000C1
:10E580005062099A4AF2D730C3F6F0609062099857
:10E5900001F0D6FD0599089A099801F005FE029A46
:10E5A000049807990B9B98330993DDF824C0042342
:10E5B0008CF80030DDF824C04FF4FA530193CCF806
:10E5C0000430099B9A76099B4CF6CD42C3F6CC5297
:10E5D000DA61099A1062099A4FF081400390506203
:10E5E000099801F0ADFD059A0899099801F0DCFD44
:10E5F000019B029A03990498DDF81CC0DDF82CE019
:10E600000EF1C40ECDF824E0DDF824E08EF800C051
:10E61000DDF824C0CCF80430099B9A76099AD161C0
:10E620000999086209990020C4F2400048620998DB
:10E630000621069101F084FD059A0899099801F0D8
:10E64000B3FD069807990B9AF0320992099A107057
:10E65000099A4FF47A705060099801F071FD089A98
:10E660000998114601F0A0FDFFE70CB080BD000045
:10E6700080B58AB009900891079206930798099986
:10E68000D1F82811401A00EE100AB8EE400A9FEDAA
:10E69000871A20EE010A8DED050A089890ED010A0F
:10E6A000B8EE400A9FED821A20EE010A8DED040AB1
:10E6B000002003900898807E012812D1FFE79DED8D
:10E6C000050ADDED040A089890ED071AD0ED081A46
:10E6D00090ED092AD0ED0A2AFFF7BAFB8DED030A67
:10E6E00017E00898807E022812D1FFE79DED050A09
:10E6F000DDED040A089890ED071AD0ED081A90EDA8
:10E70000092AD0ED0A2AFFF79FFC8DED030AFFE7E7
:10E71000FFE700208DF80B00FFE79DF80B000528B0
:10E7200032D8FFE708989DF80B1000EB4100C08934
:10E73000ADF80800BDF808104FF4FA70B0FBF1F026
:10E74000019008989DF80B201044007A0699114416
:10E7500088710998D0F82C210199B2FBF1F000FBE7
:10E76000112050B9FFE79DF80B10012000FA01F2CB
:10E770000699487910434871FFE7FFE79DF80B00C1
:10E7800001308DF80B00C8E700208DF80B00FFE783
:10E790009DF80B00032851D8FFE70020009008984F
:10E7A0000078022805D0FFE708980078032811D1E7
:10E7B000FFE79DF80B1041F6E450C0F6010000EBB6
:10E7C000810090ED000A9DED031A20EE010A8DED07
:10E7D000000AFFE709989DF80B1000EB810090ED0F
:10E7E0004C0A9DED001A30EE010A069800EB8100FC
:10E7F00080ED030A06989DF80B1000EB81010020C4
:10E80000C86109990969069A9DF80B3002EB8302E9
:10E81000D16209994969069A9DF80B3002EB83028F
:10E82000D16306999DF80B2001EB8201C864FFE7D4
:10E830009DF80B0001308DF80B00A9E700208DF842
:10E840000B00FFE79DF80B0001282DD8FFE7089883
:10E850000078042805D0FFE708980078052814D12F
:10E86000FFE79DF80B1041F6FC50C0F6010000EBED
:10E87000810090ED000A9DED031A20EE010A069832
:10E8800000EB810080ED170A07E006989DF80B1059
:10E8900000EB81010020C865FFE7FFE79DF80B0052
:10E8A00001308DF80B00CDE70AB080BDBD3786354D
:10E8B0006F12833A0000000080B58EB00C900B916F
:10E8C0000C9848B1FFE70B9830B1FFE70C9890F82F
:10E8D0002001062804D3FFE700208DF837007CE0F4
:10E8E0000C9A92F820012C2110FB01201830029084
:10E8F0000B984021F1F789FE0C9890F821010B99B3
:10E900000870029800780B9948700B9902988289D8
:10E91000CA808068C1F802000B99029BD3F80E00F0
:10E92000D3F81220D3F816300B61CA6088600C98B7
:10E9300090ED041AD0ED051A00209FED2A2A03A9B4
:10E94000B0EE420AF0EE420AFFF7B2F820B9FFE754
:10E9500000208DF8370040E000208DF80700FFE729
:10E960009DF80700032817D8FFE7BDF820000B9992
:10E970009DF8072001EB42018882BDF822000B9927
:10E980009DF8072001EB42018883FFE79DF807000F
:10E9900001308DF80700E3E70298807E0B9981F83B
:10E9A00024000298C0690B9988620298006A0B994A
:10E9B000C8620298406A0B990863029840680B99F4
:10E9C00048630C9880890B9908870C9880680B998C
:10E9D000C86301208DF83700FFE79DF837000EB0BF
:10E9E00080BD00BF0000000080B582B0019001989A
:10E9F00008B9FFE708E001984FF4A271F1F705FEAE
:10EA0000019901200870FFE702B080BD00000000FE
:10EA100085B004A90091039000200290039828B9C2
:10EA2000FFE70020C4F2C82004902CE000208DF8FD
:10EA30000700FFE79DF80700052810D8FFE70398B7
:10EA40009DF8071000EB4100C1890298084402902C
:10EA5000FFE79DF8070001308DF80700EAE700980E
:10EA6000029901EB8111890000EE101AB8EE400AFC
:10EA70009FED071A80EE010A9FED061A20EE010AAB
:10EA800080ED000AFFE7009890ED000A05B070479E
:10EA9000002474490000C84280B586B004900391F8
:10EAA0000292049868B1FFE7029850B1FFE704981A
:10EAB0000078042809D0FFE704980078052804D0DE
:10EAC000FFE700208DF8170083E002986421F1F73A
:10EAD0009CFD049A92F820012C2110FB0120183093
:10EAE0000190FFE703980499D1F82811401A019981
:10EAF00049684FF47A725143884240D3FFE7049843
:10EB000090F82001052809D3FFE704990620087032
:10EB10000299012048708DF817005AE0019840686A
:10EB20000499D1F828314FF47A7200FB0230C1F811
:10EB30002801049991F82001013081F820010499FD
:10EB400091F82101013081F8210104990020C1F8D8
:10EB50002C010499012081F84001049A92F82001C7
:10EB60002C2110FB01201830019001980078062814
:10EB700004D1FFE7049905200870FFE7B2E7049885
:10EB800090F84001029900F00100087004990020FB
:10EB900081F840010198007802998870049890F8F3
:10EBA00021010299C87001980078FFF7B1FA029923
:10EBB000087104980199039A029BFFF759FD049983
:10EBC000D1F82C010130C1F82C0101208DF817007B
:10EBD000FFE79DF8170006B080BD000000000000B0
:10EBE00080B586B0DDF820C0049003918DF80B202D
:10EBF000ADF80830049830B1FFE70398BDF808106D
:10EC0000884204D2FFE700208DF8170021E0049825
:10EC1000BDF80810F1F7D7FC04995020087004994A
:10EC20004120487004990120019088709DF80B00E4
:10EC30000499C8700498BDF80820042101F0B8F8C0
:10EC40000498089A062101F0C7F801988DF817007A
:10EC5000FFE79DF8170006B080BD0000000000002F
:10EC600080B586B00490039102920193019858B147
:10EC7000FFE704980399029A6B461A6005221E2347
:10EC8000FFF7AEFF18B9FFE70020059025E00498D4
:10EC900001990A680A2101F09FF8049801998A886D
:10ECA0000E2101F085F80198807904990874019883
:10ECB000C07904994874049801998A68122101F076
:10ECC0008BF804980199CA68162101F085F8049818
:10ECD0001E2100F041FB0590FFE7059806B080BDBE
:10ECE00080B586B00490039102920193019858B1C7
:10ECF000FFE704980399029A6B461A6006222223C2
:10ED0000FFF76EFF18B9FFE7002005902FE0049889
:10ED100001990A680A2101F05FF8049801994A688C
:10ED20000E2101F059F8049801998A68122101F026
:10ED300053F80198007B00F0010004998875019850
:10ED4000407B00F001000499C87504980199CA89B4
:10ED5000182101F02DF8049801990A691A2101F08F
:10ED60003BF80498222100F0F7FA0590FFE7059898
:10ED700006B080BD0000000080B58CB00A900991FB
:10ED800008920793079858B1FFE70A980999089ADB
:10ED90006B461A6002227E23FFF722FF18B9FFE7B5
:10EDA00000200B90E3E00A9807990A680A2101F015
:10EDB00013F8079800790A998873079840790A9997
:10EDC000C873079880790A9908740798C0790A99D6
:10EDD00048740798007A0A9988740798407A0A99C3
:10EDE000C8740798807A0A9908750A9900200190DA
:10EDF00048750A9807998A89162100F0D9FF0A9860
:10EE00000799CA89182100F0D3FF01988DF81B00DB
:10EE1000FFE79DF81B00032853D8FFE79DF81B1060
:10EE20001A2000EB0110059007989DF81B1000EBCD
:10EE30000110103004900A980599049A128800F085
:10EE4000B7FF0A9805990231049A52886FF31F326E
:10EE500000F0AEFF0A9805990431049A92886FF386
:10EE60001F3200F0A5FF0A9805990631049AD2884E
:10EE700000F09EFF0A9805990831049A12896FF3F1
:10EE80001F3200F095FF0A9805990A31049A5289B9
:10EE90006FF31F3200F08CFF0A9805990C31049A29
:10EEA000928900F085FF0A9805990E31049AD2895B
:10EEB00000F07EFFFFE79DF81B0001308DF81B007E
:10EEC000A7E700208DF81B00FFE79DF81B00012835
:10EED00047D8FFE79DF81B105A2000EB0110039064
:10EEE00007989DF81B1000EB0110503002900A9813
:10EEF0000399029A126800F06FFF0A98039904318F
:10EF0000029A928800F054FF0A9803990631029AF7
:10EF1000B2F9062000F03CFF0A9803990831029AE2
:10EF2000B2F9082000F034FF0A9803990A31029AD6
:10EF3000B2F90A2000F02CFF0A9803990C31029ACA
:10EF4000928900F035FF0A9803990E31029AD2890E
:10EF500000F02EFFFFE79DF81B0001308DF81B002D
:10EF6000B3E70A987E2100F0F7F90B90FFE70B98C2
:10EF70000CB080BD0000000080B586B00490039105
:10EF800002920193019858B1FFE704980399029AFD
:10EF90006B461A6001223A23FFF722FE18B9FFE7F9
:10EFA0000020059053E00198007804998872019838
:10EFB00040780499C872019880780499087304987D
:10EFC00001994A680E2100F007FF049801990A8907
:10EFD000122100F0EDFE049801994A89142100F0F5
:10EFE000E7FE04980199CA68162100F0F5FE04981E
:10EFF00001990A691A2100F0EFFE049801998A8AA2
:10F000001E2100F0D5FE049801998A69222100F0A2
:10F01000E3FE04980199CA69262100F0DDFE0498F8
:10F0200001990A6A2A2100F0D7FE049801994A6AD8
:10F030002E2100F0D1FE049801998A6A322100F055
:10F04000CBFE04983A2100F087F90590FFE7059878
:10F0500006B080BD0000000080B588B00690059124
:10F0600004920393039858B1FFE706980599049A10
:10F070006B461A6003224C23FFF7B2FD18B9FFE775
:10F080000020079086E0039800780699887203981C
:10F0900040780699C87200208DF80B00FFE79DF8B4
:10F0A0000B0005281BD8FFE703989DF80B100844B8
:10F0B0008078069A1144087306989DF80B30122147
:10F0C00001EB4301039A02EB4302128900F070FE48
:10F0D000FFE79DF80B0001308DF80B00DFE7002003
:10F0E0008DF80B00FFE79DF80B0003281FD8FFE702
:10F0F00006989DF80B301E2101EB4301039A02EBA9
:10F100004302928A00F054FE06989DF80B302621A7
:10F1100001EB4301039A02EB4302928B00F048FE9D
:10F12000FFE79DF80B0001308DF80B00DBE703983B
:10F1300090F82400069981F82E000698039991ED25
:10F140000A0A302100F014FE0698039991ED0B0A8B
:10F15000342100F00DFE0698039991ED0C0A382138
:10F1600000F006FE069803994A6B3C2100F034FE3D
:10F17000069803990A8F402100F01AFE0698039919
:10F18000CA6B442100F028FE06984C2100F0E4F8F8
:10F190000790FFE7079808B080BD0000000000005E
:10F1A00080B588B00690059104920393039878B1D6
:10F1B000FFE7039890F83800402809D8FFE7039844
:10F1C00090F8380038B1FFE70398406B18B9FFE7B3
:10F1D00000200790BAE0039890F838004030ADF86E
:10F1E000080006980599BDF80830049AEC46CCF85A
:10F1F00000200422FFF7F4FC18B9FFE70020079075
:10F20000A4E0069803990A680A2100F0E5FD069932
:10F21000039882790A748088C88100208DF80B00D9
:10F22000FFE79DF80B00032817D8FFE703989DF828
:10F230000B100844C079069A1144487403989DF84D
:10F240000B100844C07A069A11444875FFE79DF8F0
:10F250000B0001308DF80B00E3E700208DF80B0068
:10F26000FFE79DF80B0001280FD8FFE703989DF8F2
:10F270000B100844C07B069A11444876FFE79DF8BE
:10F280000B0001308DF80B00EBE700208DF80B0030
:10F29000FFE79DF80B0005281FD8FFE706989DF8AB
:10F2A0000B301B2101EB4301039A02EB4302528A0C
:10F2B00000F07EFD06989DF80B30272101EB4301FD
:10F2C000039A02EB4302D28B00F072FDFFE79DF838
:10F2D0000B0001308DF80B00DBE7069803994A8D8F
:10F2E000332100F065FD069803998A8D352100F0E1
:10F2F0005FFD06980399CA8D372100F059FD0398E8
:10F3000090F83000069981F83900039890F83100A0
:10F31000069981F83A00039890F83800069981F828
:10F320003B00039890F8380048B1FFE706983C305E
:10F33000039A516B92F83820F1F7C6F8FFE7069868
:10F34000BDF8081000F008F80790FFE7079808B02C
:10F3500080BD00000000000080B584B00390ADF8CF
:10F360000A100398BDF80A100439FEF7B5FA0190A7
:10F370000398BDF80A100439019A00F02DFDBDF87C
:10F380000A0004B080BD000085B08DED030ACDED0C
:10F39000020A8DED011A00909DED030A9DED021AFF
:10F3A000B4EE410AF1EE10FA06DAFFE70099012007
:10F3B00008700298049012E09DED030A9DED011A79
:10F3C000B4EE410AF1EE10FA06DDFFE700990120E4
:10F3D00008700198049002E003980490FFE79DED07
:10F3E000040A05B07047000084B002908DF8071041
:10F3F0000092029840B1FFE7009828B1FFE79DF81E
:10F400000700082804D0FFE700208DF80F005AE01D
:10F410000298007800990870029840780099487026
:10F4200002998878C97840EA0120009948800299B9
:10F430000879497940EA0120009988800299887901
:10F44000C97940EA01200099C880009900208860AD
:10F450000098C18800EE101AB8EE400A9FED1C1A01
:10F4600020EE010A9FED1B1A80EE010A9FED1A1A89
:10F4700030EE010A80ED030A0098B0F9041000EEA6
:10F48000101AB8EEC00A9FED151A20EE010A80EDA1
:10F49000040A0098B0F9021000EE101AB8EEC00A83
:10F4A0009FED0F1A20EE010A80ED050A009890EDFD
:10F4B000050A9FED0C1A20EE010A80ED060A0120D4
:10F4C0008DF80F00FFE79DF80F0004B0704700BFF4
:10F4D000DB0FC94000FF7F47DB0F49C035FA8E3C88
:10F4E0000000043C0AD7A33E80B584B08DF80E001E
:10F4F0008DF80D1002929DF80D000146009107282D
:10F5000008D0FFE70098082808D0FFE700980928EE
:10F5100008D00BE088208DF807000BE080208DF8E4
:10F52000070007E081208DF8070003E000208DF838
:10F530000F0014E09DF80E009DF80D10029A00F0E7
:10F5400027F920B9FFE700208DF80F0007E09DF8AC
:10F5500007000299C87101208DF80F00FFE79DF8A0
:10F560000F0004B080BD000080B588B003AA0192EE
:10F57000024601988DF81E2080ED030A05910020B7
:10F580008DF8130028B9FFE70698FCF709F858B979
:10F5900012E0019890ED030AB7EEC00A51EC100B8F
:10F5A000FBF7E2FF40B1FFE79DF81E00059A052139
:10F5B00000F0EEF820B9FFE700208DF81F0036E0DC
:10F5C000019890ED030ADFED1C0A9FED1C1A0DF166
:10F5D0001300FFF7D9FE019880ED000A90ED000AB4
:10F5E0009FED171A80EE010A9FED161A20EE010A10
:10F5F000BDEEC00A10EE100AADF80A000599A12070
:10F60000C871BDF80A000599C8729DF80B000599EC
:10F610000873BDF90A00059908619DF81300059962
:10F6200000F00100087701208DF81F00FFE79DF82A
:10F630001F0008B080BD00BF713D1AC0713D1A4067
:10F640000AD7A33E103EF84280B58AB003AA0192C1
:10F65000024601988DF8262080ED050A07910020CA
:10F660008DF80B0028B9FFE70898FBF799FF58B908
:10F6700012E0019890ED050AB7EEC00A51EC100BAC
:10F68000FBF772FF40B1FFE79DF82600079A0621BD
:10F6900000F07EF820B9FFE700208DF8270061E038
:10F6A000019890ED050AB7EEC00A9FED311B20EEE0
:10F6B000010B9FED311B20EE010B80ED010B90ED56
:10F6C000010B9FED2F1BB4EE410BF1EE10FA0DDD97
:10F6D000FFE74FF6FF70C4F2DF1005900020CFF671
:10F6E000C070049001208DF80B0015E0019890ED9A
:10F6F000010B9FED251BB4EE410BF1EE10FA0ADA77
:10F70000FFE70020CCF2E0100590002004900120DB
:10F710008DF80B00FFE7FFE7019890ED010BBDEEC0
:10F72000C00B80ED000A0799A220C87103980799C1
:10F73000C8720398000A07990873BDF80E0007996C
:10F7400048739DF80F00079988730398079908611B
:10F750009DF80B00079900F00100087701208DF853
:10F760002700FFE79DF827000AB080BD00BF00BF5B
:10F7700000000020DCA54C400000000000005940C3
:10F780000000C0FFFFFFDF41000000000000E0C1FB
:10F7900080B586B08DF816008DF815100492049887
:10F7A00020B9FFE700208DF8170031E09DF8160022
:10F7B00000F096F80390039828B1FFE70398007AC9
:10F7C000012804D0FFE700208DF8170020E00499FD
:10F7D000019100200290C861886148610861C86099
:10F7E0008860486008609DF81600049908700499C4
:10F7F000012048709DF81510049A91700399898929
:10F80000049A9180049A082191718DF81700FFE7FE
:10F810009DF8170006B080BD80B584B0029000202E
:10F82000ADF80600FFE7BDF80600FF2820D8FFE787
:10F8300040F27C12C2F200021078411C11708DF867
:10F8400005009DF8050000F057FAB0F1FF3F08DC15
:10F85000FFE79DF805000299087001208DF80F0060
:10F860000AE0FFE7BDF806000130ADF80600DAE770
:10F8700000208DF80F00FFE79DF80F0004B080BD59
:10F8800082B0ADF8040000208DF80300FFE79DF87A
:10F89000030005281CD8FFE79DF8030000EB80015A
:10F8A00041F60460C0F6010000EBC100C089BDF85C
:10F8B0000410884205D1FFE79DF803008DF807008A
:10F8C0000AE0FFE79DF8030001308DF80300DEE752
:10F8D000FF208DF80700FFE79DF8070002B0704792
:10F8E00082B08DF803009DF80300062803D3FFE7DC
:10F8F000002001900BE09DF8030000EB800141F631
:10F900000460C0F6010000EBC1000190FFE7019820
:10F9100002B070470000000010B58EB0DDF840C0A6
:10F920000C90ADF82E100A928DF827300C9818B173
:10F93000FFE70A9820B9FFE700208DF8370069E05B
:10F94000BDF82E00FFF79CFF8DF826009DF82600DD
:10F95000FF2804D1FFE700208DF837005AE00C9A09
:10F960009DF82600582110FB012008900898007887
:10F9700070B9FFE70A989DF82710089A1C32FDF726
:10F98000EFFF20B9FFE700208DF8370042E02FE0BD
:10F9900008980078012826D1FFE70A989DF82710DB
:10F9A00001AAFFF721FD20B9FFE700208DF83700FD
:10F9B00030E00C989DF8261001AA00F0F5F808999F
:10F9C0000198029A039BDDF810C0DDF814E0069C54
:10F9D0000C63C1F82CE0C1F828C04B620A62C86110
:10F9E0000798486303E000208DF8370012E0FFE736
:10F9F00010980899486008990020C860089901206B
:10FA0000887008994870089A5169013151618DF8E0
:10FA10003700FFE79DF837000EB010BD0000000072
:10FA2000B0B587B0059004910392059840B1FFE707
:10FA3000049828B1FFE704980078062804D3FFE76C
:10FA400000208DF81B0039E0059A049800785821B1
:10FA500010FB0120029002980078049949788842AE
:10FA600004D0FFE700208DF81B0027E002990091E9
:10FA7000049A019210685368D2F808C0D2F80CE0DA
:10FA800014695569CD648C64C1F844E0C1F840C084
:10FA9000CB6388639069D2694A65086503980299C7
:10FAA000886002990020086102990120C870029ABA
:10FAB0009169013191618DF81B00FFE79DF81B00F2
:10FAC00007B0B0BD0000000080B582B00190019881
:10FAD00008B9FFE723E001984FF40671F0F795FDB0
:10FAE00000208DF80300FFE79DF80300052816D8D5
:10FAF000FFE79DF8032002EB820141F60460C0F6A7
:10FB0000010000EBC100007A019958235A43885440
:10FB1000FFE79DF8030001308DF80300E4E702B031
:10FB200080BD00000000000085B0049003910292A7
:10FB3000049808B9FFE734E000208DF80700FFE7DC
:10FB40009DF8070005282CD8FFE7049A9DF80700C8
:10FB5000582110FB0120009000988078C00770B1F8
:10FB6000FFE7039800994A68801AC8600099CA683C
:10FB7000029B00209A4298BF01204870FFE700983E
:10FB8000C078C00730B1FFE7039800998A68801AEF
:10FB90000861FFE7FFE79DF8070001308DF80700D7
:10FBA000CEE705B07047000086B005908DF81310C1
:10FBB00003929DF8130000EB800141F60460C0F64B
:10FBC000010000EBC10002900298407A8DF8070016
:10FBD00005989DF80710084490F81002C00788B9EE
:10FBE000FFE70398C08805999DF8072001EB4201C3
:10FBF000A1F8120205989DF807100144012081F830
:10FC0000100233E00398C08805999DF8072001EBA6
:10FC10004201B1F81212401A00900098B0F5004F5E
:10FC20000ADBFFE7059A9DF81300582110FB01211C
:10FC3000486A013848620FE0009810F5004F0ADA70
:10FC4000FFE7059A9DF81300582110FB0121486A2F
:10FC500001304862FFE7FFE70398C08805999DF8E7
:10FC6000072001EB4201A1F81202FFE7059A9DF877
:10FC70001300582110FB0120406A03998860039803
:10FC800090ED021A90ED030AB8EEC11A9FED032A17
:10FC9000A1EE020A80ED030A06B07047DB0FC940EF
:10FCA00082B000208DF80300FFE79DF803000728CD
:10FCB00018D8FFE79DF8030000EB800145F63C10E3
:10FCC000C2F2004010F83100C00720B9FFE79DF8EC
:10FCD000030001900AE0FFE79DF8030001308DF872
:10FCE0000300E2E74FF0FF300190FFE7019802B018
:10FCF000704700000000000082B08DF80300002073
:10FD00008DF80200FFE79DF80200072828D8FFE7DA
:10FD10009DF8020000EB800145F63C10C2F2004065
:10FD200010F83100C007A0B1FFE79DF8020000EB1A
:10FD3000800145F63C10C2F2004000EBC100407863
:10FD40009DF80310884204D1FFE79DF8020001905E
:10FD50000AE0FFE79DF8020001308DF80200D2E7CB
:10FD60004FF0FF300190FFE7019802B070470000AC
:10FD700080B584B0039002918DED010A0198009046
:10FD800003980299009A00F027F804B080BD0000A3
:10FD900080B584B003900291ADF8062003980299D3
:10FDA000BDF8062000F004F804B080BD000000009B
:10FDB00083B002900191ADF80220BDF802000299D3
:10FDC000019A88549DF80300029A019911444870E1
:10FDD00003B070470000000083B0029001910092D0
:10FDE00000980299019A88540098000A029A019991
:10FDF00011444870BDF80200029A019911448870BC
:10FE00009DF80300029A01991144C87003B070472D
:10FE100082B08DF807008DF806109DF807000130BC
:10FE20008DF807009DF807009DF80610884203DB57
:10FE3000FFE70020009003E09DF807000090FFE737
:10FE40000098C0B202B0704780B588B08C46864634
:10FE50000B980A99CDF818E0CDF814C004920393DA
:10FE60008DF80B108DF80A000020ADF808000698F8
:10FE700018B1FFE7059820B9FFE78020ADF81E0014
:10FE800006E100208DF80700FFE79DF80700052830
:10FE900000F2D280FFE7069A9DF80700582110FB78
:10FEA0000120009000988078C00738B1FFE70098E3
:10FEB000C0680599C96B884207D9FFE7BDF80800FB
:10FEC00040F08000ADF80800B0E00098007800280D
:10FED00070D1FFE705980078C00738B3FFE70098B6
:10FEE00090ED090A05989DF8071000EB810090ED50
:10FEF000011AB4EE410AF1EE10FA10DBFFE70098A8
:10FF000090ED090A05989DF8071000EB810090ED2F
:10FF1000051AB4EE410AF1EE10FA07DDFFE7BDF86D
:10FF2000080040F00100ADF80800FFE7009890EDF0
:10FF30000A0AB0EEC00A059890ED091AB4EE410A1B
:10FF4000F1EE10FA07DDFFE7BDF8080040F002000F
:10FF5000ADF80800FFE7009890ED0B0AB0EEC00A7C
:10FF6000059890ED0A1AB4EE410AF1EE10FA07DD99
:10FF7000FFE7BDF8080040F00400ADF80800FFE717
:10FF8000009890F83000059991F82C10884209DC0F
:10FF9000FFE7009890F83100059991F82C108842FD
:10FFA00007DDFFE7BDF8080040F00800ADF80800E5
:10FFB000FFE73AE0009890ED0B0AB0EEC00A059812
:10FFC00090ED0C1AB4EE410AF1EE10FA07DDFFE7EE
:10FFD000BDF8080040F01000ADF80800FFE70098F9
:10FFE00090ED0C0AB0EEC00A059890ED0D1AB4EE33
:10FFF000410AF1EE10FA07DDFFE7BDF8080040F016
:020000040801F1
:100000002000ADF80800FFE7009890F91D00059961
:1000100091F93810884207DDFFE7BDF8080040F08D
:100020004000ADF80800FFE7FFE7FFE79DF8070095
:1000300001308DF8070028E79DF80B00C00738B1A4
:10004000FFE7BDF8080040F48070ADF80800FFE756
:100050009DF80A00C00738B1FFE7BDF8080040F47A
:100060000070ADF80800FFE704980399401A05995D
:10007000096C884207D9FFE7BDF8080040F48060AA
:10008000ADF80800FFE7BDF80800ADF81E00FFE777
:10009000BDF81E0008B080BD80B582B00190019807
:1000A00008B9FFE747E001984421F0F7AEFA01995B
:1000B000002008708DF80300FFE79DF80300032877
:1000C00019D8FFE701989DF8031000EB810100208B
:1000D000CCF24810486001989DF8031000EB8101B4
:1000E0000020C4F248104861FFE79DF8030001308A
:1000F0008DF80300E1E701980021C4F2401141624C
:1001000001980022C4F2F0128262019B502083F811
:100110002C00019B1A63019A5163019981F8380000
:10012000019947F23050C86301994AF20040CDF27C
:1001300093600864FFE702B080BD0000000000008B
:1001400082B001908DF8031000208DF80200FFE7C7
:100150009DF8020003280DD8FFE701989DF80210D2
:10016000014401200872FFE79DF8020001308DF87C
:100170000200EDE700208DF80200FFE79DF8020085
:1001800001280ED8FFE79DF80300019A9DF80210A0
:1001900011440873FFE79DF8020001308DF802005A
:1001A000ECE702B07047000083B00290ADF8061093
:1001B000ADF8042000208DF80300FFE79DF8030050
:1001C00003280FD8FFE7BDF8060002999DF8032029
:1001D00001EB4201C881FFE79DF8030001308DF873
:1001E0000300EBE700208DF80300FFE79DF8030014
:1001F00001280FD8FFE7BDF8040002999DF80320FD
:1002000001EB4201C882FFE79DF8030001308DF841
:100210000300EBE703B0704783B0ADF80A0001912B
:10022000BDF80610BDF80A0040EA014000900098B1
:100230000199401A012805DBFFE70098A0F58030FE
:100240000090FFE7009803B0704700000000000036
:1002500080B582B045F60C51C2F200410020086022
:1002600040F2B400C2F20000F8F74AF920B1FFE70B
:1002700000208DF807000FE040F2A010C2F200400D
:10028000F8F7CEF920B1FFE700208DF8070003E072
:1002900001208DF80700FFE79DF8070002B080BD40
:1002A00040F2B400C2F200000068406A70470000EB
:1002B00081B00090009840F2CC11C2F200010860B9
:1002C00001B070470000000080B582B00190019835
:1002D00040F21421C2F20001086040F21821C2F27B
:1002E000000100200861C86088604860086045F629
:1002F0001151C2F20041087000F0FAF802B080BD5E
:1003000080B500F001F880BD80B582B040F21420C5
:10031000C2F200000068E0B1FFE740F21820C2F22C
:1003200000000078C007A0B9FFE740F21820C2F231
:1003300000004078C00760B9FFE740F21420C2F225
:100340000000006801A90DF10202FDF7A5F908B946
:10035000FFE742E040F21821C2F2000101200870DC
:100360000198BDF80210142200F066F8F8B9FFE712
:1003700040F21821C2F200010020087088680130A4
:10038000886008690130086145F61150C2F20040EA
:100390000178013101700078032807D3FFE740F2AC
:1003A0001821C2F2000101204870FFE715E040F279
:1003B0001420C2F200000068FDF7A6F940F21821EF
:1003C000C2F2000148680130486045F61152C2F29D
:1003D0000042002010700870FFE702B080BD0000EE
:1003E00040F21820C2F20000704700000000000038
:1003F00046F28011C2F2004100200861C8608860A6
:100400004860086046F27811C2F20041086040F28C
:100410003021C2F20001086046F27411C2F20041BC
:10042000086040F22C21C2F20001088046F27C11E3
:10043000C2F200410880704780B588B00690ADF8E0
:1004400016100492069860B1FFE7BDF8160040B19F
:10045000FFE746F28010C2F200400078C00720B1EA
:10046000FFE700208DF81F003BE046F28011C2F24A
:100470000041019101200870002002904870069907
:10048000BDF81620049B40F2EC10C2F20040F9F7D0
:100490005FF90199024602988DF80F2008709DF8C7
:1004A0000F0098B1FFE746F28011C2F2004101202F
:1004B000487088680130886040F2EC10C2F2004059
:1004C000F8F72AFC00208DF81F000AE046F28011A0
:1004D000C2F2004148680130486001208DF81F00D9
:1004E000FFE79DF81F0008B080BD0000000000007D
:1004F00081B00090009840F23021C2F20001086003
:1005000001B070470000000080B584B003900291F4
:1005100048F28820C2F200000068009046F2941071
:10052000C2F200400068043000F096FC88B9FFE792
:1005300046F29410C2F200400068C16A012000FA3D
:1005400001F248F24821C2F20001086890430860B5
:1005500000E0FFE70398013080B9FFE7029868B137
:10056000FFE746F29410C2F200400068011D48F215
:100570007420C2F2000000F003FD3DE000980399F2
:1005800008440190019846F29411C2F200410968B2
:1005900048600198009988420ED2FFE740F2382067
:1005A000C2F20000006846F29411C2F200410968EC
:1005B000043100F0ADFC1EE046F29810C2F200409B
:1005C000006846F29411C2F200410968043100F05B
:1005D0009FFC019848F26421C2F200010968884238
:1005E00007D2FFE7019848F26421C2F200010860D7
:1005F00000E0FFE7FFE7FFE704B080BD0000000078
:1006000080B582B0019000F0E7FC46F22C21C2F2E6
:10061000004108680130086046F29410C2F20040C0
:10062000006898B9FFE7019846F29411C2F20041C0
:10063000086046F22C20C2F200400068012803D175
:10064000FFE700F0D5F900E0FFE71CE048F270207A
:10065000C2F200000068A0B9FFE746F29410C2F2AF
:1006600000400068C06A0199C96A884207D8FFE75C
:10067000019846F29411C2F20041086000E0FFE7E1
:1006800000E0FFE7FFE746F23421C2F200410868CC
:10069000013008600198C16A012000FA01F248F2B5
:1006A0004821C2F200010868104308600199C86A35
:1006B00000EB800246F29C10C2F2004000EB820088
:1006C000043100F05DFC00F0B3FC48F27020C2F28F
:1006D00000000068C8B1FFE746F29410C2F2004083
:1006E0000068C06A0199C96A88420CD2FFE74EF6D9
:1006F0000451CEF200014FF080500860BFF34F8FDD
:10070000BFF36F8F00E0FFE700E0FFE702B080BDBE
:1007100080B582B0FFE748F24420C2F200000068D2
:1007200008B3FFE700F058FC46F27C20C2F200401C
:10073000C068C06801900198043000F08DFB46F25B
:100740002C21C2F2004108680138086048F24421B7
:10075000C2F2000108680138086000F069FC0198E5
:1007600000F006F8D7E702B080BD000000000000EE
:1007700080B582B00090009890F8590040B9FFE72A
:100780000098006B00F07CFC009800F079FC1CE005
:10079000009890F85900012804D1FFE7009800F074
:1007A0006FFC11E0009890F8590002280BD0FFE789
:1007B0004FF0500080F31188BFF36F8FBFF34F8F5E
:1007C0000190FFE7FEE7FFE7FFE702B080BD000012
:1007D00084B04FF40040009040F23C20C2F2000090
:1007E00001909DF80400400788B1FFE701980730A9
:1007F0000190019820F007000190019A40F23C21FD
:10080000C2F200010098891A08440090FFE701989D
:100810000290029946F27420C2F200400160002169
:1008200041600298009A10440190019808380190A4
:10083000019820F007000190019A40F23420C2F2A2
:100840000000026002685160026811600299039121
:100850000199039A891A5160006803990860039806
:10086000406846F25421C2F2004108600398406893
:1008700048F26021C2F20001086046F23821C2F25B
:1008800000414FF00040086004B0704700000000D5
:1008900080B582B00190FFE7FFF73AFF46F29C1067
:1008A000C2F20040006802280CD3FFE74EF6045164
:1008B000CEF200014FF080500860BFF34F8FBFF3BE
:1008C0006F8F00E0FFE7E7E780B588B0DDF834C060
:1008D000DDF830C0DDF82CC0DDF828C006900591A9
:1008E000049203930C98006B04998900A522EFF7FA
:1008F00062FE0C98006B049900EB810004380290B2
:10090000029820F0070002909DF80800400758B1B7
:10091000FFE74FF0500080F31188BFF36F8FBFF3F4
:100920004F8F0790FFE7FEE70598F8B1FFE700203B
:100930000190FFE70198172813D8FFE70598019A5F
:10094000805C0C99114481F8340005980199405C51
:1009500008B9FFE705E0FFE7FFE7019801300190E4
:10096000E8E70C99002081F84B0004E00C99002086
:1009700081F83400FFE70A98072803D3FFE7062031
:100980000A9000E0FFE70A980C99C8620A980C994F
:10099000C8640C990020009008650C98043000F0A1
:1009A000AFFA0C98183000F0ABFA00980C99096176
:1009B0000A99C1F107010C9A91610C9949620C994D
:1009C00048650C9981F8580002980699039A00F03E
:1009D00013FA0C9908600B9820B1FFE70C980B995B
:1009E000086000E0FFE708B080BD000000000000E4
:1009F00080B584B000200390FFE70398062810D844
:100A0000FFE7039800EB800146F29C10C2F2004021
:100A100000EB810000F05CFAFFE7039801300390DF
:100A2000EBE748F24C20C2F20000019000F050FACF
:100A300046F23C20C2F20040029000F049FA46F231
:100A40006020C2F2004000F043FA46F27C20C2F27D
:100A5000004000F03DFA48F27420C2F2000000F0BD
:100A600037FA0199029846F29812C2F200421160D8
:100A700040F23821C2F20001086004B080BD0000DD
:100A800083B0029046F27420C2F200400190FFE76A
:100A9000019800680299884205D2FFE7FFE70198B4
:100AA00000680190F4E70198009000980199496866
:100AB00008440299884209D1FFE7029842680199E7
:100AC0004868104448600198029000E0FFE70298EF
:100AD0000090009802994968084401990968884281
:100AE00020D1FFE70198006840F23421C2F20001F2
:100AF000096888420DD0FFE70198006842680299B2
:100B000048681044486001980068006802990860CD
:100B100007E040F23420C2F2000000680299086049
:100B2000FFE704E00198006802990860FFE7019878
:100B30000299884204D0FFE702980199086000E01A
:100B4000FFE703B07047000008480068006880F3C2
:100B500008884FF0000080F3148862B661B6BFF3D6
:100B60004F8FBFF36F8F00DF00BF000008ED00E084
:100B700081B046F29810C2F200400068006840B9A7
:100B8000FFE748F26421C2F200014FF0FF30086035
:100B90000FE046F29810C2F200400068C068C068DA
:100BA00000900098406848F26421C2F20001086099
:100BB000FFE701B07047000083B00020009040F2D2
:100BC0000800C2F200400068013058B1FFE74FF062
:100BD000500080F31188BFF36F8FBFF34F8F0290E7
:100BE000FFE7FEE74FF0500080F31188BFF36F8FEF
:100BF000BFF34F8F0190FFE7009808B9FFE7FBE7CD
:100C000003B070470000000080B58AB00690002055
:100C1000029000F061FB40F23420C2F20000006854
:100C200018B9FFE7FFF7D4FD00E0FFE7069846F2AA
:100C30003821C2F200410968084240F0C580FFE750
:100C4000069800B3FFE70698083006909DF8180054
:100C50004007B0B1FFE7069820F007000830069083
:100C60009DF81800400758B1FFE74FF0500080F39F
:100C70001188BFF36F8FBFF34F8F0990FFE7FEE737
:100C800000E0FFE700E0FFE70698002800F09A8008
:100C9000FFE7069848F26021C2F200010968884225
:100CA00000F29080FFE746F27420C2F20040049008
:100CB00000680590FFE705984168069A0020914278
:100CC000019007D2FFE705980068002818BF0120AF
:100CD0000190FFE70198C00730B1FFE70598049045
:100CE000059800680590E6E7059840F23421C2F2C5
:100CF00000010968884263D0FFE704980068083063
:100D00000290059800680499086005984068069963
:100D1000401A112821D3FFE705980699084403904B
:100D20009DF80C00400758B1FFE74FF0500080F3EA
:100D30001188BFF36F8FBFF34F8F0890FFE7FEE777
:100D4000059840680699401A0399486006980599E5
:100D500048600398FFF794FE00E0FFE705984268BB
:100D600048F26020C2F200000168891A0160006840
:100D700046F25421C2F20041096888420BD2FFE7D3
:100D800048F26020C2F20000006846F25421C2F22C
:100D90000041086000E0FFE746F23820C2F2004060
:100DA000026805994868104348600599002008606A
:100DB00048F26821C2F2000108680130086000E0D2
:100DC000FFE700E0FFE700E0FFE700F02DFD9DF802
:100DD0000800400758B1FFE74FF0500080F311883A
:100DE000BFF36F8FBFF34F8F0790FFE7FEE70298C7
:100DF0000AB080BD0000000083B002900191009213
:100E000002980438029002994FF0807008600298AE
:100E100004380290019820F00100029908600298BD
:100E200004380290029940F6B930C0F6010008601B
:100E300002981438029000980299086002980438C9
:100E4000029002996FF00200086002982038029028
:100E5000029803B07047000082B0019001980069C9
:100E600000900198416880688860019948688968A5
:100E70004860009840680199884205D1FFE70198D1
:100E800080680099486000E0FFE701990020086150
:100E900000990868013808600098006802B070473F
:100EA00083B0029001910092029945F2C440C2F2CF
:100EB00000400860019945F22050C2F200400860ED
:100EC00000994FF48070086003B070470000000084
:100ED00081B00090009901F10800486000994FF03E
:100EE000FF308860009901F10800C860009901F1A5
:100EF0000800086100990020086001B070470000F8
:100F000081B0009000990020086101B07047000096
:100F100084B003900291029800680090009801301C
:100F200020B9FFE703980069019010E003980830AA
:100F30000190FFE70198406800680099884205D851
:100F4000FFE7FFE7019840680190F3E7FFE70198AA
:100F50004068029948600298416888600198029947
:100F60008860029801994860039802990861039982
:100F700008680130086004B07047000000000000FD
:100F800083B0029001910298406800900098019906
:100F90004860009880680199886001980099896884
:100FA0004860019800998860029801990861029947
:100FB00008680130086003B07047000000000000BE
:100FC000DFF80C00016841F4700101607047000017
:100FD00088ED00E00000000082B04FF0500080F388
:100FE0001188BFF36F8FBFF34F8F019040F208005D
:100FF000C2F200400168013101600068012814D18B
:10100000FFE74EF60450CEF200000068000658B12B
:10101000FFE74FF0500080F31188BFF36F8FBFF3ED
:101020004F8F0090FFE7FEE7FFE702B07047000038
:1010300082B040F20800C2F20040006858B9FFE7F1
:101040004FF0500080F31188BFF36F8FBFF34F8FC5
:101050000090FFE7FEE740F20800C2F2004001689E
:1010600001390160006830B9FFE700200190019864
:1010700080F31188FFE702B0704700000000000015
:1010800080B586B0039003980290039800285CD046
:10109000FFE7029808380290029801900198406892
:1010A00046F23821C2F20041096808420BD1FFE73D
:1010B0004FF0500080F31188BFF36F8FBFF34F8F55
:1010C0000590FFE7FEE70198006858B1FFE74FF091
:1010D000500080F31188BFF36F8FBFF34F8F0490E0
:1010E000FFE7FEE70198406846F23821C2F200416E
:1010F0000968084227D0FFE70198006808BBFFE7AE
:1011000046F23820C2F200400268019948689043D4
:10111000486000F0E1F80198426848F26021C2F2AC
:1011200000010868104408600198FFF7A9FC46F226
:101130005C21C2F2004108680130086000F074FBD5
:1011400000E0FFE700E0FFE7FFE706B080BD00003A
:101150004EF21001CEF20001002008604EF218029B
:10116000CEF20002106040F20000C2F200400068BF
:1011700044F6D352C1F26202A0FB02024FF0FF30EC
:1011800000EB92104EF21402CEF200021060072023
:10119000086070470000000080B584B00290002015
:1011A00001900298E0B1FFE746F23020C2F2004021
:1011B000006858B1FFE74FF0500080F31188BFF38B
:1011C0006F8FBFF34F8F0390FFE7FEE700F084F8C7
:1011D00002980021FFF798F900F026FB019000E04B
:1011E000FFE7019860B9FFE74EF60451CEF2000127
:1011F0004FF080500860BFF34F8FBFF36F8F00E058
:10120000FFE704B080BD000080B58AB000200390E5
:101210000690059006A805A904AAFFF741FE039BC6
:10122000049A0599DDF818C06846C0F808C0416006
:10123000036040F69100C0F6010041F66771C0F608
:10124000010100F0ADF9014646F25020C2F2004023
:101250000160006818B1FFE70120079002E000205C
:101260000790FFE70798012823D1FFE74FF05000D0
:1012700080F31188BFF36F8FBFF34F8F099048F24F
:101280006421C2F200014FF0FF30086048F2702183
:10129000C2F200010120086048F28821C2F2000178
:1012A0000020086000F080F808B1FFE700E0FFE7E9
:1012B0000FE00798013058B9FFE74FF0500080F376
:1012C0001188BFF36F8FBFF34F8F0890FFE7FEE7E2
:1012D000FFE70AB080BD000046F23021C2F20041B3
:1012E000086801300860704785B046F23020C2F2CD
:1012F0000040006838B1FFE746F29021C2F2004199
:10130000012008604DE046F29021C2F20041002029
:10131000086048F24820C2F2000000680490049877
:10132000B0FA80F08DF80F009DF80F00C0F11F009B
:101330000190019800EB800146F29C10C2F200403F
:1013400050F8210058B9FFE74FF0500080F31188A2
:10135000BFF36F8FBFF34F8F0290FFE7FEE7019857
:1013600000EB800146F29C10C2F2004000EB8100CD
:1013700000900099486840684860009948680831C2
:10138000884205D1FFE70099486840684860FFE758
:1013900000984068C06846F29411C2F200410860AB
:1013A000FFE705B07047000080B588B04EF60050EA
:1013B000CEF2000000684CF27121C4F20F11884295
:1013C0000BD1FFE74FF0500080F31188BFF36F8F10
:1013D000BFF34F8F0790FFE7FEE74EF60050CEF2C7
:1013E000000000684CF27021C4F20F1188420BD14A
:1013F000FFE74FF0500080F31188BFF36F8FBFF30A
:101400004F8F0690FFE7FEE74EF20040CEF200005D
:10141000039001780491FF21017000788DF80B0092
:101420009DF80B0000F0500046F22821C2F2004166
:10143000087048F23C21C2F2000107200860FFE773
:101440009DF80B00000600280DD5FFE748F23C216F
:10145000C2F200010868013808609DF80B004000E6
:101460008DF80B00ECE748F23C20C2F20000006867
:1014700003280BD0FFE74FF0500080F31188BFF333
:101480006F8FBFF34F8F0590FFE7FEE748F23C21D7
:10149000C2F20001086800020860086800F4E06019
:1014A000086004984EF20041CEF2000108704EF63A
:1014B0002051CEF20001086840F47000086008680E
:1014C00040F070400860FFF743FE40F20801C2F2AE
:1014D0000041002001900860FFF772FD4EF6347164
:1014E000CEF20001086840F040400860FFF72CFB96
:1014F000FFF7FAFEFFF760FB019808B080BD00001F
:1015000070B58CB0DDF844C0DDF840C00B900A9196
:10151000ADF826200893BDF826008000FFF774FB85
:101520000590059880B1FFE75C20FFF76DFB079001
:10153000079820B1FFE705980799086303E005982D
:10154000FFF79EFDFFE702E000200790FFE7079806
:10155000F0B1FFE70798002680F859600B980A99C8
:10156000BDF82620089BDDF840C0119C079DEE4683
:10157000CEF80C60CEF80850CEF80440CEF800C08B
:10158000FFF7A2F90798FFF73BF80120069003E068
:101590004FF0FF300690FFE706980CB070BD0000DA
:1015A000B0B58EB0DDF850C0DDF84CC0DDF848C0F5
:1015B0000A90099108920793139858B9FFE74FF0E2
:1015C000500080F31188BFF36F8FBFF34F8F0D90E2
:1015D000FFE7FEE7149858B9FFE74FF0500080F39B
:1015E0001188BFF36F8FBFF34F8F0C90FFE7FEE7BB
:1015F0005C20049004985C280BD0FFE74FF050006B
:1016000080F31188BFF36F8FBFF34F8F0B90FFE70D
:10161000FEE70498149820B3FFE7139808B3FFE798
:10162000149806901398069908630699022081F889
:1016300059000A980999089A079BDDF848C0069C4A
:10164000EE460025CEF80C50CEF8084005ACCEF89A
:101650000440CEF800C0FFF737F90698FEF7D0FF38
:1016600002E000200590FFE705980EB0B0BD000035
:1016700080B586B00020029046F23020C2F20040D1
:101680000068002840F0C580FFE748F28821C2F2D8
:10169000000108680130019001980860019858BB6A
:1016A000FFE746F29810C2F200400068006858B1A7
:1016B000FFE74FF0500080F31188BFF36F8FBFF347
:1016C0004F8F0590FFE7FEE746F29812C2F2004204
:1016D0001068009040F23821C2F2000108681060E2
:1016E0000098086046F25821C2F2004108680130B3
:1016F0000860FFF73DFA00E0FFE7019848F2642137
:10170000C2F200010968884262D3FFE7FFE746F2B0
:101710009810C2F200400068006840B9FFE748F244
:101720006421C2F200014FF0FF3008604FE046F242
:101730009810C2F200400068C068C0680490049825
:101740004068039001980399884207D2FFE7039805
:1017500048F26421C2F20001086038E0FFE7049813
:101760000430FFF779FB0498806A28B1FFE70498FA
:101770001830FFF771FB00E0FFE70498C16A012011
:1017800000FA01F248F24821C2F200010868104351
:1017900008600499C86A00EB800246F29C10C2F20D
:1017A000004000EB82000431FFF7EAFB0498C06AB6
:1017B00046F29411C2F200410968C96A884203D313
:1017C000FFE70120029000E0FFE7FFE79FE7FFE768
:1017D00046F29410C2F200400068C06A00EB80013B
:1017E00046F29C10C2F2004050F82100022803D3B8
:1017F000FFE70120029000E0FFE746F29020C2F2EE
:101800000040006818B1FFE70120029000E0FFE708
:1018100007E048F26C21C2F200010868013008605C
:10182000FFE7029806B080BD80B584B0002002902A
:10183000019046F23020C2F20040006858B9FFE73C
:101840004FF0500080F31188BFF36F8FBFF34F8FBD
:101850000390FFE7FEE7FFF7BFFB46F23020C2F23E
:1018600000400168013901600068002840F0928062
:10187000FFE746F22C20C2F200400068002800F08A
:101880008880FFE7FFE746F26020C2F20040006870
:10189000E0B3FFE746F26020C2F20040C068C068D3
:1018A000029002981830FFF7D7FA02980430FFF739
:1018B000D3FA0298C16A012000FA01F248F24821E5
:1018C000C2F200010868104308600299C86A00EB80
:1018D000800246F29C10C2F2004000EB820004310C
:1018E000FFF74EFB0298C06A46F29411C2F2004123
:1018F0000968C96A884207D3FFE746F29021C2F21D
:1019000000410120086000E0FFE7BCE7029818B141
:10191000FFE7FFF72DF9FFE748F26C20C2F2000065
:10192000006800900098E0B1FFE7FFE7FFF7A0FE36
:1019300038B1FFE746F29021C2F200410120086071
:1019400000E0FFE7009801380090FFE700980028CA
:10195000ECD1FFE748F26C21C2F2000100200860E0
:1019600000E0FFE746F29020C2F20040006870B14C
:10197000FFE7012001904EF60451CEF200014FF036
:1019800080500860BFF34F8FBFF36F8F00E0FFE719
:10199000FFE700E0FFE7FFF74BFB019804B080BDD5
:1019A0004100080218BF04200A0E18BF40F00100D1
:1019B0004FF07F4232EA010108BF40F002000128E7
:1019C00008BF05207047000000B510EE101A2DED7D
:1019D000028B81B0524A6846B2EB410F2ED94FF0CC
:1019E000E640B0EB410F94BF00204FF0FF30009075
:1019F0000098B0EE408A00286ADB10F0010F4BD04F
:101A000068EE080A9FED471A9FED470A00EE810A2B
:101A10009FED461A10F0020F00EE801AB7EE000A92
:101A200000EE810A02BF01B0BDEC028B00BD00BF19
:101A300001B0B1EE400ABDEC028B00BD3C4B21F081
:101A40000042934241D911F0004FDFED3A0A20EEF7
:101A5000201ADFED390A19BF31EE601A71EE200A43
:101A600031EE201A71EE600ABDEEE01A11EE100A96
:101A70009FED321A00F0030000EEC10A9FED301A0C
:101A8000009000EEC10A9FED2F1A00EEC10A9FEDF3
:101A90002E1A00EEC10AABE728EE080A9FED2B1ABA
:101AA000DFED2B0A10F0020F40EE010A9FED291A1C
:101AB00000EE201A61EE000AB0EE480A08EE200A95
:101AC000B6D101B0BDEC028B00BD00F059F88FE734
:101AD00018EE100A4000B0F17F4F0DD218EE100A38
:101AE000FFF75EFF042808BF00F042F8B0EE480A96
:101AF00001B0BDEC028B00BD09D10120EEF7B4FDB1
:101B000001B0BDEC028B5DF804EB00F029B801B028
:101B1000B0EE480ABDEC028B5DF804EB00F01CB897
:101B2000B61F927EB93AB2BACA9F2A3DDDFFFFBE08
:101B3000490E494683F9223F0000004B0000C93F8F
:101B400000A0FD390020A2331A61342C336D4CB94A
:101B5000DA82083CA0AA2ABE30EE000A70470000D4
:101B6000DFED020A80EEA00A7047000000000000CE
:101B70009FED020A20EE000A7047000000000010EE
:101B80002DE9F0014FF07F42B2EB410F9FBF4FF0C4
:101B9000FF310160BDE8F00170474FF0004242EABA
:101BA0000123C1F3C752783A551112F01F0C434C70
:101BB000CCF120067C44C1F3C752A2F178024FEA6F
:101BC000621204EB820254F8254008BFD2E90156A4
:101BD00012D0556804FA0CF425FA06F73C439768CE
:101BE00005FA0CF527FA06F8D26807FA0CFCF24061
:101BF00045EA08054CEA0206A4FB034CA5FB035288
:101C0000A6FB03631D449D4234BF01260026131921
:101C1000334416B1934202D903E0934201D2012228
:101C200000E00022624402F1200C9206DC0C42EA41
:101C3000443200EE102A5B03DFED210AF8EEC01AF1
:101C400000EE103A4FEA9C1C11F0004FB8EE400A2B
:101C5000C0F800C020EE201A00EE105ADFED190A7D
:101C6000B8EE400A20EE200A71EE810A70EE800A7A
:101C700010EE902A02F500626FF30B0200EE902A3C
:101C800070EEE11A31EEC11ADFED101A30EE411A92
:101C90009FED0D0A20EE800A01EE210A9FED0C1A3D
:101CA00000EE810A04BFBDE8F0017047CCF180511D
:101CB0000160BDE8F001B1EE400A70473801000054
:101CC000000000360000802C22AAFD29DB0FC92F5E
:101CD0000000C92FF1EE100A4FF6FF71C0F2C031BB
:101CE00020EA010040F04070E1EE100A7047000069
:101CF000000000006E83F9A22915444ED15727FC3D
:101D0000C0DD34F5999562DB4190433CAB6351FEF5
:101D100000000000000000000000000000000000C3
:101D200000000000010000000200000003000000AD
:101D3000040000000000000005000000000000009A
:101D4000000000000000000006000000000000008D
:101D5000000000000000000007000000F41E010861
:101D6000C1B90008010000000000000000030000ED
:101D70005444002408010020011F010849D0000834
:101D8000000000000000000000010000145D0024BD
:101D90001461002400000000010203040102030496
:101DA000060708090001020304050607080C1014C1
:101DB0001820304000061016000610160804020411
:101DC00008010101010101030701000001000200F7
:101DD0000400060008000A000C001000200040006B
:101DE000800000010000803F000080BF000080BF35
:101DF0000000803F01020304050600000000803F50
:101E0000000080BF00000000571F01080000010013
:101E100001001100181F0108181F0108010101002D
:101E2000000000000000803F0000000001000000F2
:101E3000301F010800010200020012001C1F0108EF
:101E40001C1F010801010100000000000000803F8C
:101E50000000000002000000371F0108000203001C
:101E600003001300141F0108141F010801010100E1
:101E7000000000000000803F0000000003000000A0
:101E80005F1F01080003060006001600101F01086E
:101E9000101F010801010100000000000000803F48
:101EA0000000000004000000201F010801000400E1
:101EB000440144013E1F01083E1F010801010100C9
:101EC000000000000000803F01000000050000004D
:101ED000281F010801010500450145014A1F0108AD
:101EE0004A1F010801010100000000000000803FBE
:101EF00001000000504143455F4361707475726595
:101F000000504143455F5472616E73706F7274008C
:101F10006A4142006A4147006A494A006A494F00E3
:101F20004C5F776865656C00525F776865656C002B
:101F30004C5F7265617200525F72656172006A7710
:101F40006865656C5F6C656674006A776865656C6A
:101F50005F7269676874004C5F66726F6E740052DE
:101F60005F66726F6E740049444C4500B01F0108F3
:101F7000000000200800000030030008B81F01081E
:101F8000000000241000000030030008B81F010802
:101F90000800002088A2000050030008C81F0108A4
:101FA0001000002488A20000500300080000000078
:101FB0000090D003010000000090D003100000004A
:081FC000AAAAAAAA0000000071
:04000005080002CD20
:00000001FF
