:020000040800F2
:10000000A8500020AD030008FD9E00086F92000874
:10001000F99E0008290E00089DED00080000000070
:1000200000000000000000000000000015AC000807
:10003000FD1600080000000005A4000829AC000817
:10004000C7030008C7030008C7030008C703000868
:10005000C7030008C7030008C7030008C703000858
:10006000C7030008C7030008C7030008651200089B
:10007000751200088512000895120008A5120008E4
:10008000B5120008C5120008C703000819170008B8
:10009000391700082917000849170008C703000886
:1000A000C7030008C7030008C7030008C703000808
:1000B000C7030008C7030008C7030008C7030008F8
:1000C000C7030008C7030008C7030008C7030008E8
:1000D000C7030008C7030008A9C40008B9C4000882
:1000E000FF160008C703000800000000C70300084F
:1000F000C7030008C7030008C7030008D51200089B
:10010000C7030008C7030008C7030008C7030008A7
:10011000C7030008C9B20008C7030008C7030008E6
:10012000C7030008C7030008C7030008C703000887
:10013000C7030008C7030008C7030008C703000877
:1001400000000000000000000000000000000000AF
:10015000C7030008C7030008C7030008C703000857
:10016000C7030008C7030008C7030008C703000847
:10017000C7030008019F0008C70300080000000033
:10018000C7030008C7030008F5B20008C70300084A
:10019000C7030008C7030008C7030008C703000817
:1001A000C7030008C7030008C703000800000000D9
:1001B000C7030008C7030008C7030008C7030008F7
:1001C000C7030008C703000800000000000000008B
:1001D0000000000000000000C7030008000000004D
:1001E000000000000000000000000000000000000F
:1001F0000000000000000000C7030008C70300085B
:10020000C7030008C703000800000000C703000878
:10021000C7030008C7030008C7030008C703000896
:10022000C703000800000000C7030008000000002A
:10023000C7030008C703000800000000C703000848
:10024000C7030008C7030008C7030008C703000866
:10025000C7030008C7030008C7030008C703000856
:10026000C7030008C7030008C7030008C703000846
:10027000C7030008C7030008C70300080000000008
:10028000C7030008C7030008C7030008C703000826
:1002900000000000C7030008C703000800000000BA
:1002A00000000000C7030008C7030008C7030008D8
:1002B00075C40008C7030008C703000859170008E1
:1002C00069170008C7030008C703000800F002F818
:1002D00000F05CF80AA090E8000C82448344AAF184
:1002E0000107DA4501D100F051F8AFF2090EBAE882
:1002F0000F0013F0010F18BFFB1A43F0010318475A
:10030000D0760100107701000A444FF0000C10F87D
:10031000013B13F0070408BF10F8014B1D1108BF83
:1003200010F8015B641E05D010F8016B641E01F823
:10033000016BF9D113F0080F1EBF10F8014BAD1C73
:100340000C1B09D16D1E58BF01F801CBFAD505E091
:1003500014F8016B01F8016B6D1EF9D59142D6D3EB
:10036000704700000023002400250026103A28BF13
:1003700078C1FBD8520728BF30C148BF0B60704717
:100380001FB516F02BFF1FBD10B510BD00F0C8F94A
:100390001146FFF7F5FF13F001F800F0E6F903B49A
:1003A000FFF7F2FF03BC00F0EBF9000009488047BB
:1003B00009480047FEE7FEE7FEE7FEE7FEE7FEE747
:1003C000FEE7FEE7FEE7FEE704480549054A064B5F
:1003D00070470000F1AC0008CD020008A8400024DE
:1003E000A8500020A8500024A810002053EA020CB6
:1003F00000F069802DE9F04B4FF00006002B1FBF85
:10040000B3FA83F503FA05F424FA05F65E4012BF49
:100410001643B2FA82F502FA05F4C5F120051EBFB3
:1004200022FA05FC44EA0C04203556EA044C4FEA53
:10043000144418BF641C4FF000084FF000099042AC
:1004400071EB030C39D3002919BFB1FA81F701FA16
:1004500007F6B0FA80F700FA07F6C7F120071EBFCB
:1004600020FA07FC46EA0C062037B6FBF4FCA7EBA3
:100470000507103F07F01F0BCBF120060CFA0BFB12
:100480002CFA06F644BFB3460026202FA4BF5E46D2
:100490004FF0000B5BEA060C08BF4FF0010B19EBA5
:1004A0000B09ABFB027C48EB0608C01B06FB02CC29
:1004B0000BFB03CC71EB0C01C1E70B460246414636
:1004C0004846BDE8F08B13B54FF000004FF0000137
:1004D000AFF30080BDE81C40704740EA010310B54F
:1004E0009B070FD1042A0DD310C808C9121F9C42C4
:1004F000F8D020BA19BA884201D9012010BD4FF0B6
:10050000FF3010BD1AB1D30703D0521C07E0002002
:1005100010BD10F8013B11F8014B1B1B07D110F85F
:10052000013B11F8014B1B1B01D1921EF1D1184662
:1005300010BD40EA0103024630B59B0710D14FF0D1
:10054000013400E008C208C91D1B9D4315EAC41F01
:10055000F8D013F0FF0102F8011B0DD01B0AF8E7D9
:1005600011F8013B002B02F8013B05D011F8013BCB
:10057000002B02F8013BF3D130BD10B5431C02E063
:1005800010F8011B71B18107FAD14FF0013202C896
:100590008C1A8C4314EAC211F9D0C01A0A0603D08F
:1005A000C01E10BDC01A10BD0A0401D0801E10BDAF
:1005B0000902FCD0401E10BD032A40F2308010F02A
:1005C000030C00F0158011F8013BBCF1020F6244EE
:1005D00098BF11F801CB00F8013B38BF11F8013B7F
:1005E000A2F1040298BF00F801CB38BF00F8013B2C
:1005F00011F0030300F02580083AC0F0088051F89C
:10060000043B083A51F804CBA0E80810F5E7121DA6
:100610005CBF51F8043B40F8043BAFF30080D207C5
:1006200024BF11F8013B11F801CB48BF11F8012B91
:1006300024BF00F8013B00F801CB48BF00F8012BB4
:10064000704710B5203AC0F00B80B1E81850203A3E
:10065000A0E81850B1E81850A0E81850BFF4F5AF62
:100660005FEA027C24BFB1E81850A0E8185044BFEC
:1006700018C918C0BDE810405FEA827C24BF51F859
:10068000043B40F8043B08BF7047D20728BF31F84D
:10069000023B48BF11F8012B28BF20F8023B48BF9E
:1006A00000F8012B70474FF0000200B51346944646
:1006B0009646203922BFA0E80C50A0E80C50B1F1BA
:1006C0002001BFF4F7AF090728BFA0E80C5048BFCE
:1006D0000CC05DF804EB890028BF40F8042B08BF6C
:1006E000704748BF20F8022B11F0804F18BF00F868
:1006F000012B704770477047704710B500F008F83D
:10070000006810BD10B5044600F002F8046010BD8A
:10071000004870474440002400487047444000248B
:100720007546FFF7F9FFAE4605006946534620F0CF
:100730000700854618B020B5FFF746FEBDE820400B
:100740004FF000064FF000074FF000084FF0000B8D
:1007500021F00701AC46ACE8C009ACE8C009ACE840
:10076000C009ACE8C0098D46704710B50446AFF328
:1007700000802046BDE81040FFF711BE7047000022
:1007800001491820ABBEFEE72600020010B59FED20
:10079000340B0121344808F05BFE9FED310B022140
:1007A000324808F055FE9FED320B0121324808F027
:1007B00015FF9FED322ADFED321A9FED321ADFED81
:1007C000310A9FED310A0021304809F0EFFD9FED1D
:1007D000302ADFED301A9FED2B1ADFED2F0A9FED47
:1007E0002F0A00212E4809F0E1FD9FED2E2ADFEDB2
:1007F000241A9FED241ADFED230AB2EE080A002125
:10080000294809F0D3FD9FED292ADFED1D1A9FED40
:100810001D1ADFED1C0AB1EE040A0021244809F07C
:10082000C5FD9FED242ADFED161A9FED161AF3EE93
:10083000040AB2EE040A00211F4809F0B7FD9FED3B
:100840001F2ADFED1F1A9FED0F1ADFED130AB1EE1D
:10085000040A00211B4809F0A9FD11F0B9FC10BDE4
:100860007B14AE47E17A743F083A0024683A0024CA
:10087000EAFF4199A1FE8F3FC83A002400001643C9
:1008800000401C46000000000000B4424038002434
:100890000000484300009644CDCCCC3D0000F0421F
:1008A0008C38002400606A46D83800240080BB449D
:1008B000703900240080D444243900240000C84248
:1008C00000C82F47BC39002410B500BF884890ED00
:1008D000000ADFED880AB4EEE00AF1EE10FA04D85F
:1008E0009FED840A80ED000A0DE0814890ED000A3A
:1008F000DFED810AB4EEE00AF1EE10FA03DB9FEDC2
:100900007E0A80ED000A00BF00BF794890ED010A21
:10091000DFED7A0AB4EEE00AF1EE10FA04D89FEDAA
:10092000770A80ED010A0DE0714890ED010ADFEDD4
:10093000740AB4EEE00AF1EE10FA03DB9FED700AE0
:1009400080ED010A00BF6F4890ED080ADFED6E0AE6
:10095000B4EEE00AF1EE10FA1EDD00BF644890ED3F
:10096000020ADFED6A0AB4EEE00AF1EE10FA04D8EA
:100970009FED660A80ED020A0DE05D4890ED020AE7
:10098000DFED630AB4EEE00AF1EE10FA03DB9FED4F
:10099000600A80ED020A1EE000BF554890ED020A91
:1009A000DFED5A0AB4EEE00AF1EE10FA04D89FED3A
:1009B000570A80ED020A0DE04D4890ED020ADFED86
:1009C000540AB4EEE00AF1EE10FA03DB9FED500A90
:1009D00080ED020A00BF00BF454890ED030ADFED3D
:1009E0004D0AB4EEE00AF1EE10FA04D89FED490A80
:1009F00080ED030A0DE03E4890ED030AF7EE000A91
:100A0000B4EEE00AF1EE10FA03DBB7EE000A80ED77
:100A1000030A00BF364890ED034AB7EEC44AB0EE71
:100A2000443B90ED024AB7EEC44AB0EE442B90ED41
:100A3000014AB7EEC44AB0EE441B90ED004AB7EE4F
:100A4000C44AB0EE440B11F015FA294890F825007D
:100A500070B1012802D002280FD104E09FED2E0BC7
:100A600014F00CFD0AE09FED2E0B14F007FD05E0DD
:100A70009FED2D0B14F002FD00BF00BF00BF1C480E
:100A800090ED041AB7EEC11AB0EE410B12F090FBD4
:100A900009F0F4FF1648807F08B3012815D0032819
:100AA0001ED123480068032807D0224890ED000B90
:100AB000B7EEC00B204880ED000A1F4890ED000AF9
:100AC000B7EEC00A11F012FA0BE0094890ED061AD1
:100AD000B7EEC11AB0EE410B11F008FA01E000E0E8
:100AE00000BF00BF0248807F1149086010BD0000B0
:100AF000780C00208FC275BE33331340CDCC1CC0A0
:100B00009A99194074080020CDCCCCBD6666A6BF6A
:100B10009A99D93FEC51D8BF0000000000208C40CA
:100B20000000000000208CC0000000000000000059
:100B3000B005002498050024B405002470B50546CE
:100B40000C4600260DB1022C00D870BDA11E06482F
:100B50000288284600F088FF0646A01E2E54310A5F
:100B6000601E295400BFF0E7C400002410B5012224
:100B70001146024803F0CEFD10BD000000080258E7
:100B800010B500220121024803F0C4FD10BD000091
:100B9000000802587047000010B5012208210248E1
:100BA00003F0B8FD10BD00000008025810B5002287
:100BB0000821024803F0AEFD10BD000000080258F5
:100BC000704710B5044603E04FF47A7000F006F861
:100BD000201EA4F101018CB2F6D110BD70B5034600
:100BE00000BF00BF0020002200BF4FF0E026756963
:100BF000C3EB031674014FF0E026B16910E04FF02B
:100C0000E026B06988420BD0884202D20E1A3244E4
:100C100002E02E1A0E4432440146A24200D300E004
:100C2000EDE700BF70BD10B50024FFF7B3FFFFF77D
:100C3000C7FF10F0A5FE044310F036FF0443204622
:100C400010BD00002DE9FC4105460E461746002068
:100C500000900190FFF794FF922000F0CBF806225D
:100C60006946122000F0A6F8FFF780FF9DF801000A
:100C7000000200B29DF8001040EA010400EE104AA4
:100C8000B8EEC00ADFED490A20EE200A86ED000A20
:100C90009DF80300000200B29DF8021040EA010432
:100CA00000EE104AB8EEC00ADFED400A20EE200A3E
:100CB00086ED010A9DF80500000200B29DF80410BF
:100CC00040EA010400EE104AB8EEC00ADFED370A30
:100CD00020EE200A86ED020AFFF768FF0822694627
:100CE000002000F067F8FFF757FF9DF800000F287D
:100CF00035D19DF80300000200B29DF8021040EAD1
:100D0000010400EE104AB8EEC00ADFED290A20EE19
:100D1000200A85ED000A9DF80500000200B29DF84A
:100D2000041040EA010400EE104AB8EEC00ADFEDFC
:100D3000200A20EE200A85ED010A9DF80700000236
:100D400000B29DF8061040EA010400EE104AB8EE29
:100D5000C00ADFED170A20EE200A85ED020AFFF730
:100D60000FFFA22000F046F802226946222000F080
:100D700021F8FFF7FBFE9DF80000C0009DF8011070
:100D800040EA6114B4F5806F02DBA4F5006004B2A0
:100D900000EE104AF8EEC00AB4EE001AB3EE070AED
:100DA00000EE810A87ED000ABDE8FC81E7416B3A5D
:100DB00058A08B3A70B506460C46154646F08000A2
:100DC00000F018F806E0552000F014F82070641CBC
:100DD000681EC5B2002DF6D170BD70B504460D4633
:100DE00044F0800000F006F8552000F003F8287069
:100DF00070BD000001B582B04FF47A70012301AAE2
:100E000002A90090024806F0ABFD9DF804000EBD5B
:100E1000B007002470B505460C462846FFF7EAFFE8
:100E20002046FFF7E7FF70BD00BFFEE70346042B37
:100E300015D007DC7BB1012B0ED0022B0DD0032B7C
:100E400012D10BE0202B0BD0212B0AD0222B09D062
:100E5000232B09D107E008E007E006E005E004E005
:100E600003E002E001E000E000BF00BF00207047A7
:100E70000020704710B50022044905480BF0BFFD63
:100E8000044903480BF0ACFD002010BD6419002498
:100E90009C0400206411002470B504460D462146D0
:100EA000054812F0B3FB214604480BF099FD0348B6
:100EB0000BF062FD002070BD403B00249C0400202C
:100EC00010B503460C460021084610BD2DE9F0413F
:100ED00004460D4600260A48D0F8BC72D7F8140222
:100EE00010B10120BDE8F0812A46214604480BF0EC
:100EF00086FD03480BF036FE06463046F2E700005A
:100F00009C04002010B5B3EE030B01212D4808F01E
:100F100065FBB3EE030B04212B4808F05FFBB3EE37
:100F2000030B0321294808F059FBB3EE030B022100
:100F3000274808F053FB9FED272ADFED271A9FED86
:100F4000271ADFED260A9FED260A0021254809F021
:100F50002DFA9FED202ADFED201A9FED201ADFEDFC
:100F60001F0A9FED1F0A00211F4809F01FFA9FED7D
:100F7000192ADFED191A9FED191ADFED180A9FEDF6
:100F8000180A0021194809F011FA9FED122ADFED25
:100F9000121A9FED121ADFED110A9FED110A0021BE
:100FA000134809F003FAB2EE042ADFED0B1AB5EE8E
:100FB000001ADFED100A9FED100A00210F4809F01A
:100FC000F5F910BDE008002058090020D0090020E4
:100FD000480A002000606A4600401C460AD7233CAD
:100FE00000001C42C00A00200C0B0020580B0020FF
:100FF000A40B00206F12833A0000F042F00B002097
:1010000010B58548008885490988884203D18449FC
:10101000814808F031FA834800888049098888426D
:1010200003D17F497F4808F027FA7F4800887B4931
:101030000988884203D17A497B4808F01DFA7B4829
:10104000008876490988884203D17549774808F0B5
:1010500013FA774890ED000B764880ED000B74484A
:1010600090ED020B744880ED000B714890ED040B7D
:10107000724880ED000B90ED000BB0EEC00BB1EEAE
:10108000041BB4EEC10BF1EE10FA49D2694890EDA1
:10109000000BB5EEC00BF1EE10FA07D0664890EDEC
:1010A000000BB5EEC00BF1EE10FA39D1624890EDAD
:1010B000000BB5EEC00BF1EE10FA0AD15D4890EDD1
:1010C000000BB5EEC00BF1EE10FA02D0012058492A
:1010D0000876584890ED000BB5EEC00BF1EE10FA13
:1010E0000AD1554890ED000BB5EEC00BF1EE10FAA9
:1010F00002D002204E4908764F4890ED000BB5EE25
:10110000C00BF1EE10FA0ED14A4890ED000BB5EE8F
:10111000C00BF1EE10FA06D100204549087602E036
:101120000020434908764248007E01282DD14448DA
:10113000006858B1434890ED1A0B434880ED000B0E
:1011400000203F490860414809F00AF93D4890ED08
:101150001A0B3D4890ED001B30EE410B3C4880EDF2
:10116000000BDFED3C0A90ED001BB7EEC10B3748DA
:1011700008F0FEFFB7EEC00A304880ED000B9FED8F
:10118000360B2D4880ED000B02E001202C49086051
:101190002748007E02282DD13148006858B12948DF
:1011A00090ED1A0B284880ED000B00202C490860B8
:1011B000264809F0D5F8234890ED1A0B224890ED07
:1011C000001B30EE410B224880ED000BDFED210AC1
:1011D00090ED001BB7EEC10B1C4808F0C9FFB7EE3D
:1011E000C00A164880ED000B9FED1B0B114880EDE7
:1011F000000B02E001201A49086001200F4991ED1F
:10120000002B0D4991ED001B0A4991ED000B08F0F0
:1012100031FE13F0FDFF10BDE0080020B6000024F1
:10122000AE00002458090020D0090020480A002000
:10123000580C0020C0020020C8020020D00200206C
:10124000F002002088280024E8020020F00B002093
:10125000F802002000000000000000000000000074
:10126000F402002010B5024801F02AFA10BD000077
:101270000C0D002410B5024801F022FA10BD000048
:10128000840D002410B5024801F01AFA10BD0000C8
:10129000FC0D002410B5024801F012FA10BD000048
:1012A000740E002410B5024801F00AFA10BD0000C7
:1012B000A40B002410B5024801F002FA10BD000092
:1012C0001C0C002410B5024801F0FAF910BD000012
:1012D000EC0E002410B5024801F0F2F910BD000038
:1012E000940C00240146374A0868904249D0354A98
:1012F00018320868904244D0324A3032086890422E
:101300003FD0304A4832086890423AD02D4A603285
:101310000868904235D02B4A78320868904230D025
:10132000284A9032086890422BD0264AA832086892
:10133000904226D0244A0868904222D0224A18328D
:10134000086890421DD0204A30320868904218D078
:101350001D4A48320868904213D01B4A6032086820
:1013600090420ED0184A78320868904209D0164A46
:1013700090320868904204D0134AA832086890421C
:1013800001D1012000E00020B0B10A78103A182302
:10139000B2FBF3F000F007020C4B9A5CCA6503281D
:1013A00005D90A686FF30902121D8A6503E00A680D
:1013B0006FF309028A6503E0086820F0FF00886582
:1013C000886D70471000024010040240D672010878
:1013D00010B502682B4C0368A34222D0294C143468
:1013E0000368A3421DD0274C28340368A34218D0B9
:1013F000244C3C340368A34213D0224C503403687D
:10140000A3420ED01F4C64340368A34209D01D4C84
:1014100078340368A34204D01A4C8C340368A34286
:1014200001D1012300E000238BB10378083B142491
:10143000B3FBF4F1144B03EB81030366124B8033CF
:10144000436601F01F040123A340836618E003787C
:10145000103B1824B3FBF4F10C4B9A4204D80B4B0D
:10146000A83B9A4200D30831094B03EB8103036682
:10147000074B8033436601F01F040123A3408366BA
:1014800010BD00000854025800580258B804024029
:10149000000802400179A9B3082940D8204B02680E
:1014A0009A4222D01E4B143302689A421DD01C4B24
:1014B000283302689A4218D0194B3C3302689A428A
:1014C00013D0174B503302689A420ED0144B64333A
:1014D00002689A4209D0124B783302689A4204D0CB
:1014E0000F4B8C3302689A4201D1012200E00022A6
:1014F0004AB14A1E0B4B03EB8202C266094A4032D4
:10150000026708E00BE04A1E074B03EB8202C2664B
:10151000054A403202674A1E0123934043677047E1
:1015200008540258005902580009024001460020A0
:101530008A69D2B98A6A32B1012A0DD0022A03D04F
:10154000032A10D10EE000BFCA6A02F08072B2F125
:10155000807F00D1012007E0CA6AB2F1C07F00D1CC
:10156000012001E000E000BF36E08A69B2F5005FCB
:101570001BD18A6A32B1012A07D0022A03D0032A7A
:1015800011D10AE000BF01200EE0CA6A02F08072A9
:10159000B2F1807F00D1012006E0CA6AB2F1C07FBB
:1015A00000D1012000E000BF16E08A6A32B1012AB2
:1015B00005D0022A04D0032A0CD103E000BF00BFEB
:1015C000012008E0CA6A02F08072B2F1807F00D187
:1015D000012000E000BF00BF7047000008B50848C8
:1015E00040680090074900980968884204D206487C
:1015F0000068401C0449086002490098086008BD62
:10160000001000E098000020940000200C49486879
:10161000F0EE400A00BF0A494968091A01EE101AA3
:10162000F8EE411A074991ED001AB8EE411A20EE82
:10163000811AF4EEC11AF1EE10FAECD370470000F3
:10164000001000E08800002010B52DED028B82B064
:1016500004460E484068019020680199081A00EE7F
:10166000100AF8EE400A0A4890ED000AB8EE400A67
:1016700080EE801AB0EE418A01982060FFF7AEFF3D
:10168000B0EE480A02B0BDEC028B10BD001000E0C5
:10169000880000201249096841F08071104A1160E9
:1016A0000021104A51601146096841F001011160A2
:1016B0000D4941430D4A1160114609684FF47A7291
:1016C000B1FBF2F10A4A116008490968064AB1FB08
:1016D000F2F1084A11600021074A116070470000CA
:1016E000FCED00E0001000E040420F008800002008
:1016F0008C0000209000002094000020704710B55E
:101700004FF4806002F000FF4FF4805002F0FCFEC6
:1017100010BD72B600BFFEE710B5024802F02AFA0B
:1017200010BD0000D005002410B5024802F022FAD6
:1017300010BD0000D005002410B5024802F01AFACE
:1017400010BD00007006002410B5024802F012FA25
:1017500010BD00007006002410B5024802F00AFA1D
:1017600010BD00001007002410B5024802F002FA74
:1017700010BD00001007002410B501464A6B086830
:10178000D0F884004FF6FC74A04340EA82000C6855
:10179000C4F884000868D0F8840020F47F04088F1F
:1017A00044EA00400C68C4F88400886B024408686E
:1017B000D0F888004FF6FC74A04340EA82000C6821
:1017C000C4F888000868D0F8880020F4FE04888FE8
:1017D00044EA00400C68C4F88800C86B02EB400281
:1017E0000868D0F8A0004FF6FC74A04340EA8200DD
:1017F0000C68C4F8A0000868D0F8A00020F4FE042B
:101800004020405A44EA00400C68C4F8A000D1E9E6
:10181000104004FB00220868D0F8B0004FF6FC74BA
:10182000A04340EA82000C68C4F8B0000868D0F811
:10183000B00020F4FE04B1F8480044EA00400C680F
:10184000C4F8B000D1E9124004FB00220868D0F8C7
:10185000AC004FF6FC74A04340EA82000C68C4F868
:10186000AC00D1E9144004FB00220868D0F8F00075
:101870004FF6FC74A04340EA82000C68C4F8F00004
:101880000868D0F8F00020F47C14B1F8580044EA5D
:1018900000400C68C4F8F000886D02EB4002086854
:1018A000D0F8C0004FF6FC74A04340EA82000C68F8
:1018B000C4F8C0000868D0F8C00020F47C14B1F867
:1018C0005C0044EA00400C68C4F8C0000868D0F826
:1018D000C00020F07C5491F8600044EA00600C687D
:1018E000C4F8C0002A4C486B04EB8000C866CC6E7C
:1018F000886B04EB80040C670C6FC86B04EBC004AE
:101900004C67D1E9100460434C6F04EB80048C6792
:10191000D1E9120460438C6F04EB8004CC67D1E9F9
:1019200014046043CC6F04EB80048020445044587E
:10193000886D04EBC004842044508C6EC86D6043F5
:101940008424645804EB8004882044508C6E086E14
:1019500060438824645804EB80049020445040582D
:101960000C4CA04209D99831486840F020004860EA
:10197000032001F89809012010BDCB6E02E0002081
:1019800018601B1D902040589842F8D80020F3E7BB
:1019900000AC0040FCD300402DE9F0410546144660
:1019A0001E46D1F804C0BCF1000F0AD1D1F810C016
:1019B000D1F808804CEA080CB1F800804CEA884362
:1019C0000BE0D1F810C04CF0804CD1F808804CEA04
:1019D000080CD1F800804CEA080391F82080D1F877
:1019E0001CC04CEA086CD1F818804CEA080CD1F8FD
:1019F00014804CEA080CB1F80C804CEA0847D5F882
:101A000068C00CFB06FCD5F8848008EB8C021360E0
:101A1000121D1760121D002019E000F1030C14F8CC
:101A20000CC04FEA0C6800F1020C14F80CC048EA34
:101A30000C4800F1010C14F80CC048EA0C2C14F806
:101A400000804CEA080CC2F800C0121D001DDFF82F
:101A50001480D1F80CC018F80CC08445DDD8BDE85E
:101A6000F0810000E072010830B5034613B94FF66B
:101A7000FF7030BD09E013F8014B82EA0400C0B2E8
:101A8000054D35F8100080EA2222081EA1F101015F
:101A9000F1D11046EDE700007674010830B5034639
:101AA00005E013F8010B80EA02040448025D081EF9
:101AB000A1F10105A9B2F4D1104630BD757301083A
:101AC00010B504462078617840EA0120C0F30A008E
:101AD000B54908806078C008A17840EA4110C0F399
:101AE0000A00B1494880A0788009E17840EA810085
:101AF000217940EA8120C0F30A00AB49888020792F
:101B00004008617940EAC110C0F30A00A649C880C4
:101B10006079C0F301108872607900118108A248D1
:101B2000C172A079E17940EA012000B29E49C881E2
:101B3000207A617A40EA012001B29B480182A07AB2
:101B4000E17A40EA012001B297484182217B017588
:101B5000617B4175A07BE17B40EA01209249C8820C
:101B6000207C617C40EA012000B28F490881207C02
:101B7000617C40EA0120C0F30A00A0F580608A4938
:101B8000888108460088A0F5806000B20880084679
:101B90004088A0F5806000B2488008468088A0F5A3
:101BA000806000B288800846C088A0F5806000B2DE
:101BB000C88008460089A0F5806000B20881A07B3B
:101BC00000F0010079490880A07B00F0020078490C
:101BD0000880A07B00F0040076490880A07B00F01C
:101BE000080075490880A07B00F040007349088018
:101BF000A07B00F0800072490880A07B00F01000FC
:101C000070490880A07B00F020006F49088066487A
:101C1000007D6E4908706448407D6D4908706248D7
:101C2000C08A00F480706B4908805F48C08A00F465
:101C30000070694908805C48C08A00F48060674988
:101C400008805948C08A00F40060654908805648F9
:101C5000C08A00F48050634908805348C08A00F469
:101C60000050614908805048C08A00F480405F49B4
:101C700008804D48C08A00F400405D4908804B4808
:101C8000008810B10120494908804948008810B1F6
:101C90000120474908804748008810B10120454984
:101CA00008804548008810B1012043490880434816
:101CB000008810B10120414908804148008810B1D6
:101CC00001203F4908803F48008810B101203D496C
:101CD00008803D48008810B101203B4908803B48FE
:101CE000007810B10120394908703948007810B1E6
:101CF0000120374908703748008810B10120354964
:101D000008803548008810B10120334908803348E5
:101D1000008810B10120314908803148008810B195
:101D200001202F4908802F48008810B101202D493B
:101D300008802D48008810B101202B4908802B48CD
:101D4000008810B10120294908802948008810B175
:101D500001202749088027480088264948801248E2
:101D6000C08A08802449234814F02AFB23492148CB
:101D700014F026FB22491F4814F022FB21491D487C
:101D800014F01EFB20491B4814F01AFB1F49194888
:101D900014F016FB1E49174814F012FB1D49154894
:101DA00014F00EFB10BD0000C8080020FA0100204E
:101DB000FC010020FE0100200002002002020020A1
:101DC0000402002006020020080200201A0200205F
:101DD0001B0200200A0200200C0200200E0200203C
:101DE000100200201202002014020020160200201F
:101DF000180200201C020020200200202C020020DB
:101E000038020020440200205C0200205002002022
:101E1000680200207402002070B50A480468001DA2
:101E20000568001D0668344454B10822064920465E
:101E300007F03EFA042204491031284607F038FA28
:101E400070BD000000E8F11F4A0000202DE9F041BC
:101E5000044602F065FC804614B90120BDE8F0811B
:101E600094F83500022808D08020606500BF00206B
:101E700084F8340000BF0120F0E7FE492068884262
:101E800049D0FC4918312068884244D0F9493031A2
:101E9000206888423FD0F7494831206888423AD0CC
:101EA000F44960312068884235D0F24978312068A1
:101EB000884230D0EF499031206888422BD0ED49DC
:101EC000A8312068884226D0EB492068884222D079
:101ED000E9491831206888421DD0E749303120682F
:101EE000884218D0E44948312068884213D0E2493A
:101EF0006031206888420ED0DF49783120688842FE
:101F000009D0DD4990312068884204D0DA49A831EF
:101F10002068884201D1012000E0002068B12068DB
:101F2000006820F01E00216808602068406920F0E9
:101F3000800021684861256806E02068006820F07C
:101F40000E00216808602568CA492068884270D060
:101F5000C8491831206888426BD0C64930312068A2
:101F6000884266D0C34948312068884261D0C1495F
:101F70006031206888425CD0BE4978312068884250
:101F800057D0BC4990312068884252D0B949A83115
:101F9000206888424DD0B8492068884249D0B64967
:101FA00018312068884244D0B349303120688842D3
:101FB0003FD0B1494831206888423AD0AE496031BB
:101FC0002068884235D0AC4978312068884230D0CA
:101FD000A9499031206888422BD0A749A8312068B0
:101FE000884226D0A5492068884222D0A3491431CE
:101FF000206888421DD0A14928312068884218D025
:102000009E493C312068884213D09C495031206859
:1020100088420ED0994964312068884209D0974996
:1020200078312068884204D094498C3120688842F5
:1020300001D1012000E0002028B1206E006820F4CA
:102040008070216E08608B492068884249D0894998
:1020500018312068884244D086493031206888424F
:102060003FD084494831206888423AD08149603164
:102070002068884235D07F4978312068884230D046
:102080007C499031206888422BD07A49A831206859
:10209000884226D078492068884222D07649183173
:1020A000206888421DD0744930312068884218D099
:1020B000714948312068884213D06F4960312068E7
:1020C00088420ED06C4978312068884209D06A492C
:1020D00090312068884204D06749A831206888423E
:1020E00006D12068006820F001002168086005E042
:1020F0002068006820F001002168086011E002F00B
:102100000FFBA0EB080005280BD9202060650320F9
:1021100084F8350000BF002084F8340000BF01209F
:102120009CE6286800F001000028E8D151492068A9
:10213000884249D04F4918312068884244D04D49DF
:102140003031206888423FD04A494831206888426F
:102150003AD0484960312068884235D045497831C5
:102160002068884230D043499031206888422BD083
:102170004049A8312068884226D03F4920688842DB
:1021800022D03D491831206888421DD03A4930316B
:102190002068884218D0384948312068884213D0D6
:1021A00035496031206888420ED033497831206843
:1021B000884209D0304990312068884204D02E49A5
:1021C000A8312068884201D1012000E0002040B100
:1021D000A66D94F85C0000F01F013F208840B060BD
:1021E00007E0A76D94F85C0000F01F010120884013
:1021F000786020492068884276D01E4918312068CE
:10220000884271D01B493031206888426CD019490E
:1022100048312068884267D016496031206888427A
:1022200062D014497831206888425DD011499031DC
:102230002068884258D00F49A8312068884253D07E
:102240000D49206888424FD00B49183120688842D8
:102250004AD0094930312068884245D00649483182
:102260002068884240D004496031206888423BD0D1
:10227000014905E0100002401004024008540258D1
:102280007831206888422FD02549206888422BD099
:10229000234918312068884226D022492068884284
:1022A00022D020491431206888421DD01D49283190
:1022B0002068884218D01B493C312068884213D0DE
:1022C00018495031206888420ED016496431206880
:1022D000884209D0134978312068884204D01149D6
:1022E0008C312068884201D1012000E0002068B1D3
:1022F000D4E919104860E06E40B1E06E006820F447
:102300008070E16E0860D4E91C104860012084F8F8
:10231000350000BF002084F8340000BF00BF9DE5F9
:10232000A00402400854025870B504460CB90120BC
:1023300070BD94F83500022803D08020606501202C
:10234000F6E7DC492068884249D0DA49183120682C
:10235000884244D0D7493031206888423FD0D5499F
:102360004831206888423AD0D2496031206888429A
:1023700035D0D04978312068884230D0CD4990316D
:10238000206888422BD0CB49A8312068884226D0CB
:10239000C9492068884222D0C7491831206888423C
:1023A0001DD0C54930312068884218D0C249483113
:1023B0002068884213D0C0496031206888420ED01E
:1023C000BD4978312068884209D0BB4990312068E6
:1023D000884204D0B849A8312068884201D1012040
:1023E00000E00020F0B3042084F83500B1492068F3
:1023F00088424BD0AF4918312068884246D0AD4959
:1024000030312068884241D0AA494831206888424A
:102410003CD0A84960312068884237D0A54978313E
:102420002068884232D0A3499031206888422DD05C
:10243000A049A8312068884228D09F492068884256
:1024400024D09D491831206888421FD09A493031E4
:10245000206888421AD0984948312068884215D0AF
:10246000954900E020E06031206888420ED0924912
:1024700078312068884209D08F499031206888429D
:1024800004D08D49A8312068884206D120680068B0
:1024900020F001002168086009E12068006820F050
:1024A00001002168086002E12068006820F00E0049
:1024B000216808607F492068884249D07D491831E9
:1024C0002068884244D07B493031206888423FD020
:1024D00078494831206888423AD07649603120688E
:1024E000884235D0734978312068884230D07149AC
:1024F0009031206888422BD06E49A83120688842EC
:1025000026D06D492068884222D06B491831206856
:1025100088421DD0684930312068884218D0664909
:1025200048312068884213D063496031206888426E
:102530000ED0614978312068884209D05E499031D7
:102540002068884204D05C49A8312068884206D1BE
:102550002068006820F001002168086005E020681C
:10256000006820F001002168086052492068884214
:1025700070D050491831206888426BD04D493031B5
:102580002068884266D04B4948312068884261D033
:1025900048496031206888425CD0464978312068DB
:1025A000884257D0434990312068884252D04149EF
:1025B000A831206888424DD03F492068884249D0E0
:1025C0003D4918312068884244D03B493031206869
:1025D00088423FD038494831206888423AD036494D
:1025E00060312068884235D033497831206888428C
:1025F00030D031499031206888422BD02E49A83103
:102600002068884226D02D492068884222D02B4954
:102610001431206888421DD028492831206888421A
:1026200018D026493C312068884213D023495031C4
:10263000206888420ED0214964312068884209D040
:102640001E4978312068884204D01C498C312068AA
:10265000884201D1012000E00020D8B1206E00683E
:1026600020F48070216E0860A56D94F85C0000F085
:102670001F01012088406860D4E919104860E06EAD
:1026800040B1E06E006820F48070E16E0860D4E92B
:102690001C104860012084F8350000BF002084F839
:1026A000340000BF206D10B12046216D8847002006
:1026B0003EE6000010000240100402400854025898
:1026C0002DE9F84F044600200090FE4800684FF4C2
:1026D0001651B0FBF1FAA66DD4F858803768D8F8D7
:1026E0000090F9492068884249D0F749183120689C
:1026F000884244D0F4493031206888423FD0F249C2
:102700004831206888423AD0EF49603120688842D9
:1027100035D0ED4978312068884230D0EA4990318F
:10272000206888422BD0E849A8312068884226D00A
:10273000E6492068884222D0E4491831206888425E
:102740001DD0E24930312068884218D0DF49483135
:102750002068884213D0DD496031206888420ED05D
:10276000DA4978312068884209D0D8499031206808
:10277000884204D0D549A8312068884201D101207F
:1027800000E0002000287DD094F85C0000F01F01DC
:10279000082088403840002868D0CB49206888420B
:1027A00049D0C94918312068884244D0C6493031DF
:1027B000206888423FD0C4494831206888423AD0D6
:1027C000C14960312068884235D0BF4978312068DE
:1027D000884230D0BC499031206888422BD0BA4919
:1027E000A8312068884226D0B8492068884222D083
:1027F000B6491831206888421DD0B449303120686C
:10280000884218D0B14948312068884213D0AF4976
:102810006031206888420ED0AC4978312068884207
:1028200009D0AA4990312068884204D0A749A8312C
:102830002068884204D12068006800F0040003E0AA
:102840002068006800F0080080B12068006820F06F
:1028500004002168086094F85C0000F01F01082063
:102860008840B060606D40F00100606594F85C00E5
:1028700000F01F01012088403840E8B392492068E9
:10288000884200E0B7E24BD08F4918312068884277
:1028900046D08D4930312068884241D08A4948313C
:1028A000206888423CD0884960312068884237D00F
:1028B000854978312068884232D083499031206838
:1028C00088422DD08049A8312068884228D07F498D
:1028D0002068884224D07D491831206888421FD062
:1028E0007A493031206888421AD0784948312068C6
:1028F000884215D0754900E026E0603120688842A2
:102900000ED0724978312068884209D06F499031E1
:102910002068884204D06D49A8312068884204D1DB
:102920002068406900F0800002E020680068002014
:1029300050B194F85C0000F01F0101208840B060A5
:10294000606D40F00200606594F85C0000F01F01CB
:10295000042088403840E8B35B49206888424BD067
:10296000594918312068884246D05749303120688B
:10297000884241D054494831206888423CD052496D
:1029800060312068884237D04F49783120688842CA
:1029900032D04D499031206888422DD04A49A83123
:1029A0002068884228D049492068884224D0474975
:1029B0001831206888421FD044493031206888424D
:1029C0001AD0424948312068884215D03F496031C9
:1029D000206800E024E088420ED03C49783120682D
:1029E000884209D0394990312068884204D037495B
:1029F000A8312068884204D12068006800F00200F5
:102A000002E020680068002050B194F85C0000F0FB
:102A10001F0104208840B060606D40F004006065D4
:102A200094F85C0000F01F01102088403840E8B3A3
:102A300025492068884251D02349183120688842AE
:102A40004CD0214930312068884247D01E49483156
:102A50002068884242D01C496031206888423DD0BD
:102A6000194978312068884238D017499031206858
:102A7000884233D01449A831206888422ED01349A7
:102A8000206888422AD0114918312068884225D010
:102A90000E4930312068884220D00C4948312068E6
:102AA00088421BD009496031206800E04DE088422F
:102AB00014D006497831206888420FD003499031FC
:102AC000206805E01C0000241000024010040240B1
:102AD000884203D0FE492068884204D120680068FB
:102AE00000F0080003E02068006800F0040060B314
:102AF00094F85C0000F01F0110208840B06020684E
:102B0000006800F4802080B12068006800F4002094
:102B100028B9206CC8B12046216C884715E0A06C0C
:102B200098B12046A16C88470FE02068006800F447
:102B3000807028B92068006820F0080021680860CB
:102B4000206C10B12046216C884794F85C0000F09E
:102B50001F0120208840384000287DD0DD492068B2
:102B6000884249D0DB4918312068884244D0D9498D
:102B70003031206888423FD0D649483120688842A9
:102B80003AD0D44960312068884235D0D149783173
:102B90002068884230D0CF499031206888422BD0BD
:102BA000CC49A8312068884226D0C949A839206874
:102BB000884221D0C6499039206888421CD0C44937
:102BC00078392068884217D0C14960392068884226
:102BD00012D0BF494839206888420DD0BC493039ED
:102BE0002068884208D0BA4918392068884203D042
:102BF000B7492068884204D12068006800F01000BE
:102C000003E02068006800F0020028B394F85C003C
:102C100000F01F0120208840B06094F8350004289F
:102C20002DD12068006820F0160021680860206817
:102C3000406920F0800021684861206C08B9A06CD0
:102C400028B12068006820F008002168086094F826
:102C50005C0000F01F0100E03FE03F208840B060D2
:102C6000012084F8350000BF002084F8340000BF44
:102C7000206D10B12046216D8847BDE8F88F20688F
:102C8000006800F4802080B12068006800F4002013
:102C900028B9606C08B32046616C88471DE0E06B82
:102CA000D8B12046E16B884717E02068006800F43F
:102CB000807068B92068006820F010002168086002
:102CC000012084F8350000BF002084F8340000BFE4
:102CD000E06B10B12046E16B8847606D00287AD028
:102CE000606D00F00100E8B3042084F835007949F4
:102CF000206888424BD0774918312068884246D0F6
:102D0000744930312068884241D072494831206886
:102D100088423CD06F4960312068884237D06D4985
:102D200078312068884232D06A49903120688842E0
:102D30002DD06849A8312068884228D06449A83934
:102D40002068884223D062499039206888421ED08A
:102D50005F4978392068884219D05D496039206818
:102D6000884200E040E012D0594948392068884242
:102D70000DD0574930392068884208D05449183955
:102D80002068884203D052492068884206D12068D2
:102D9000006820F001002168086005E020680068F4
:102DA00020F001002168086000BF0098401C0090DE
:102DB000504500D905E02068006800F001000028B7
:102DC000F3D100BF2068006800F0010020B10320AB
:102DD00084F8350003E00DE0012084F8350000BFE1
:102DE000002084F8340000BFE06C002802D02046A8
:102DF000E16C8847D9E138492068884222D03649B9
:102E00001431206888421DD0334928312068884217
:102E100018D031493C312068884213D02E495031B6
:102E2000206888420ED02C4964312068884209D03D
:102E3000294978312068884204D027498C3120689C
:102E4000884201D1012000E000200028D2D0206873
:102E5000056894F85C0000F01F010420884000EA37
:102E60000900D8B305F00400C0B394F85C0000F08A
:102E70001F0104208840C8F8040005F4004080B118
:102E800005F4803030B9A06C0028B3D02046A16C86
:102E900088478AE1206C0028ACD02046216C884706
:102EA00083E105F02000E8BB0A492068884253D03E
:102EB00008491831206888424ED0064930312068D0
:102EC000884249D0034948312068884244D006E00E
:102ED000B804024010000240085402584FE0B449C0
:102EE00060312068884237D0B14978312068884203
:102EF00032D0AF499031206888422DD0AC49A831FA
:102F00002068884228D0AB492068884224D0A9494B
:102F10001831206888421FD0A64930312068884285
:102F20001AD000E025E0A34948312068884213D038
:102F3000A0496031206888420ED09E4978312068CF
:102F4000884209D09B4990312068884204D0994931
:102F5000A8312068884206D12068006820F0080067
:102F60002168086005E02068006820F004002168FE
:102F70000860206C10B32046216C884715E194F856
:102F80005C0000F01F010220884000EA0900E8B35D
:102F900005F00200D0B394F85C0000F01F0102209D
:102FA0008840C8F8040005F4004070B105F4803092
:102FB00028B9606C10B12046616C8847F5E0E06B81
:102FC000F0B32046E16B8847EFE005F02000C0BB7E
:102FD0007749206888424ED0754918312068884268
:102FE00049D0734930312068884244D07049483113
:102FF000206888423FD06E496031206888423AD0CC
:103000006B4978312068884235D000E04EE068494D
:103010009031206888422ED06549A83120688842C6
:1030200029D064492068884225D062491831206837
:10303000884220D05F493031206888421BD001E0AF
:103040006EE02DE05B4948312068884213D0594931
:103050006031206888420ED0564978312068884215
:1030600009D0544990312068884204D05149A83190
:103070002068884206D12068006820F0140021688A
:10308000086005E02068006820F00A0021680860F8
:10309000012084F8350000BF002084F8340000BF10
:1030A000E06BE8B32046E16B88477EE094F85C0073
:1030B00000F01F010820884000EA090080B305F0F5
:1030C000080068B33A49206888424BD03849183123
:1030D0002068884246D0364930312068884241D045
:1030E00033494831206888423CD0314960312068FA
:1030F000884237D02E4978312068884232D02C4916
:103100009031206888422DD02949A8312068884212
:1031100028D028492068884224D02649183100E068
:1031200043E0206888421DD022493031206888421F
:1031300018D0204948312068884213D01D49603199
:10314000206888420ED01B4978312068884209D017
:10315000184990312068884204D01649A831206867
:10316000884206D12068006820F01C0021680860B1
:1031700005E02068006820F00E002168086094F8DF
:103180005C0000F01F0101208840C8F80400012005
:10319000606584F8350000BF002084F8340000BF6B
:1031A000E06C10B12046E16C884700BF65E5000087
:1031B00010000240100402402DE9F041044601F0E5
:1031C000AFFA804614B90120BDE8F081FE492068BD
:1031D000884249D0FC4918312068884244D0FA49D5
:1031E0003031206888423FD0F74948312068884212
:1031F0003AD0F54960312068884235D0F2497831BB
:103200002068884230D0F0499031206888422BD025
:10321000ED49A8312068884226D0EC4920688842D0
:1032200022D0EA491831206888421DD0E749303160
:103230002068884218D0E54948312068884213D078
:10324000E2496031206888420ED0E0497831206838
:10325000884209D0DD4990312068884204D0DB499A
:10326000A8312068884201D1012000E00020002818
:1032700073D0606A00B100BF022084F8350000BF3F
:10328000002084F8340000BFCF492068884249D02C
:10329000CD4918312068884244D0CB49303120686C
:1032A00088423FD0C8494831206888423AD0C64950
:1032B00060312068884235D0C3497831206888421F
:1032C00030D0C1499031206888422BD0BE49A83106
:1032D0002068884226D0BD492068884222D0BB4958
:1032E0001831206888421DD0B849303120688842A2
:1032F00018D0B64948312068884213D0B3496031AC
:10330000206888420ED0B14978312068884209D0BF
:10331000AE4990312068884204D0AC49A831206879
:10332000884206D12068006820F00100216808600A
:1033300005E02068006820F00100216808600DE0C9
:1033400001F0EEF9A0EB0800052807D92020606500
:10335000032084F83500012036E769E02068006822
:1033600000F001000028EBD120680568984805406E
:10337000D4E9020108432169084361690843A1694E
:103380000843E1690843216A08430543606A042849
:1033900003D1D4E90B01084305436068292802D30F
:1033A00060682E2817D960683F2802D360684228D9
:1033B00011D96068472802D3606848280BD9606833
:1033C0004F2802D36068522805D96068742804D356
:1033D0006068772801D8012000E0002008B145F49A
:1033E0008015206805602068456925F00705606A3A
:1033F0000543606A04280DD1A06A0543E06A48B11C
:103400002046FEF793F828B140206065012084F83B
:103410003500D9E6206845612046FDF763FF064682
:1034200094F85C0000F01F013F208840B0609EE0EF
:1034300068492068884222D0664914312068884251
:103440001DD0644928312068884218D061493C3138
:103450002068884213D05F495031206888420ED0DE
:103460005C4964312068884209D05A497831206823
:10347000884204D057498C312068884201D101200C
:1034800000E00020E0B353492068884222D051492F
:103490001431206888421DD04E4928312068884266
:1034A00018D04C493C312068884213D049495031EA
:1034B000206888420ED0474964312068884209D08C
:1034C000444978312068884204D042498C312068D0
:1034D000884201D1012000E0002000B100BF02209D
:1034E00084F8350000BF002084F8340000BF206855
:1034F000056839480540A068402802D1102106E03F
:103500002EE0A068802801D1C10100E00021E06820
:1035100041EAD001206941EAD001606941EAD00165
:10352000A06941EAD001E06941EAD001206A41EA9C
:10353000101005432068056026492068401A1421B0
:10354000B0FBF1F08000E0652046FDF7CBFE0746BA
:1035500094F85C0000F01F0101208840786006E0CC
:1035600040206065032084F8350001202CE61649D0
:10357000206888427AD0144918312068884275D072
:10358000114930312068884270D00F494831206895
:1035900088426BD00C4960312068884266D00A4965
:1035A00078312068884261D007499031206888428C
:1035B0005CD00549A8312068884257D0034920686B
:1035C000884253D0014909E0100002401004024033
:1035D0003F8010FE085402580F00FEFF183120688B
:1035E000884243D03749206888423FD03549183156
:1035F000206888423AD0334930312068884235D03B
:10360000304948312068884230D02E4960312068E6
:1036100088422BD02B4978312068884226D02A490D
:103620002068884222D028491431206888421DD061
:10363000254928312068884218D023493C31206828
:10364000884213D020495031206888420ED01E494C
:1036500064312068884209D01B497831206888424B
:1036600004D019498C312068884201D1012000E042
:10367000002000B32046FDF7ABFEA068802801D1F2
:10368000002060602079216E0860D4E9191048603C
:10369000606860B16068082809D82046FDF7FAFE26
:1036A0000020E16E0860D4E91C10486003E00020AF
:1036B000E0662067606700206065012084F83500BF
:1036C000002081E5400402400854025870B50446C9
:1036D00001F026F806462546681C10B1044800781B
:1036E000054400BF01F01CF8801BA842FAD370BD4E
:1036F0001800002430B5034693F89840012C01D0FF
:10370000022C3ED11868806D084030B91868C06D31
:1037100040F001001D68E8650EE01868806D084003
:10372000884206D11868C06D40F002001D68E86547
:1037300002E003201D68E86501F4007030B11868EC
:10374000D0F8E00010431D68C5F8E00001F4806087
:1037500030B11868D0F8E40010431D68C5F8E400E3
:1037600000BF1868406D0B4D0D4028431D6868650B
:103770000948006840EA9170074D286000BF0020AA
:1037800030BDD3F89C0040F00200C3F89C0001203B
:10379000F6E70000FFFFCF3F14A800402DE9F041FD
:1037A00004460E461746706800B900E000BF94F862
:1037B0009800022832D12068D0F8C00000F07C5078
:1037C00040B9D4F89C0040F02000C4F89C000120CF
:1037D000BDE8F0812068D0F8C40000F4001038B1D2
:1037E000D4F89C0040F40070C4F89C000120EFE77E
:1037F0002068D0F8C400C0F304452B463A46314651
:103800002046FEF7C9F80120A8402168C1F8D00081
:103810000120A840C4F894000020D9E7D4F89C0007
:1038200040F00800C4F89C000120D1E7704710B5B3
:10383000034601B900E000BF93F89800012824D1A5
:1038400051B91868D0F8F00020F07C5040EA0260CE
:103850001C68C4F8F00016E001290AD11868D0F8F5
:10386000A00020F0FE4040EA02601C68C4F8A000FE
:1038700009E01868D0F8B00020F0FE4040EA02608D
:103880001C68C4F8B000002010BDD3F89C0040F0C4
:103890000400C3F89C000120F6E7F0B5024692F858
:1038A0009860012E01D0022E43D1C868072800D1AC
:1038B00000BF086818BBC868072800D000BFC868E8
:1038C00007280BD1088A4FF0605747EA0040CF69BC
:1038D00040EA07208F6940EA07040AE0087A800777
:1038E0000F7B40EAC7600F8A40EA07404F6940EA11
:1038F0000704D76E486807EB80031C6017E0C868B0
:10390000072800D000BF0F7B086940EA4774C868E9
:10391000072801D18D6903E00F7A486940EA87756D
:10392000176F486807EBC0031C601B1D1D6000205B
:10393000F0BDD2F89C0040F00200C2F89C000120CB
:10394000F6E770B50446049D94F8980001280AD162
:10395000080140EA820040EA430028432668C6F88E
:103960008000002070BDD4F89C0040F00400C4F832
:103970009C000120F6E77047704700002DE9F043F6
:1039800004460D469C46002394F89880B8F1020F37
:1039900074D1402D38D12068D0F8A00000F4FE008A
:1039A00040B9D4F89C0040F02000C4F89C000120ED
:1039B000BDE8F0832068D0F8A40000F07F0038B99B
:1039C000D4F89C0040F48070C4F89C000120EFE71C
:1039D0002068D0F8A400C0F3006040B12068D0F89F
:1039E000A0004FF00109B9EBD07F00D1012320687E
:1039F000D0F8A400C0F305200344606C5843D4F809
:103A0000749009EB80014BE0412D38D12068D0F84B
:103A1000B00000F4FE0038B9D4F89C0040F020005B
:103A2000C4F89C000120C3E72068D0F8B40000F07F
:103A30007F0038B9D4F89C0040F48070C4F89C0032
:103A40000120B5E72068D0F8B400C0F3006040B1B1
:103A50002068D0F8B0004FF00109B9EBD07F00D159
:103A600001232068D0F8B400C0F305200344E06CC3
:103A70005843D4F8789009EB800111E06DE0206D97
:103A8000A84207D8D4F89C0040F02000C4F89C005D
:103A900001208DE7606D6843D4F87C9009EB8001CC
:103AA000086800F080405060506820B90868C0F392
:103AB0008A40106003E0086820F0604010600868E9
:103AC00000F000509060086800F000401061091D8F
:103AD000088880B2D0610868C0F30340D0600868ED
:103AE00000F480105061086800F4001090610868CC
:103AF000C0F3066010620868C00F5062091D0F46CF
:103B0000002603E0B85D0CF80600761CDFF85C9038
:103B1000D06819F80000B042F4D8402D03D12068D5
:103B2000C0F8A83017E0412D03D12068C0F8B830A4
:103B300011E0202D06D20120A840D4F80090C9F849
:103B4000980008E005F01F09012000FA09F0D4F8F8
:103B50000090C9F89C0000202AE7D4F89C0040F0AF
:103B60000800C4F89C00012022E70000E072010870
:103B7000704700002DE9F04F8DB00446EF48006813
:103B80008707EE48001D006807EA80772068006D0F
:103B900000F470482068406D00EA08082068006D55
:103BA00000F00F092068406D00EA09092068006DE7
:103BB00000F0F00A2068406D00EA0A0A2068006DF3
:103BC00000F0715B2068406D00EA0B0B2068006D0F
:103BD00000F060700C902068406D0C9908400C90CB
:103BE0002068456D2068066DC5F3002070B1C6F3EE
:103BF000002058B100BF4FF4807021680865002094
:103C0000CE49086000BF2046FFF7B2FFC5F3802011
:103C1000C8B1C6F38020B0B12068D0F8DC000A90AB
:103C20002068D0F8E4000A9908400A9000BF4FF4D9
:103C30008060216808650020C049086000BF2046F8
:103C40000A9900F04CFC67B100BFBD4838402168BC
:103C50000865B80FB949086000BF39462046FFF72C
:103C6000E5FDB8F1000F0ED000BFB54808EA00002E
:103C7000216808654FEA9870B049086000BF414666
:103C8000204600F02EFCB9F1000F0ED000BFAC486A
:103C900009EA0000216808654FEA9970A7490860A1
:103CA00000BF4946204600F0DFFBBAF1000F0ED0FE
:103CB00000BFA3480AEA0000216808654FEA9A702D
:103CC0009E49086000BF5146204600F0E7FBC5F35F
:103CD000C02070B1C6F3C02058B100BF4FF40060DF
:103CE0002168086500209549086000BF204600F063
:103CF000F9FBC5F34020C8B1C6F34020B0B120683D
:103D0000D0F8D8000B902068D0F8E0000B9908405C
:103D10000B9000BF4FF400702168086500208749B0
:103D2000086000BF20460B9900F0DAFBC5F3C040E5
:103D300070B1C6F3C04058B100BF4FF400202168F5
:103D4000086500207D49086000BF204600F08AFB1E
:103D5000C5F3004070B1C6F3004058B100BF4FF446
:103D600080302168086500207449086000BF204643
:103D700000F0B4FBC5F3804070B1C6F3804058B189
:103D800000BF4FF480202168086500206B4908605F
:103D900000BF204600F0A1FBC5F3404088B1C6F348
:103DA000404070B100BF4FF400302168086500202A
:103DB0006249086000BFD4F89C0040F08000C4F85D
:103DC0009C000C9870B100BF5D490C9808402168B8
:103DD00008650C98800F5949086000BF20460C996F
:103DE000FFF7CAFDBBF1000F10D000BF54480BEA2B
:103DF0000000216808654FEA9B705049086000BFC9
:103E0000D4F89C0040EA0B00C4F89C004D4920689F
:103E100088427DD16068806800F00300002877D078
:103E20006068006A00F00F0009906068406A0999B4
:103E3000084009906068006A00F0300008906068EF
:103E4000406A0899084008906068006A00F4C070F1
:103E500007906068406A0799084007906068006AA8
:103E600000F4FC4006906068406A0699084006909D
:103E70006068006A00F4F02005906068406A059967
:103E8000084005906068406A02906068006A01908E
:103E9000099830B10998616808622046099900F0D4
:103EA00019FB089830B108986168086220460899A3
:103EB00000F012FB0298C0F38010A0B10198C0F38B
:103EC000801080B16068C06B000C04906068C06BAB
:103ED00000F03F0003904020616808622046DDE961
:103EE000032100F0F8FA079830B10798616808627A
:103EF0002046079900F0EDFA069840B106986168EF
:103F00000862D4F89C0006990843C4F89C0000E0BD
:103F10000AE0059840B1059861680862D4F89C00F1
:103F200005990843C4F89C00D4F89C0010B12046C1
:103F3000FFF721FD0DB0BDE8F08F000010A8004094
:103F4000FFFFCF3F00A0004070B594B004464C2264
:103F5000B34901A8FCF775FB14B9012014B070BD7A
:103F6000B0492068884203D1206800F58070606005
:103F7000A068B0F5407F00D100BF206C00B100BF49
:103F8000A06C00B100BF206D00B100BF206E00B179
:103F900000BFD4E91710084400B100BF94F898009E
:103FA00028B9002084F89900204600F03DF92068E7
:103FB000806920F010002168886100F0B1FB05469F
:103FC0000EE000F0ADFB401B0A2809D99834606868
:103FD00040F001006060032004F898090120BDE76B
:103FE0002068806900F008000828EAD0206880690D
:103FF00040F001002168886100F092FB05460EE068
:1040000000F08EFB401B0A2809D99834606840F004
:1040100001006060032004F8980901209EE72068F1
:10402000806900F001000028EAD02068806940F033
:10403000020021688861207C012806D120688069FF
:1040400020F040002168886105E02068806940F028
:10405000400021688861607C012806D12068806961
:1040600040F480402168886105E02068806920F480
:10407000804021688861A07C012806D12068806981
:1040800020F480502168886105E02068806940F450
:104090008050216888612068806920F44070A168A0
:1040A0000843216888612068806920F0A4002168A5
:1040B00088612068006920F0100021680861E068CC
:1040C000012806D12068806940F0040021688861D9
:1040D00020E0E068F0B1E068022815D0206880692F
:1040E00040F08000216888612068006940F010007D
:1040F00021680861E06803280CD12068806940F0DD
:1041000020002168886105E02068806940F0200077
:1041100021688861207E401E4106E069401E41EA18
:104120000020216A491E0843A18A491E40EA014035
:104130002168C861A068B0F5407F0FD1A06A401E19
:10414000E16A491E40EA0121206B401E41EA00114C
:10415000A08C401E41EA00402168C860206E38B142
:104160002068D0F8C000616E08432168C1F8C00023
:10417000D4E91710084460B12068D0F8C80020F0D6
:10418000070001AAA16E52F8211008432168C1F866
:10419000C800206C60B12068D0F8BC0020F0070097
:1041A00001AA616C52F8211008432168C1F8BC00D3
:1041B000A06C68B12068D0F8BC0020F0700101AAA2
:1041C000E06C52F8200041EA00102168C1F8BC0000
:1041D000206D68B12068D0F8BC0020F4E06101AA2D
:1041E000606D52F8200041EA00202168C1F8BC004F
:1041F0000C492068884205D16068806820F003007F
:1042000061688860002044F8940FA060012020714C
:10421000943C2046FDF7B0FA064630469EE6000084
:10422000F072010800A0004010B5B6B00446142199
:1042300030A8FCF738FAB82102A8FCF734FA824912
:104240002068884251D14FF400410020CDE902108E
:1042500048031D9002A801F0AFFC08B1FDF759FA20
:104260007A480068401C79490860084600680128BF
:104270000DD100BF7648006840F480707449086032
:104280000846006800F48070019000BF00BF00BFC6
:104290006F480C38006840F008006D490C39086020
:1042A0000846006800F00800019000BF00BF03202E
:1042B00030900220319000203290339009203490C9
:1042C00030A9644800F02EF900221146132000F0B6
:1042D000BBFA132000F0A4FA00221146152000F0CA
:1042E000B3FA152000F09CFAABE05B4920688842E5
:1042F00051D14FF400410020CDE9021048031D9038
:1043000002A801F059FC08B1FDF703FA4F48006814
:10431000401C4E4908600846006801280DD100BFC6
:104320004B48006840F480704949086008460068BE
:1043300000F48070019000BF00BF00BF44480C38FB
:10434000006840F0020042490C39086008460068E5
:1043500000F00200019000BF00BF602030900220FA
:1043600031900020329033900920349030A93B489E
:1043700000F0D8F800221146142000F065FA14204D
:1043800000F04EFA00221146162000F05DFA1620C9
:1043900000F046FA55E032492068884251D14FF486
:1043A00000410020CDE9021048031D9002A801F051
:1043B00003FC08B1FDF7ADF924480068401C23490F
:1043C00008600846006801280DD100BF2048006839
:1043D00040F480701E4908600846006800F4807050
:1043E000019000BF00BF00BF19480C38006840F0C2
:1043F000080017490C3908600846006800F00800FA
:10440000019000BF00BF4FF4405030900220319027
:104410000020329033900520349030A90D4800F0F0
:1044200081F8002211469F2000F00EFA9F2000F034
:10443000F7F900221146A02000F006FAA02000F0B3
:10444000EFF936B010BD000000A0004000000020D1
:10445000EC440258000C025800A40040000402582A
:1044600000D400407047000070B504460D4608486F
:10447000844201D10DF07CFF0648844201D10DF049
:10448000CDFF0548844201D10DF0EAFF70BD000068
:10449000D005002470060024100700247047014650
:1044A00091F8980001280CD1022081F89800086842
:1044B000806920F001000A6890610020C1F89C002A
:1044C0007047D1F89C0040F00400C1F89C00012026
:1044D000F6E77047704770477047704770477047FE
:1044E000704770477047000005490978012906D1D7
:1044F000B0F5806F02D1034A117000E000BF704731
:10450000C9000024C800002410B50446044800680F
:10451000204020B1024804602046FFF7E5FF10BDAF
:1045200088000058F8B502460B4600216D4DD2E0D8
:1045300001278F401E6806EA0704002C72D01E79FE
:1045400006F00306012E04D01E7906F00306022EA3
:1045500013D190684F000326BE40B0434F00DE6881
:10456000BE4030439060506801268E40B0431E79B3
:10457000C6F300168E40304350601E7906F00306E5
:10458000032E09D0D0684F000326BE40B0434F0031
:104590009E68BE403043D0601E7906F00306022EAE
:1045A00013D1CF0802F1200656F827004E07F70E68
:1045B0000F26BE40B0434F07FF0E1E69BE4030437A
:1045C000CF0802F1200646F8270010684F000326A6
:1045D000BE40B0431E7906F003064F00BE40304394
:1045E00010605E6806F44036002E73D000BF3E4E69
:1045F000366846F002063C4F3E603E46366806F09E
:104600000206009600BF00BF384E8F0856F82700FC
:104610008E07370F0F26BE40B043354EB24202D14F
:10462000002629E056E0334EB24201D1012623E0B4
:10463000314EB24201D102261EE0304EB24201D1CB
:10464000032619E02E4EB24201D1042614E02D4E6D
:10465000B24201D105260FE02B4EB24201D106260F
:104660000AE02A4EB24201D1072605E0284EB242A6
:1046700001D1092600E00A268F073F0FBE403043D4
:104680001A4E8F0846F827004FF0B0463068A04316
:104690005E6806F4801606B120434FF0B0463060E5
:1046A0007068A0435E6806F4001606B120434FF020
:1046B000B04670606868A0435E6806F4003606B1D4
:1046C000204368602868A0435E6806F4803606B11F
:1046D00020432860491C1E68CE40002E7FF428AF7E
:1046E000F8BD000080000058F44402580804005847
:1046F000000002580004025800080258000C02583A
:10470000001002580014025800180258001C0258E9
:10471000002402580AB1816101E00B0483617047F3
:10472000014800687047000010000024034800683A
:1047300003490978084401490860704710000024C3
:104740001800002410B5032000F0BCF802F072FA43
:1047500010490968C1F303210F4A515C01F01F01A0
:1047600020FA01F40B48006800F00F001146085CC5
:1047700000F01F0024FA00F00849086008480460AF
:104780000F2000F00FF808B1012010BD00F036F83E
:104790000020FAE71844025864730108200000243E
:1047A0001C00002470B504461148007808B90120A7
:1047B00070BD0F4800784FF47A71B1FBF0F00D49ED
:1047C0000968B1FBF0F5284603F0F4FA08B10120BE
:1047D000EEE7102C07D200222146501E00F034F8DC
:1047E0000548046001E00120E2E70020E0E7000066
:1047F000180000241C0000241400002408B500BF89
:104800000648006840F00200044908600846006855
:1048100000F00200009000BF00BF08BDF444025841
:104820000146084600280DDB00BF00BF00F01F0353
:1048300001229A4043099B0003F1E023C3F80021C1
:1048400000BF00BF00BF70472DE9F05F80460D46F6
:1048500016460AF023FB074639462A46334601F03E
:104860000700C0F1070ABAF1040F02D94FF0040A99
:1048700001E0C0F1070AD14600F1040ABAF1070FBE
:1048800002D24FF0000A01E0A0F1030AD4464FF033
:10489000010A0AFA09FAAAF1010A0AEA020A0AFA5C
:1048A0000CFA4FF0010B0BFA0CFBABF1010B0BEA0E
:1048B000030B4AEA0B04214640460AF0F7FABDE82A
:1048C000F09F000000BF00F00702064B19684FF68A
:1048D000FF031940044B0B4343EA0221014B1960CB
:1048E00000BF70470CED00E00000FA0501460A68C1
:1048F0000120C1F8D804002081F8CC04906940F070
:1049000000609061506D024B184350650020704765
:104910000300001070470246106841620020704793
:10492000F0B5034615461868446A21B944EA0540C3
:104930001E68B06219E01868806A04EB1044002217
:1049400008E0186800F5827050F8220004EB10446B
:10495000501CC2B2481E9042F3D844EA054718687A
:1049600000F582704E1E40F826700020F0BD10B594
:104970000446D4F8E00408F081FD10BD70B504468B
:104980000D4605EBC50304F1140101EB8301CA6870
:104990002946D4F8E00408F06CFC70BD70B50446FC
:1049A0000D4605EBC50304F5157101EB8301CA68DB
:1049B0002946D4F8E00408F0E0FC70BD10B50446C8
:1049C000D4F8E00408F05DFD10BD2DE9F041044687
:1049D0000D4605F08000802808D105F00F0000EB9F
:1049E000C00104F1140000EB810607E005F00F00A0
:1049F00000EBC00104F5157000EB8106314620681C
:104A000009F08EFF07463846BDE8F08170B50446D0
:104A10000E4606F0800080280AD106F00F0000EB59
:104A2000C00104F1140000EB81050120687009E069
:104A300006F00F0000EBC00104F5157000EB8105D6
:104A40000020687006F00F00287000BF94F89404EE
:104A5000012801D1022070BD012084F8940400BF18
:104A60002946206809F0F4FA00BF002084F8940475
:104A700000BF00BFEFE770B504460E4606F00F001A
:104A80002179884201D9012070BD06F0800080287C
:104A90000AD106F00F0000EBC00104F1140000EB96
:104AA00081050120687009E006F00F0000EBC001ED
:104AB00004F5157000EB8105002068700020A870D7
:104AC00006F00F00287000BF94F89404012801D16B
:104AD0000220D9E7012084F8940400BF2946206809
:104AE00009F0B0FC00BF002084F8940400BF00BFB0
:104AF000CAE7024601F00F0000EBC00302F5157093
:104B000000EB8300406970472DE9F04705460E46EB
:104B100090461F464FF0000906F0800080280AD119
:104B200006F00F0000EBC00105F1140000EB81045A
:104B30000120607009E006F00F0000EBC00105F5F0
:104B4000157000EB81040020607006F00F002070EB
:104B5000C4F808802771607808B120786083022F3C
:104B600001D10020607100BF95F89404012802D1A2
:104B70000220BDE8F087012085F8940400BF21469B
:104B8000286809F06FF900BF002085F8940400BF81
:104B90004846EEE72DE9F04105460E461746984691
:104BA00006F00F0000EBC00105F5157000EB810465
:104BB000E760C4F8108000206061607006F00F00AC
:104BC0002070A879012800D1E761AA7921462868D8
:104BD00009F0CCFC0020BDE8F08170B504460D461C
:104BE00005F00F002179884201D9012070BD05F040
:104BF000800080280AD105F00F0000EBC00104F10D
:104C0000140000EB81060120707007E005EBC50180
:104C100004F5157000EB8106002070700120B07063
:104C200005F00F00307000BF94F89404012801D102
:104C30000220DBE7012084F8940400BF314620689D
:104C400009F047FC05F00F0028B9A17904F29C4255
:104C5000206809F0BFFB00BF002084F8940400BF67
:104C600000BFC3E72DE9F04105460E4617469846BA
:104C700006F00F0000EBC00105F1140000EB810409
:104C8000E760C4F81080002060610120607006F0C9
:104C90000F002070A879012800D1E761AA79214688
:104CA000286809F063FC0020BDE8F0812DE9FE4F83
:104CB0000446D4F800B05E46206809F013FF0028CF
:104CC00074D1206809F04DFF08B9BDE8FE8F40F6A9
:104CD00008008059C0F30D20C4F8D404206809F0FE
:104CE00040FF00F00200022805D12068406900F072
:104CF000020021684861206809F033FF00F01000CD
:104D0000102845D12068806920F010002168886152
:104D1000DBF8209009F00F0000EBC00104F51570DE
:104D200000EB810AC9F3434002281AD147F6F0701C
:104D300009EA000030B3C9F30A125846DAF80C1039
:104D400009F014FFC9F30A11DAF80C000844CAF894
:104D50000C00C9F30A11DAF814000844CAF8140068
:104D600010E0C9F3434006280CD1082204F29C410C
:104D7000584609F0FBFEC9F30A11DAF8140008449A
:104D8000CAF814002068806940F01000216888612A
:104D9000206809F0E6FE00F40020B0F5002F7BD17A
:104DA0000025206809F0ADFE029072E003E302984E
:104DB00000F00100002868D0E9B2206809F0C4FEC4
:104DC000804608F0010048B1012106F5306000EB93
:104DD000451081602946204605F0CCF808F008000F
:104DE000082809D1082106F5306000EB45108160E4
:104DF0002946204605F08CF808F01000102805D14F
:104E0000102106F5306000EB4510816008F00200CB
:104E1000022824D1DBF8140000F08000802807D19C
:104E200040F60400805940F4806140F6040081514E
:104E300005EBC50104F5157000EB810A9AF8030033
:104E4000012806D100208AF80300E9B2204600F0CC
:104E5000BDFA022106F5306000EB4510816008F0D4
:104E60002000202805D1202106F5306000EB4510F8
:104E7000816008F40050B0F5005F06D14FF4005196
:104E800006F5306000EB451081606D1C029840080B
:104E90000290029800288AD1206809F062FE00F48E
:104EA0008020B0F5802F7DD1206809F020FE02908F
:104EB00000259AE0029800F00100002873D0E9B2C2
:104EC000206809F028FE804608F00100F0B305F0E4
:104ED0000F0101208840019040F63400815901986B
:104EE00021EA000040F634018851012106F51060E6
:104EF00000EB45108160A079012824D105EBC501A4
:104F000004F1140000EB810005EBC502C16804F157
:104F1000140000EB82008068014405EBC50204F137
:104F2000140000EB8200C1606DB905EBC50104F10E
:104F3000140000EB8100006928B904F29C420121B1
:104F4000206809F047FAE9B2204600E001E0FFF7E7
:104F500015FD08F00800082805D1082106F51060A5
:104F600000EB4510816008F01000102805D11021D9
:104F700006F5106000EB4510816008F04000402805
:104F800005D1402106F5106000EB4510816008F066
:104F9000020002281DD12946584609F066FD05EB9E
:104FA000C50101E025E01CE004F1140000EB810ADA
:104FB0009AF80300012806D100208AF80300E9B21C
:104FC000204600F0FAF9022106F5106000EB4510CA
:104FD000816008F08000802803D12946204605F032
:104FE0006BF86D1C029840080290029800287FF42C
:104FF00061AF206809F0B5FD00F00040B0F1004F4E
:105000001CD140F60400805920F0010140F6040054
:10501000815194F8CC04012807D1002084F8CC04F5
:1050200000212046FFF776FC02E0204600F0D6FA89
:105030002068406900F0004021684861206809F05C
:1050400090FD00F40060B0F5006F0ED140F608004E
:10505000805900F0010010B1204600F017FB2068D5
:10506000406900F4006021684861206809F079FD1A
:1050700000F00060B0F1006F19D12068406900F0C5
:1050800000602168486194F8CC0468B9012084F874
:10509000CC042068406DC0F38300C4F8D004012123
:1050A0002046FFF737FC02E0204600F0EFFA2068C8
:1050B00009F057FD00F48050B0F5805F7ED140F6D6
:1050C0000400805920F0010140F6040081511021B4
:1050D000206809F0CAFC002732E04FF67F3106F560
:1050E000106000EB4710816006F5106000EB471080
:1050F000006820F4001106F5106000EB4710016015
:105100004FF67F3106F5306000EB4710816006F501
:10511000306000EB4710006820F4001106F53060A5
:1051200000EB4710016006F5306000EB47100068A7
:1051300040F0006106F5306000EB471001607F1C15
:105140002079B842C9D840F61C00805940F00111BE
:1051500040F61C008151E07B70B1D6F8840840F025
:105160000B01C6F8841840F64400805940F00B014A
:1051700040F6440081510FE040F61400805942F29D
:105180002B01084340F614018851081F805940F054
:105190000B014FF401608151D6F8000820F4FE6045
:1051A000C6F80008A17904F29C42206809F012F9BF
:1051B0002068406900F48050216800E000E0486108
:1051C000206809F0CEFC00F40050B0F5005F17D164
:1051D000206808F0AFFE206809F071FCE07101F072
:1051E000DFFC0090E2792068009909F041FD20463B
:1051F00000F0DCF92068406900F400502168486143
:10520000206809F0AEFC00F00800082808D120460C
:1052100000F0EBF92068406900F00800216848615F
:10522000206809F09EFC00F08000802818D1DBF88F
:10523000180020F08000CBF8180001250DE005EBE8
:10524000C50104F5157000EB8100C078012803D179
:10525000E9B22046FFF7B9FB6D1C2079A842EED8D1
:10526000206809F07EFC00F48010B0F5801F2DD17D
:10527000012522E006F5106000EB4510D0F8009003
:1052800005EBC50104F1140000EB81000079012851
:1052900012D109F00040B0F1004F0DD1012105EB12
:1052A000C50204F1140000EB8200C170E8B240F0C6
:1052B00080012046FFF789FB6D1C2079A842D9D8D0
:1052C0002068406900F4801021684861206809F076
:1052D00048FC00F40010B0F5001F44D1012538E06F
:1052E00006F5306000EB4510D0F8009005EBC501E5
:1052F00004F5157000EB81000079012828D109F030
:105300000040B0F1004F23D109F4803094F8D41458
:1053100001F0010188421BD1012105EBC50204F512
:10532000157000EB8200C170DBF8180040F08000BF
:10533000CBF81800DBF8140000F0800040B940F60C
:105340000400805940F4007140F60400815103E0EC
:105350006D1C2079A842C3D800BF2068406900F4C2
:10536000001021684861206809F0FBFB00F08040D4
:10537000B0F1804F08D12046FFF7F9FA2068406964
:1053800000F0804021684861206809F0EAFB00F0E5
:10539000040004280FD12068D0F8049009F004001C
:1053A000042802D12046FFF709FB2068406840EA44
:1053B00009002168486000BF87E470B504460D46C7
:1053C0002946D4F8E00408F0CDF870BD70B5044665
:1053D0000D462946D4F8E00408F0E8F870BD38B569
:1053E00004460CB9012038BD94F8950428B9002072
:1053F00084F89404204600F0A1F8032084F8950472
:10540000206808F0DFFF207C8DF8000094E80F0092
:1054100008F0A4FD20B1022084F895040120E2E701
:105420000021206809F0D2FB20B1022084F8950405
:105430000120D8E7002531E0012105EBC50204F188
:10544000140000EB8200417005EBC50104F114006B
:1054500000F8215005EBC50100EB810045830021D8
:1054600005EBC50204F1140000EB8200017105EBAD
:10547000C50204F1140000EB8200816005EBC50257
:1054800004F1140000EB8200C16005EBC50204F1D9
:10549000140000EB82000161681CC5B22079A842AB
:1054A000CADC00252AE0002105EBC50204F51570D1
:1054B00000EB8200417005EBC50104F5157000F8A2
:1054C0002150002105EBC50200EB8200017105EBC4
:1054D000C50204F5157000EB8200816005EBC50282
:1054E00004F5157000EB8200C16005EBC50204F500
:1054F000157000EB82000161681CC5B22079A842DA
:10550000D1DC207C8DF8000094E80F0008F06AFEE2
:1055100020B1022084F89504012064E70020607423
:10552000012084F89504207B012802D12046FFF752
:10553000DDF9206808F044FE002054E710B5B0B053
:105540000446B82102A8FBF7AEF816492068884245
:1055500025D14FF480210020CDE902104FF44010F6
:10556000239002A800F028FB08B1FCF7D2F800F065
:10557000D7F800BF0C48006840F000700A49086086
:105580000846006800F00070019000BF00BF0022D4
:1055900011464D20FFF758F94D20FFF741F930B083
:1055A00010BD000000000440D844025870B5044605
:1055B0000125E07908B9002506E0E079022801D14B
:1055C000012501E0FCF7A5F82946D4F8E00408F02D
:1055D00096F8D4F8E00408F03DF870BD10B5044624
:1055E000D4F8E00408F06CF810BD10B50446D4F807
:1055F000E00408F070F810BD70B504460D4600BF19
:1056000094F89404012801D1022070BD012084F88F
:10561000940400BF65742946206809F00BFB00BFA5
:10562000002084F8940400BF00BFEEE710B50446E4
:1056300004F29C41D4F8E00408F078F810BD70B58D
:105640000446256800BF94F89404012801D1022083
:1056500070BD012084F8940400BFE86800F04000A9
:1056600030B1607B012803D1A86B40F48030A8637F
:10567000206809F0CBF9206808F090FD00BF0020F9
:1056800084F8940400BF00BFE2E7000010B50446B0
:10569000D4F8E00408F0A7F82068D0F8000E40F035
:1056A00001002168C1F8000EE07A28B103480068C3
:1056B00040F006000149086010BD000010ED00E058
:1056C00070B5044615480068C0F3800048B9134817
:1056D000006800F00700A04201D0012070BD00204A
:1056E000FCE70E48006820F0070020430B490860E3
:1056F000FFF716F8054607E0FFF712F8401BB0F574
:105700007A7F01D90120E9E7044808380068C0F32E
:1057100040300028F0D00020E0E700000C4802589C
:105720000348006840F0807001490860704700003D
:105730000C48025810B501F033FA05490968C1F365
:105740000211044A515C01F01F01C84010BD000065
:10575000204402586473010870B50146844D2D68D9
:1057600005F00303824D2D68C5F30530804D2D1DD6
:105770002D68C5F300147E4D14352D68C5F3CC0596
:1057800015FB04F501EE105AB8EE411AF0EE410A8D
:1057900000286FD023B1012B4ED0022B6BD16BE0D0
:1057A000734D283D2D68C5F340153DB3704D283D20
:1057B0002D68C5F3C1066F4D25FA06F201EE102AD9
:1057C000F8EE411A01EE100AB8EE411A81EE812A74
:1057D0009FED691AC0EE811A654D10352D68C5F32D
:1057E000080501EE105AB8EE411A31EE811AF7EEB3
:1057F000001A31EE211A22EE010A1CE001EE100A15
:10580000B8EE411ADFED5D1A81EE812A9FED5A1A3A
:10581000C0EE811A564D10352D68C5F3080501EE0E
:10582000105AB8EE411A31EE811AF7EE001A31EE35
:10583000211A22EE010A5BE001EE100AB8EE411ACD
:10584000DFED4F1A81EE812A9FED4B1AC0EE811ACF
:10585000474D10352D68C5F3080501EE105AB8EE16
:10586000411A31EE811AF7EE001A31EE211A22EEBA
:10587000010A3DE077E01DE001EE100AB8EE411AA2
:105880009FED402AC2EE011A9FED3B1A80EE812A5D
:10589000374D10352D68C5F3080501EE105AB8EEE6
:1058A000411A32EE011AB7EE002A31EE021A21EE49
:1058B000810A1DE001EE100AB8EE411ADFED301A40
:1058C00081EE812A9FED2C1AC0EE811A284D1035E9
:1058D0002D68C5F3080501EE105AB8EE411A31EEF5
:1058E000811AF7EE001A31EE211A22EE010A00BFEA
:1058F00000BF1F4D10352D68C5F3462501EE105A27
:10590000B8EE411AF7EE001A31EE211AC0EE011A74
:10591000BCEEE11A81ED001A154D10352D68C5F366
:10592000064501EE105AB8EE411AF7EE001A31EEB4
:10593000211AC0EE011ABCEEE11A81ED011A0C4DDC
:1059400010352D68C5F3066501EE105AB8EE411A00
:10595000F7EE001A31EE211AC0EE011ABCEEE11A80
:1059600081ED021A03E000250D604D608D6070BD71
:10597000284402580090D003000000460024744CD4
:105980000024744A001BB74B70B50146844D2D6846
:1059900005F00303824D2D68C5F30550804D2D1D84
:1059A0002D68C5F300247E4D1C352D68C5F3CC054C
:1059B00015FB04F501EE105AB8EE411AF0EE410A5B
:1059C00000286FD023B1012B4ED0022B6BD16BE09E
:1059D000734D283D2D68C5F340153DB3704D283DEE
:1059E0002D68C5F3C1066F4D25FA06F201EE102AA7
:1059F000F8EE411A01EE100AB8EE411A81EE812A42
:105A00009FED691AC0EE811A654D18352D68C5F3F2
:105A1000080501EE105AB8EE411A31EE811AF7EE80
:105A2000001A31EE211A22EE010A1CE001EE100AE2
:105A3000B8EE411ADFED5D1A81EE812A9FED5A1A08
:105A4000C0EE811A564D18352D68C5F3080501EED4
:105A5000105AB8EE411A31EE811AF7EE001A31EE03
:105A6000211A22EE010A5BE001EE100AB8EE411A9B
:105A7000DFED4F1A81EE812A9FED4B1AC0EE811A9D
:105A8000474D18352D68C5F3080501EE105AB8EEDC
:105A9000411A31EE811AF7EE001A31EE211A22EE88
:105AA000010A3DE077E01DE001EE100AB8EE411A70
:105AB0009FED402AC2EE011A9FED3B1A80EE812A2B
:105AC000374D18352D68C5F3080501EE105AB8EEAC
:105AD000411A32EE011AB7EE002A31EE021A21EE17
:105AE000810A1DE001EE100AB8EE411ADFED301A0E
:105AF00081EE812A9FED2C1AC0EE811A284D1835AF
:105B00002D68C5F3080501EE105AB8EE411A31EEC2
:105B1000811AF7EE001A31EE211A22EE010A00BFB7
:105B200000BF1F4D18352D68C5F3462501EE105AEC
:105B3000B8EE411AF7EE001A31EE211AC0EE011A42
:105B4000BCEEE11A81ED001A154D18352D68C5F32C
:105B5000064501EE105AB8EE411AF7EE001A31EE82
:105B6000211AC0EE011ABCEEE11A81ED011A0C4DAA
:105B700018352D68C5F3066501EE105AB8EE411AC6
:105B8000F7EE001A31EE211AC0EE011ABCEEE11A4E
:105B900081ED021A03E000250D604D608D6070BD3F
:105BA000284402580090D003000000460024744CA2
:105BB0000024744A001BB74B2DE9F0410446002530
:105BC000A8464FF00062D4E90010114000201346AF
:105BD00059404040014331D1606E48B1B0F5801F5B
:105BE0000DD0B0F5001F11D0B0F5401F16D114E054
:105BF000FE48006840F40030FC49086010E00221D3
:105C000004F1080004F000FC054609E0022104F15B
:105C1000280004F0ABFC054602E001E0012500BFCE
:105C200000BF55B9F1482430006820F44010616E7F
:105C30000843EE492431086000E0A8464FF4807222
:105C4000D4E9001011400020134659404040014360
:105C50002ED1A06D05281BD2DFE800F0030A111831
:105C60001900E248006840F40030E049086011E0A3
:105C7000002104F1080004F0C7FB05460AE00021FA
:105C800004F1280004F072FC054603E002E001E0A4
:105C9000012500BF00BF55B9D4482430006820F06A
:105CA0000700A16D0843D1492431086000E0A846EF
:105CB0004FF48062D4E9001011400020134659408F
:105CC000404001433DD1D4F8A400B0F5C00F24D02A
:105CD00007DC68B1B0F5001F11D0B0F5800F1FD1FF
:105CE00014E0B0F5000F19D0B0F5200F18D116E070
:105CF000BE48006840F40030BC49086012E0002152
:105D000004F1080004F080FB05460BE0002104F1DB
:105D1000280004F02BFC054604E003E002E001E06B
:105D2000012500BF00BF5DB9B0482C30006820F4E9
:105D30006000D4F8A4100843AC492C31086000E09E
:105D4000A8464FF40062D4E9000110400021134638
:105D50005840494008433DD1D4F8A800B0F1407FF5
:105D600024D007DC68B1B0F1807F11D0B0F1007FA2
:105D70001FD114E0B0F1806F19D0B0F1A06F18D12D
:105D800016E09A48006840F400309849086012E034
:105D9000002104F1080004F037FB05460BE0002168
:105DA00004F1280004F0E2FB054604E003E002E011
:105DB00001E0012500BF00BF5DB98C482C300068B0
:105DC00020F0E060D4F8A810084388492C3108601E
:105DD00000E0A8464FF00073D4E9001019400020FD
:105DE00059404040014328D1E06CA8B1102804D0AC
:105DF000202809D0302810D10DE07C48006840F4FC
:105E000000307A4908600AE0022104F1080004F039
:105E1000FBFA054603E002E001E0012500BF00BFF8
:105E200055B972482030006820F03000E16C08431A
:105E30006E492031086000E0A8464FF48053D4E951
:105E400000101940002059404040014337D1E06D17
:105E5000B0F5005F1AD004DC50B1B0F5805F1ED100
:105E60000DE0B0F5405F18D0B0F5804F17D115E0C8
:105E70005E48006840F400305C49086011E0002191
:105E800004F1080004F0C0FA05460AE0002104F11C
:105E9000280004F06BFB054603E002E001E0012569
:105EA00000BF00BF55B951482430006820F4E040DD
:105EB000E16D08434D492431086000E0A8464FF4E5
:105EC0000053D4E9001019400020594040400143DC
:105ED00035D1206EB0F5403F1ED007DC68B1B0F57B
:105EE000803F0BD0B0F5003F19D10EE0B0F5802F08
:105EF00013D0B0F5A02F12D110E012E0012104F16F
:105F0000080004F081FA05460BE0012104F12800A5
:105F100004F02CFB054604E003E002E001E001256B
:105F200000BF00BF55B931482430006820F4E0209C
:105F3000216E08432D492431086000E0A8464FF443
:105F40008042D4E9000110400021134658404940E6
:105F5000084337D1D4F8AC00B0F1405F1ED007DC65
:105F600068B1B0F1805F0BD0B0F1005F19D10EE0E5
:105F7000B0F1804F13D0B0F1A04F12D110E012E079
:105F8000012104F1080004F03FFA05460BE001216D
:105F900004F1280004F0EAFA054604E003E002E018
:105FA00001E0012500BF00BF5DB910482C3000683A
:105FB00020F0E040D4F8AC1008430C492C310860C4
:105FC00000E0A8464FF40043D4E900011840002146
:105FD0005840494008432AD1E06EB8B1B0F1805F23
:105FE00006D0B0F1005F12D109E000002C44025845
:105FF000F948006840F40030F749086009E00121E1
:1060000004F1080004F000FA054602E001E0012571
:1060100000BF00BF55B9F0482430006820F0405060
:10602000E16E0843EC492431086000E0A8464FF0D7
:106030008073D4E9001019400020594040400143CA
:1060400028D1A06CA8B1012804D0022809D00328C7
:1060500010D10DE0E048006840F40030DE490860EF
:106060000AE0022104F1080004F0CEF9054603E03D
:1060700002E001E0012500BF00BF55B9D64820303D
:10608000006820F00300A16C0843D3492031086068
:1060900000E0A8464FF48003D4E900101940002026
:1060A0005940404001437DD1CC48006840F48070A5
:1060B000CA490860FEF734FB064606E0FEF730FBEF
:1060C000801B642801D9032505E0C448006800F45A
:1060D00080700028F2D000BF85BBBF484430006804
:1060E00000F44070B4F8B01001F44071884213D04D
:1060F000B9484430006820F44077B748443000681D
:1061000040F48030B449443108600846006820F407
:106110008030086008460760D4F8B000B0F5807F92
:1061200015D1FEF7FDFA064609E0FEF7F9FA801BE5
:1061300041F28831884202D9032507E038E0A648B9
:1061400044300068C0F340000028EED000BF55BBCB
:1061500000BFB4F8B00000F44070B0F5407F0ED13D
:106160009D481C38006820F47C519D4AD4F8B0004A
:10617000104041EA101098491C39086007E0964821
:106180001C38006820F47C5093491C390860924800
:1061900044300068B4F8B010C1F30B0108438E49D5
:1061A000443101E005E001E0086002E0A84600E0BB
:1061B000A8460122D4E900011040002113465840AE
:1061C0004940084330D1A06F18281AD005DC48B1E7
:1061D000082808D0102817D10CE0202812D0282831
:1061E00012D110E012E0012104F1080004F00CF9D2
:1061F00005460BE0012104F1280004F0B7F905463B
:1062000004E003E002E001E0012500BF00BF55B952
:1062100071482830006820F03800A16F08436E49AB
:106220002831086000E0A8460223D4E90010194094
:10623000002059404040014329D1606F062816D202
:10624000DFE800F003040B12131412E0012104F143
:10625000080004F0D9F805460BE0012104F12800FC
:1062600004F084F9054604E003E002E001E00125C2
:1062700000BF00BF55B958482830006820F007001B
:10628000616F084354492831086000E0A8460422A1
:10629000D4E900101140002013465940404001430A
:1062A0002BD1D4F89000062816D2DFE800F00304C2
:1062B0000B12131412E0012104F1080004F0A4F8F9
:1062C00005460BE0012104F1280004F04FF90546D2
:1062D00004E003E002E001E0012500BF00BF5DB97A
:1062E0003D482C30006820F00700D4F89010084397
:1062F00039492C31086000E0A8462023D4E9000188
:106300001840002158404940084337D1D4F88C0048
:10631000B0F1405F1ED007DC68B1B0F1805F0BD0F8
:10632000B0F1005F19D10EE0B0F1804F13D0B0F1A1
:10633000A04F12D110E012E0002104F1080004F097
:1063400063F805460BE0022104F1280004F00EF981
:10635000054604E003E002E001E0012500BF00BFC4
:106360005DB91D482830006820F0E040D4F88C105A
:10637000084319492831086000E0A8464023D4E9C1
:106380000010194000205940404001433CD1D4F84E
:106390009800B0F5406F25D007DC68B1B0F5806F8C
:1063A0000BD0B0F5006F20D10EE0B0F5805F1AD0B1
:1063B000B0F5A05F19D117E019E0002104F1080041
:1063C00004F022F8054612E0022104F1280004F04E
:1063D000CDF805460BE000002C4402580048025856
:1063E000FFFCFF0F03E002E001E0012500BF00BF5A
:1063F0004DB9FE48006820F4E050D4F898100843E6
:10640000FA49086000E0A8468023D4E9001019404A
:10641000002059404040014335D1D4F89C00B0F5EC
:10642000C04F1ED007DC68B1B0F5005F0BD0B0F5EF
:10643000804F19D10EE0B0F5004F13D0B0F5204FCA
:1064400012D110E012E0002104F1080003F0DCFF9B
:1064500005460BE0022104F1280004F087F8054608
:1064600004E003E002E001E0012500BF00BF4DB9F8
:10647000DE48006820F46040D4F89C100843DB49F3
:10648000086000E0A8460823D4E900011840002174
:1064900058404940084317D1D4F88000B0F5805FD8
:1064A00007D1022104F1280004F060F808B14FF090
:1064B0000108CE48001F006820F44050D4F8801036
:1064C0000843CA49091F08601023D4E90001184095
:1064D000002158404940084315D1D4F89400B0F544
:1064E000807F07D1022104F1280004F03FF808B1B1
:1064F0004FF00108BD48006820F44070D4F89410B3
:106500000843BA4908604FF40023D4E90001184059
:10651000002158404940084327D1D4F8A00030B1A9
:10652000B0F5803F0AD0B0F5003F0FD10DE000215B
:1065300004F1080003F068FF054609E0022104F1B8
:10654000280004F013F8054602E001E0012500BF31
:1065500000BF4DB9A548006820F44030D4F8A01021
:106560000843A249086000E0A8464FF48023D4E91C
:106570000001184000215840494008432DD1D4F86B
:106580008400B0F5801F06D0B0F5001F0CD0B0F528
:10659000401F11D10FE095482C38006840F40030BE
:1065A00092492C39086009E0012104F1280003F028
:1065B000DDFF054602E001E0012500BF00BF5DB937
:1065C0008A48001F006820F44010D4F88410084363
:1065D0008649091F086000E0A8464FF48032D4E9DC
:1065E000000110400021134658404940084325D17E
:1065F000206D18B1B0F5803F10D108E07B482C38F1
:10660000006840F4003079492C39086008E0022124
:1066100004F1080003F0F8FE054601E0012500BF83
:1066200000BF55B971480C38006820F48030216DE6
:1066300008436E490C39086000E0A8464FF000534B
:10664000D4E900101940002059404040014307D1CF
:10665000022104F1280003F089FF08B14FF001087E
:106660004FF40032D4E90001104000211346584095
:106670004940084327D1E06FA0B1B0F5807F06D034
:10668000B0F5007F0CD0B0F5407F0CD109E0574841
:106690002C38006840F4003054492C39086004E07C
:1066A00003E002E001E0012500BF00BF55B94F48FB
:1066B000001F006820F44070E16F08434B49091F38
:1066C000086000E0A8464FF48012D4E900101140A1
:1066D0000020134659404040014309D1434808383F
:1066E000006820F00040216F0843404908390860E5
:1066F0004FF40013D4E900011840002158404940EC
:10670000084309D139480838006820F08070A16E2C
:1067100008433649083908604FF08043D4E9001037
:106720001940002059404040014311D100BF2F487B
:106730004838006820F400402C4948390860084671
:106740000068D4F8B410084328494839086000BFED
:106750004FF00042D4E90001104000211346584098
:106760004940084309D121480C38006820F04050C6
:10677000616D08431D490C3908604FF40002D4E9EB
:1067800000101140002013465940404001430AD1F7
:106790001648001F006820F44000D4F88810084311
:1067A0001249091F08600122002160681040494019
:1067B0005040014306D104F1080003F025FE0546D0
:1067C00005B1A846022200216068104049405040AF
:1067D000014307D1012104F1080003F015FE05462D
:1067E00005B1A84604230020616801E0584402581E
:1067F0001940042240405140084307D1022104F1CE
:10680000080003F001FE054605B1A8460823002054
:1068100061681940082240405140084307D10021D7
:1068200004F1280003F0A2FE054605B1A846102396
:10683000002061681940102240405140084307D1B0
:10684000012104F1280003F091FE054605B1A84698
:10685000202200216068104049405040014307D188
:10686000022104F1280003F081FE054605B1A84687
:10687000B8F1000F02D10020BDE8F0810120FBE754
:106880002DE9F04104460D4614B90120BDE8F08120
:10689000BD48006800F00F00A8420ED2BA48006858
:1068A00020F00F002843B84908600846006800F04F
:1068B0000F00A84201D00120E8E7207800F0040092
:1068C00004280ED1B1492069096801F0700188429D
:1068D00007D9AE48006820F0700021690843AB4931
:1068E0000860207800F00800082811D1A749091D88
:1068F0006069096801F07001884209D9A348001D48
:10690000006820F0700061690843A049091D086013
:10691000207800F01000102811D19C49091DA069B1
:10692000096801F4E061884209D99848001D0068AF
:1069300020F4E060A16908439449091D08602078AB
:1069400000F02000202811D190490831E069096841
:1069500001F07001884209D98C480830006820F0A5
:106960007000E1690843894908310860207800F027
:10697000020002280ED18549E068096801F00F0184
:10698000884207D98148006820F00F00E168084379
:106990007E490860207800F00100002850D07B4834
:1069A000006820F47060A168084378490860606856
:1069B000022807D1754818380068C0F34040F8B97C
:1069C000012063E76068032807D170481838006821
:1069D000C0F34060A0B9012058E76068012807D1E2
:1069E0006A4818380068C0F3002048B901204DE714
:1069F000664818380068C0F3800008B9012045E7F0
:106A000062480838006820F00700616808435F4961
:106A100008390860FDF784FE064608E0FDF780FEB1
:106A2000801B41F28831884201D903202EE7574864
:106A30000838006800F038006168B0EBC10FEDD194
:106A4000207800F0020002280ED15049E068096861
:106A500001F00F01884207D24C48006820F00F0077
:106A6000E1680843494908604748006800F00F00A2
:106A7000A8420ED94448006820F00F00284342493C
:106A800008600846006800F00F00A84201D001200D
:106A9000FCE6207800F0040004280ED13B49206970
:106AA000096801F07001884207D23848006820F078
:106AB00070002169084335490860207800F008001B
:106AC000082811D13149091D6069096801F0700178
:106AD000884209D22D48001D006820F070006169CD
:106AE00008432A49091D0860207800F0100010288A
:106AF00011D12649091DA069096801F4E0618842A5
:106B000009D22248001D006820F4E060A169084312
:106B10001E49091D0860207800F02000202811D1AE
:106B20001A490831E069096801F07001884209D208
:106B300016480830006820F07000E16908431349E6
:106B40000831086000F076F810490968C1F30321A4
:106B50000F4A515C01F01F0120FA01F70B48006851
:106B600000F00F001146085C00F01F0027FA00F04B
:106B7000084908600848076008480068FDF712FEE9
:106B80008046404682E60000002000521844025829
:106B900064730108200000241C0000241400002459
:106BA00010B500F047F80D490968C1F303210C4AFC
:106BB000515C01F01F0120FA01F40848006800F060
:106BC0000F001146085C00F01F0024FA00F0054990
:106BD0000860054804600846006810BD1844025863
:106BE00064730108200000241C00002400B5FFF796
:106BF000D7FF05490968C1F30211044A515C01F04D
:106C00001F01C84000BD00001C4402586473010805
:106C100000B5FFF7C5FF05490968C1F30221044A21
:106C2000515C01F01F01C84000BD00001C44025827
:106C300064730108F0B5824E366806F0380636B146
:106C4000082E15D0102E15D0182E7DD114E07C4EB4
:106C5000103E3668C6F3401646B1794E103E36688F
:106C6000C6F3C107774E26FA07F000E07548E5E065
:106C70007548E3E07548E1E0714E1836366806F075
:106C800003046F4E18363668C6F305116C4E1C3679
:106C9000366806F001056A4E24363668C6F3CC061F
:106CA00016FB05F601EE106AB8EE410A002971D014
:106CB00024B1012C50D0022C6DD16DE0604E103EFD
:106CC0003668C6F340163EB35D4E103E3668C6F3D6
:106CD000C1075C4E26FA07F301EE103AF8EE411AAE
:106CE00001EE101AB8EE411A81EE812A9FED581A72
:106CF000C0EE011A524E20363668C6F3080601EE81
:106D0000106AB8EE411A31EE811AF7EE001A31EE30
:106D1000211A62EE010A1EE001EE101AB8EE411AC5
:106D2000DFED4C1A81EE812A9FED491AC0EE011A5F
:106D3000434E20363668C6F3080601EE106AB8EEF8
:106D4000411A31EE811A00E076E0F7EE001A31EEDA
:106D5000211A62EE010A5BE001EE101AB8EE411A48
:106D60009FED3D2AC2EE011A9FED391A80EE012AED
:106D7000334E20363668C6F3080601EE106AB8EEC8
:106D8000411A32EE011AB7EE002A31EE021A61EE14
:106D9000810A3DE04EE01DE001EE101AB8EE411A06
:106DA000DFED2E1A81EE812A9FED291AC0EE011A1D
:106DB000234E20363668C6F3080601EE106AB8EE98
:106DC000411A31EE811AF7EE001A31EE211A62EE05
:106DD000010A1DE001EE101AB8EE411A9FED1E2ABD
:106DE000C2EE011A9FED1A1A80EE012A144E2036C7
:106DF0003668C6F3080601EE106AB8EE411A32EEA4
:106E0000011AB7EE002A31EE021A61EE810A00BFC4
:106E100000BF0B4E20363668C6F34626721C01EEC4
:106E2000102AB8EE411AC0EE811ABCEEE11A11EE3A
:106E3000100A00E0002001E0034800BF00BFF0BDE1
:106E4000104402580090D00300093D0000366E0146
:106E5000000000460024744C0024744A001BB74B09
:106E60002DE9F047044614B90120BDE8F0872078E9
:106E700000F00100002870D0F948006800F03808E0
:106E8000F7481830D0F80090B8F1100F06D0B8F1DC
:106E9000180F0FD109F0030002280BD1F048103869
:106EA0000068C0F3404000286AD06068002867D1BD
:106EB0000120DAE700BF6068B0F5803F08D1E848FC
:106EC0001038006840F48030E549103908602EE041
:106ED000606868B9E2481038006820F48030E04902
:106EE000103908600846006820F4802008601EE021
:106EF0006068B0F5A02F0DD1D9481038006840F473
:106F00008020D749103908600846006840F4803076
:106F100008600CE0D2481038006820F48030D04976
:106F2000103908600846006820F48020086000BF1F
:106F3000606898B1FDF7F4FB054606E0FDF7F0FB4D
:106F4000401B642801D903208FE7C548103800682A
:106F5000C0F340400028F1D012E012E0FDF7E0FB62
:106F6000054606E0FDF7DCFB401B642801D9032041
:106F70007BE7BB4810380068C0F340400028F1D1DF
:106F800000BF207800F00200022879D1B4480068E0
:106F900000F03808B2481830D0F80090B8F1000F6F
:106FA00005D0B8F1180F35D109F0030088BBAC4803
:106FB00010380068C0F3800018B1E06808B90120FB
:106FC00053E7A7481038006820F01900E16808432B
:106FD000A34910390860FDF7A3FB054606E0FDF75D
:106FE0009FFB401B022801D903203EE79C48103834
:106FF0000068C0F380000028F1D099480C38006880
:1070000020F0FE40217C40EA016095490C3908607F
:1070100045E0FFE7E06838B391481038006820F099
:107020001900E16808438E4910390860FDF778FBC4
:10703000054606E0FDF774FB401B022801D903203A
:1070400013E7874810380068C0F380000028F1D0AB
:1070500083480C38006820F0FE40217C40EA016043
:107060007F490C3908601AE07D481038006820F02C
:1070700001007B4910390860FDF752FB054607E027
:107080000EE0FDF74DFB401B022801D90320ECE682
:10709000734810380068C0F380000028F1D100BFA9
:1070A000207800F0100010286FD16D48006800F0C3
:1070B00038086B481830D0F80090B8F1080F06D0A7
:1070C000B8F1180F1CD109F00300012818D1644849
:1070D00010380068C0F3002020B1E069802801D09A
:1070E0000120C2E600BF5E48001F006820F07C500F
:1070F00094F8201040EA01605949091F086043E0F4
:10710000E06938B356481038006840F080005449B0
:1071100010390860FDF704FB054606E0FDF700FBAB
:10712000401B022801D903209FE64D481038006813
:10713000C0F300200028F1D000BF4948001F0068BC
:1071400020F07C5094F8201040EA01604449091F67
:10715000086019E042481038006820F0800040497B
:1071600010390860FDF7DCFA054606E0FDF7D8FAAD
:10717000401B022801D9032077E6394810380068FF
:10718000C0F300200028F1D100BF207800F00800F3
:10719000082836D16069D0B131486430006840F0C9
:1071A00001002F4964310860FDF7BAFA054606E090
:1071B000FDF7B6FA401B022801D9032055E62848FE
:1071C00064300068C0F340000028F1D019E0244882
:1071D0006430006820F00100214964310860FDF747
:1071E0009FFA054606E0FDF79BFA401B022801D9ED
:1071F00003203AE61A4864300068C0F340000028D3
:10720000F1D1207800F02000202838D1A069D0B139
:1072100013481038006840F4805011491039086054
:10722000FDF77EFA054606E0FDF77AFA401B0228D4
:1072300001D9032019E60A4810380068C0F340302D
:107240000028F1D01BE006481038006820F4805078
:10725000034910390860FDF763FA054609E00000AC
:1072600010440258FDF75CFA401B022801D90320A4
:10727000FBE5D0480068C0F340300028F2D1207808
:1072800000F0040004287DD1CB48006840F48070F1
:10729000C9490860FDF744FA054606E0FDF740FAE3
:1072A000401B642801D90320DFE5C348006800F4CF
:1072B00080700028F2D000BFA068012808D1BD4826
:1072C0007030006840F00100BA49703108602DE06C
:1072D000A06868B9B7487030006820F00100B5496F
:1072E000703108600846006820F0040008601DE066
:1072F000A06805280DD1AF487030006840F0040048
:10730000AC49703108600846006840F00100086030
:107310000CE0A8487030006820F00100A5497031E9
:1073200008600846006820F00400086000BFA068FC
:10733000A0B1FDF7F5F9054608E0FDF7F1F9401BAE
:1073400041F28831884201D903208EE59948703096
:107350000068C0F340000028EFD013E0FDF7E0F92B
:10736000054608E0FDF7DCF9401B41F28831884210
:1073700001D9032079E58F4870300068C0F34000E0
:107380000028EFD1606A00287DD08A48103000685C
:1073900000F03800182877D0606A022875D1854837
:1073A000006820F0807083490860FDF7B9F9054650
:1073B00006E0FDF7B5F9401B022801D9032054E58A
:1073C0007C480068C0F340600028F2D100BFD4E9D7
:1073D0000A1041EA001077492831096840F2F33277
:1073E00091430843734928310860208E401EC0F342
:1073F0000800616B491E4FF47E4202EA41210843B6
:10740000218F491ED20102EA014108433C21095D56
:10741000491E120202EA01610843664930310860E0
:1074200000BF081F006820F00100091F08606148C4
:10743000343000684FF6F8718843A16C40EAC1000F
:107440005C49343108605B482C30006820F00C0047
:10745000216C084357492C3108600846006820F029
:107460000200616C084353492C31086008460068EB
:1074700040F4803008600846006840F4003008603E
:107480000846006802E092E038E01FE040F4802007
:1074900008600846006840F0010008604548006840
:1074A00040F0807043490860FDF73AF9054606E070
:1074B000FDF736F9401B022801D90320D5E43D48E9
:1074C0000068C0F340600028F2D070E039480068DE
:1074D00020F0807037490860FDF722F9054606E084
:1074E000FDF71EF9401B022801D90320BDE43148F5
:1074F0000068C0F340600028F2D158E02D482830E1
:1075000007682C4830300668606A012821D007F0EF
:107510000301A06A81421CD1C7F30511E06A8842C9
:1075200017D1C6F30801206B401E814211D1606B58
:10753000401EC6F3462188420BD1A06B401EC6F305
:107540000641884205D1E06B401EC6F306618842C1
:1075500001D0012089E4174834300068C0F3CC071B
:10756000A06CB84223D013482C30006820F00100F2
:1075700010492C310860FDF7D3F8054600BFFDF730
:10758000CFF8401BFBD00B48343000684FF6F87141
:107590008843A16C40EAC1000649343108600548BF
:1075A0002C30006840F0010002492C3108600020B6
:1075B0005BE4000000440258004802582DE9F04105
:1075C00004460D4616461F4614B90120BDE8F08159
:1075D000D4F8880028B9002084F88400204601F0FF
:1075E00019FB2420C4F888002068006820F00100FE
:1075F00021680860A06A10B1204603F0BBFE204657
:1076000004F002FB012800D1E0E72068806840F424
:107610008040216888602068806820F4004028430A
:10762000216888604FEA465848EA074820680068A1
:107630000749084040EA080021680860206800689F
:1076400040F0010021680860204603F00FFFBDE70D
:10765000FFFF00FC70B504460CB9012070BD606AE4
:1076600000B900BF0021A1626349206888420CD0A4
:1076700062492068884208D061492068884204D065
:10768000E0680F2801D90120E8E7204603F07DFAE1
:10769000054659492068884209D0584920688842DF
:1076A00005D057492068884201D0082D0DD852498D
:1076B0002068884207D051492068884203D0504949
:1076C0002068884203D1102D01D90120C6E794F823
:1076D000810028B9002084F88000204600F092F84C
:1076E000022084F881002068006820F001002168F1
:1076F00008602068806800F4F816A069B0F1806F17
:1077000011D16068B0F5800F01D1A06B28B160681D
:1077100048B9A06BB0F1805F05D12068006840F4E3
:10772000805021680860606800F48000B0F5800F28
:107730000BD1E068072808D32068006820F4807027
:10774000216D08432168086005E02068006820F486
:10775000807021680860A16AE06908433043E16BEA
:107760000843E168084321688860616A606B0843E8
:10777000A16B0843A1690843216908436169084373
:10778000216A084361680843E16C0843A168084323
:10779000A16C0843A16D08432168C860606878B98E
:1077A0002068806820F4C05040F400602168886040
:1077B0002068806820F4C06040F4806021688860A0
:1077C0002068006D20F0010021680865606800F401
:1077D0008000B0F5800F07D12068C06820F000401D
:1077E000616D08432168C8600020C4F8840001204E
:1077F00084F88100002031E700300140003800406B
:10780000003C004010B5B6B00446142130A8F8F78B
:107810004AFFB82102A8F8F746FF4B492068884282
:1078200051D181140020CDE90210199002A8FEF771
:10783000C3F908B1F9F76DFF00BF4448006840F490
:107840008040424908600846006800F4804001908A
:1078500000BF00BF00BF3D480838006840F004008A
:107860003A49083908600846006800F004000190B1
:1078700000BF00BF00BF0846006840F0020008607B
:107880000846006800F00200019000BF00BF06201B
:1078900030900220319000203290339005203490B7
:1078A00030A92B48FCF73EFE4FF4005030900220E8
:1078B00031900020329033900520349030A9254833
:1078C000FCF730FE3EE02449206888423AD14FF46C
:1078D00080410020CDE902104FF0A0402D9002A879
:1078E000FEF76AF908B1F9F714FF00BF17480C302A
:1078F000006840F0200015490C3108600846006817
:1079000000F02000019000BF00BF00BF0F48083802
:10791000006840F001000D49083908600846006819
:1079200000F00100019000BF00BFA02030900220B5
:1079300031900020329033900820349030A90748CD
:10794000FCF7F0FD36B010BD00380040E8440258A6
:1079500000080258000402580014005800000258A1
:107960002DE9FF4F85B004469846129E20682030CE
:107970000490206800F1300BE06B4009401C80B29D
:107980000290FCF7CDFE03904746454694F88100EF
:10799000012803D0022009B0BDE8F08F069820B17D
:1079A000079810B1B8F1000F01D10120F3E700BF33
:1079B00094F88000012801D10220ECE7012084F82E
:1079C000800000BF052084F881000020C4F88400F6
:1079D00007986066A4F86A80A4F868800698E06555
:1079E000A4F86280A4F860800020206760672068A7
:1079F000C06820F4C0202168C860EB492068884234
:107A000007D0EA492068884203D0E94920688842C3
:107A100002D14FF0100A01E04FF0080A20684068D8
:107A20006FF30F0040EA0800216848602068006892
:107A300040F00100216808606068B0F5800F05D152
:107A40002068006840F4007021680860E0680F2832
:107A500069D94FEA9A0A61E02068406900F00200A3
:107A6000022812D18FB107EB0A00A8420DD9E06DB0
:107A7000006821680862E06D001DE065B4F86200EE
:107A8000401EA4F86200B4F862702068D0F8149028
:107A90003DB32068406900F0010070B12068006BC0
:107AA000616E0860606E001D6066B4F86A00401E7A
:107AB000A4F86A00B4F86A5030E00298854211DAFE
:107AC00009F4004070B12068006B616E0860606E60
:107AD000001D6066B4F86A00401EA4F86A00B4F89D
:107AE0006A501BE0FCF71CFE0399401AB04201D318
:107AF000701C00B996B9204602F0DCFFD4F884006F
:107B000040F48070C4F88400012084F8810000BF34
:107B1000002084F8800000BF03203CE7002F9BD1A9
:107B2000002D99D11EE1E06807287CD94FEA5A0A56
:107B30007AE02068406900F00200022811D187B184
:107B400007EB0A00A8420CD954F85C0F018804988E
:107B500001802068801C2060E088401EE080E7886B
:107B60005C3C2068D0F81490002D5DD020684069FE
:107B700000F0010068B1BBF8000054F8641F0880F1
:107B80002068801C2060E088401EE080E588643C1E
:107B90004AE00298854217DA09F40040A0B1BBF828
:107BA000000054F8641F08802068801C2060BBF827
:107BB0000000216808802068801C2060E088801E0A
:107BC000E080E588643C2FE0012D10D109F40050DD
:107BD00068B1BBF8000054F8641F08802068801C5E
:107BE0002060E088401EE080E588643C1CE0FCF7F3
:107BF00097FD0399401AB04201D3701C00B99EB999
:107C0000204602F057FFD4F8840040F48070C4F896
:107C10008400012084F8810000BF002084F88000E7
:107C200000BF0320B7E604E0002F82D1002D80D1F1
:107C300098E092E02068406900F00200022813D129
:107C400097B107EB0A00A8420ED9E06D00782168D1
:107C500081F82000E06D401CE065B4F86200401E31
:107C6000A4F86200B4F862702068D0F81490002D77
:107C700073D02068406900F0010078B1206890F866
:107C80003000616E0870606E401C6066B4F86A0077
:107C9000401EA4F86A00B4F86A505EE0029885427B
:107CA0002ADA09F4004038B3206890F83000616E99
:107CB0000870606E401C6066206890F83000616E4D
:107CC0000870606E401C6066206890F83000616E3D
:107CD0000870606E401C6066206890F83000616E2D
:107CE0000870606E401C6066B4F86A00001FA4F85B
:107CF0006A00B4F86A5030E0042D12D209F4C04092
:107D000078B1206890F83000616E0870606E401C99
:107D10006066B4F86A00401EA4F86A00B4F86A50BD
:107D20001BE0FCF7FDFC0399401AB04201D3701C24
:107D300000B996B9204602F0BDFED4F8840040F4A4
:107D40008070C4F88400012084F8810000BF002006
:107D500084F8800000BF03201DE6002F7FF46AAF87
:107D6000002DFBD1039833460022082100902046C5
:107D700002F018FF28B1D4F8840040F02000C4F8C5
:107D80008400204602F096FE012084F8810000BFA6
:107D9000002084F8800000BFD4F8840008B10120DE
:107DA000F9E50020F7E50000003001400038004010
:107DB000003C004070B504462546681EB0F1807F47
:107DC00001D301200FE0681E4FF0E02148610F2130
:107DD0004FF0FF3007F06AF800204FF0E021886193
:107DE00007200861002070BD10B50346002200BFC7
:107DF00093F83C00012801D1022010BD012083F836
:107E00003C0000BF22F0FF00CC6840EA040222F4EC
:107E100040708C6840EA040222F480604C6840EABA
:107E2000040222F400600C6840EA040222F480504C
:107E30000C6940EA040222F400504C6940EA040252
:107E400022F480400C6B40EA040222F470200C8B78
:107E500040EA044222F08050CC6940EA0402124C0D
:107E60001868A04203D0114C1868A04213D122F424
:107E700070000C8D40EA045222F080700C6A40EAD7
:107E8000040222F000704C6A40EA040222F0005022
:107E9000CC6A40EA04021868426400BF002083F8FC
:107EA0003C0000BF00BFA8E7000001400004014003
:107EB00030B502460B4600BF92F83C00012801D1C4
:107EC000022030BD012082F83C0000BF022082F871
:107ED0003D001068416810688468254D1068A8420C
:107EE00003D0244D1068A84203D121F470015868D2
:107EF000014321F0700118680143106841601C4D76
:107F00001068A84223D01068B0F1804F1FD01A4DDE
:107F10001068A8421BD0194D1068A84217D0184D00
:107F20001068A84213D0134D1068A8420FD0154D09
:107F30001068A8420BD0144D1068A84207D0134D0A
:107F40001068A84203D0124D1068A84205D124F051
:107F500080049868044310688460012082F83D0022
:107F600000BF002082F83C0000BF00BFA9E700006E
:107F700000000140000401400004004000080040EF
:107F8000000C0040001800400040014000E00040AC
:107F900000E4004010B504460CB9012010BD94F86F
:107FA0003D0028B9002084F83C00204600F02AF863
:107FB000022084F83D00211D206802F009FF012005
:107FC00084F8480000BF84F83E0001213F2001559D
:107FD00040200155412001554220015543200155C3
:107FE00000BF00BF012084F8440045200155462011
:107FF00001554720015500BF012084F83D000020B5
:10800000CCE7000008B5134A016891420DD100BFCA
:108010001149096841F001010F4A116011460968D0
:1080200001F00101009100BF13E00C4A0168914288
:108030000FD100BF08490839096841F00201064A1A
:10804000083A11601146096801F00201009100BF71
:1080500000BF08BD00000140F04402580004004089
:108060002DE9F04104460D46002700BF94F83C007E
:10807000012802D10220BDE8F081012084F83C00F3
:1080800000BF022084F83D00206886684048064012
:1080900026F47F46206886602868702826D00CDC8D
:1080A00000F00F01002966D10011072863D2DFE834
:1080B00000F0555657584B374100B0F1101F52D0C1
:1080C00009DCB0F5805F10D0B0F5005F1BD0B0F5D3
:1080D000801F50D146E0A0F580102038002843D002
:1080E000102842D0202846D140E046E0D5E90213CE
:1080F0006A68206802F0F5FE2068866846F0770618
:108100002068866039E0D5E902136A68206802F0C9
:10811000E8FE2068806840F48040216888602CE098
:10812000EA686968206803F0A7F85021206802F027
:10813000E3FE22E0EA686968206803F0B0F8602195
:10814000206802F0D9FE18E0EA686968206803F048
:1081500093F84021206802F0CFFE0EE000BF00BF80
:1081600000BF00BF00BF00BF00BF00BF296820687C
:1081700002F0C2FE01E0012700BF00BF012084F829
:108180003D0000BF002084F83C0000BF384672E785
:1081900088FFCEFF10B586B00446142101A8F8F779
:1081A00082FA2049206888421CD100BF1E4800681E
:1081B00040F010001C4908600846006800F01000FC
:1081C000009000BF00BF4FF40070019002200290A9
:1081D0000020039004900120059001A91348FCF7AA
:1081E000A1F91DE012492068884219D100BF0E484C
:1081F000006840F002000C4908600846006800F082
:108200000200009000BF00BF0220019002900020F9
:10821000039004900220059001A90648FCF782F91A
:1082200006B010BD00000140E044025800100258A2
:1082300000040040000402582DE9F04104460D46B8
:108240001646002700BF94F83C00012802D1022006
:10825000BDE8F081012084F83C0000BF0C2E51D015
:1082600005DC4EB1042E1ED0082E7AD133E0102E3C
:1082700060D0142EF9D175E02946206802F048FE3E
:108280002068806940F00800216888612068806962
:1082900020F004002168886120688069296908430A
:1082A0002168886178E02946206802F087FE20680E
:1082B000806940F40060216888612068806920F44A
:1082C00080602168886120688069296940EA01200E
:1082D0002168886160E02946206802F0C9FE2068B4
:1082E000C06940F008002168C8612068C06920F0BA
:1082F00004002168C8612068C069296908432168B1
:10830000C86149E02946206802F00CFF2068C06976
:1083100040F400602168C8612068C06920F4806072
:108320002168C8612068C069296940EA0120216884
:10833000C86131E02946206802F02EFF2068406DB8
:1083400040F00800216848652068406D20F0040076
:10835000216848652068406D29690843216848659F
:108360001AE017E02946206802F04EFF2068406DB1
:1083700040F40060216848652068406D20F480600A
:10838000216848652068406D296940EA012021681C
:10839000486501E0012700BF00BF00BF002084F84E
:1083A0003C0000BF384653E710B504460CB9012025
:1083B00010BD94F83D0028B9002084F83C00204608
:1083C00000F029F8022084F83D00211D206802F009
:1083D000FFFC012084F8480000BF84F83E00012122
:1083E0003F200155402001554120015542200155B3
:1083F0004320015500BF00BF012084F84400452000
:108400000155462001554720015500BF012084F841
:108410003D000020CCE7704770B504460D4615B905
:1084200094F83E0015E0042D02D13F20005D10E0DD
:10843000082D02D14020005D0BE00C2D02D141201F
:10844000005D06E0102D02D14220005D01E04320D6
:10845000005D012801D0012070BD1DB9022084F803
:108460003E001AE0042D03D102213F20015514E003
:10847000082D03D10221402001550EE00C2D03D11F
:1084800002214120015508E0102D03D10221422094
:10849000015502E0022143200155012229462068AE
:1084A00002F00EFD2F49206888420FD02E49206827
:1084B00088420BD02D492068884207D02C4920687B
:1084C000884203D02B492068884201D1012000E076
:1084D000002028B12068406C40F4004021684864C6
:1084E00020492068884223D02068B0F1804F1FD0F7
:1084F0002149206888421BD020492068884217D033
:108500001F492068884213D01749206888420FD03D
:108510001C49206888420BD014492068884207D043
:1085200019492068884203D018492068884210D130
:1085300020688068164900EA0106062E0FD0B6F5BD
:10854000803F0CD02068006840F00100216808607E
:1085500005E02068006840F0010021680860002004
:108560007AE70000000001400004014000400140A3
:108570000044014000480140000400400008004061
:10858000000C00400018004000E0004000E4004003
:1085900007000100014600BF91F88400012801D1C5
:1085A00002207047012081F8840000BF2420C1F818
:1085B0008800086802680868006820F001000B68FD
:1085C000186022F0005200204866086802602020EF
:1085D000C1F8880000BF002081F8840000BF00BF00
:1085E000DFE72DE9F04104460D4616460027D4F892
:1085F0008C00202823D105B116B90120BDE8F081F7
:108600000120E0660020206732462946204603F01C
:108610000FFEE06E01280FD110202168086200BF14
:1086200000BF216851E8001F41F01000226842E8B5
:1086300000010029F5D100E001273846DEE70220DD
:10864000DCE77047704770B504460D4600BF94F8EC
:108650008400012801D1022070BD012084F884002B
:1086600000BF2420C4F888002068066820680068DD
:1086700020F00100216808602068806820F06060B8
:10868000284321688860204602F048FE2068066082
:108690002020C4F8880000BF002084F8840000BFB8
:1086A00000BFD9E770B504460D4600BF94F88400BA
:1086B000012801D1022070BD012084F8840000BF90
:1086C0002420C4F88800206806682068006820F02C
:1086D0000100216808602068806820F0604028431D
:1086E00021688860204602F019FE2068066020207C
:1086F000C4F8880000BF002084F8840000BF00BFD9
:10870000D9E77047704770472DE9F0470446206865
:10871000C569206806682068876840F60F0005EA8A
:108720000009B9F1000F0FD105F0200060B106F08B
:10873000200010B907F0805030B1606F10B12046B2
:10874000616F8847BDE8F087B9F1000F7ED0FE4821
:10875000384018B9FD4830400028F7D005F0010036
:1087600058B106F4807040B1012021680862D4F845
:10877000900040F00100C4F8900005F0020058B1EC
:1087800007F0010040B1022021680862D4F890008F
:1087900040F00400C4F8900005F0040058B107F060
:1087A000010040B1042021680862D4F8900040F034
:1087B0000200C4F8900005F0080070B106F0200037
:1087C00010B9E148384040B1082021680862D4F867
:1087D000900040F00800C4F8900005F4006060B11B
:1087E00006F0806048B14FF4006021680862D4F858
:1087F000900040F02000C4F89000D4F890000028C9
:1088000052D005F0200050B106F0200010B907F05A
:10881000805020B1606F10B12046616F8847D4F856
:1088200090A02068806800F04000402802D00AF044
:10883000280070B3204602F09BFE2068806800F09C
:108840004000402826D100BF00BF00E02DE0216895
:10885000083151E8001F21F040002168083141E84B
:108860000002002AF1D100BFD4F8800068B1B848F6
:10887000D4F880100865D4F88000F9F755FD98B158
:10888000D4F88000016D88470EE02046FFF73BFFDB
:108890000AE003E02046FFF736FF05E02046FFF739
:1088A00032FF0020C4F890004CE7E06E01287DD133
:1088B00005F01000002879D006F010000028FAD04A
:1088C0001020216808622068806800F0400040287D
:1088D0006DD1D4F8800000689E4988426BD0D4F8EE
:1088E000800000689B491831884264D0D4F8800029
:1088F00000689849303188425DD0D4F88000006823
:1089000094494831884256D0D4F880000068914993
:10891000603188424FD0D4F8800000688D497831AA
:10892000884248D0D4F8800000688A499031884253
:1089300041D0D4F8800000688649A83188423AD0F6
:10894000D4F8800000688449884234D0D4F880008C
:1089500000688149183188422DD0D4F88000006821
:108960007D493031884226D0D4F8800000687A49A9
:10897000483188421FD0D4F88000006876496031C1
:10898000884218D0D4F88000006873497831884252
:1089900011D0D4F8800000686F49903188420AD025
:1089A000D4F8800000686C49A83102E0AEE069E0CC
:1089B00001E0884204D1D4F880000068406803E0F8
:1089C000D4F88000006840681FFA80F8B8F1000F02
:1089D00057D0B4F85C00404553DDA4F85E80D4F86D
:1089E0008000C069B0F5807F40D000BF00BF216823
:1089F00051E8001F21F48070226842E8000100293C
:108A0000F5D100BF00BF00BF2168083151E8001F49
:108A100021F001002168083141E80002002AF3D169
:108A200000BF00BF00BF2168083151E8001F21F0DE
:108A300040002168083141E80002002AF3D100BF5C
:108A40002020C4F88C000020E06600BF00BF216831
:108A500051E8001F21F01000226842E800010029BF
:108A6000F5D100BFD4F88000F9F7F0F902202067B3
:108A7000B4F85C00B4F85E20801A81B22046FFF79B
:108A8000E0FD5FE634F85C0F6188401A1FFA80F859
:108A900060885C3CC8B3B8F1000F36D000BF00BF9F
:108AA000216851E8001F21F49070226842E800011B
:108AB0000029F5D100BF00BF00BF2168083151E88F
:108AC000001F214AD24301EA02002168083141E82F
:108AD0000002002AF1D100BF2020C4F88C00002041
:108AE000E066606700BF00BF216851E8001F21F009
:108AF0001000226842E800010029F5D100BF0220E1
:108B0000206741462046FFF79CFD1BE605F48010D8
:108B100050B107F4800038B14FF48010216808622A
:108B20002046FFF7EFFD0DE605F08000B0B106F03E
:108B3000800010B907F4000080B1A06F10B120468A
:108B4000A16F8847FEE5000001000010200100042D
:108B500057B50008100002401004024005F0400024
:108B600030B106F0400018B1204602F037FDE9E5CB
:108B700005F4000030B106F0804018B12046FFF740
:108B8000C0FDDFE505F0807030B106F0004018B19F
:108B90002046FFF757FDD5E500BFD3E510B50446E5
:108BA0000CB9012010BDA06900B100E000BFD4F8ED
:108BB000880028B9002084F88400204600F02AF8B4
:108BC0002420C4F888002068006820F00100216893
:108BD0000860A06A10B1204602F0CCFB204603F0EA
:108BE00013F8012800D1DDE72068406820F49040A8
:108BF000216848602068806820F02A002168886029
:108C00002068006840F0010021680860204602F0FA
:108C10002DFCC7E710B5B6B00446142130A8F7F70D
:108C200042FDB82102A8F7F73EFDFE4920688842C0
:108C30007ED102210020CDE902101F9002A8FCF78E
:108C4000BBFF08B1F8F765FD00BFF748006840F4C6
:108C50008010F54908600846006800F48010019013
:108C600000BF00BF00BFF0480838006840F00400B3
:108C7000ED49083908600846006800F004000190DA
:108C800000BF00BF00BF0846006840F00800086051
:108C90000846006800F00800019000BF00BF4FF4D4
:108CA0008050309002203190002032903390082084
:108CB000349030A9DD48FBF735FC042030900220C9
:108CC00031900020329033900820349030A9D84859
:108CD000FBF728FCD748D8490860412048600021AC
:108CE000D5488160C1604FF480610161002141611C
:108CF0008161C16101624162FAF75EFA08B1F8F779
:108D000008FD00BFCC48C4F88000846300BFC94898
:108D10001830CA490860422048604021C748816035
:108D20000021C1604FF4806101610021416100E0D8
:108D300016E08161C16101624162FAF73DFA08B152
:108D4000F8F7E7FC00BFBD48E067846300BF00227E
:108D500011463520FBF778FD3520FBF761FD15E264
:108D6000B749206888425ED102200021CDE9020186
:108D700000201F9002A8FCF71FFF08B1F8F7C9FCFC
:108D800000BFA948006840F08040A7490860084635
:108D9000006800F08040019000BF00BF00BFA24803
:108DA0000838006840F010009F49083908600846FC
:108DB000006800F01000019000BF00BF4FF4C070C9
:108DC0003090022031900020329033900720349070
:108DD00030A99C48FBF7A6FB964848309A490860A2
:108DE000502048604021984881600021C1604FF4C4
:108DF00080610161002141618161C1610162416263
:108E0000FAF7DAF908B1F8F784FC00BF8E48E0679A
:108E1000846300BF002211465220FBF715FD52204B
:108E2000FBF7FEFCB2E18949206888427BD1022130
:108E30000020CDE902101F9002A8FCF7BDFE08B18A
:108E4000F8F767FC00BF7848006840F400307649C6
:108E500008600846006800F40030019000BF00BFC1
:108E600000BF71480838006840F008006E490839B2
:108E700008600846006800F00800019000BF00BFCD
:108E800070203090022031900020329033900720E3
:108E9000349030A96648FBF745FB664860386C495A
:108EA00008602B204860002169488160C1604FF450
:108EB00080610161002141618161C16101624162A2
:108EC000FAF77AF908B1F8F724FC00BF6048C4F853
:108ED0008000846300BF574848385E4908602C20F2
:108EE000486040215B4881600021C1604FF480618F
:108EF0000161002141618161C16101624162FAF752
:108F00005BF908B1F8F705FC00BF5248E0678463DD
:108F100000BF002211462620FBF796FC2620FBF717
:108F20007FFC33E1FFE74C492068884278D1022179
:108F30000020CDE902101F9002A8FCF73DFE08B109
:108F4000F8F7E7FB00BF3848006840F48020364956
:108F500008600846006800F48020019000BF00BF50
:108F600000BF31480838006840F002002E49083937
:108F700008600846006800F00200019000BF00BFD2
:108F800000BF0846006840F0080008600846006816
:108F900000F00800019000BF00BF4FF48040309007
:108FA000022031900020329033900720349030A975
:108FB0002A48FBF7B7FA4FF4407030900220319006
:108FC0000020329033900720349030A91848FBF7E6
:108FD000A9FA18483038224908602D20486000213D
:108FE0001F488160C1604FF48061016100214161CF
:108FF0008161C16101624162FAF7DEF808B1F8F7F8
:1090000088FB00BF1648C4F88000846300BF09488D
:109010001838144908602E2048604021114823E088
:1090200047E0000000500040E844025800080258A1
:10903000000C025870000240A40B00241C0C0024F9
:109040000078004000100258940C002400440040B6
:109050000C0D0024840D0024004800400004025838
:10906000FC0D0024740E002481600021C1604FF4C7
:1090700080610161002141618161C161016204215E
:109080004162032181620021C1620163FAF794F811
:1090900008B1F8F73EFB00BF3D48E067846300BFBE
:1090A000002211462720FBF7CFFB2720FBF7B8FB58
:1090B0006CE038492068884268D101200021CDE960
:1090C00002010020209002A8FCF776FD08B1F8F715
:1090D00020FB00BF3048006840F080002E49086047
:1090E0000846006800F08000019000BF00BF00BF8C
:1090F00029481038006840F01000274910390860EE
:109100000846006800F01000019000BF00BF042076
:10911000309002203190002032903390042034901F
:1091200030A91E48FBF7FEF908203090022031904C
:109130000020329033900B20349030A91748FBF771
:10914000F1F9174817490860772048604021154811
:1091500081600021C1604FF48061016100214161A3
:109160008161C16101624162FAF726F808B1F8F73E
:10917000D0FA00BF0B48E067846300BF00221146AD
:109180009C20FBF761FB9C20FBF74AFB36B010BD2F
:10919000740E0024001C0140F044025800100258D4
:1091A000A0000240EC0E002470472DE9F84F044661
:1091B0000E4617469946D4F88800202854D106B1A7
:1091C00017B90120BDE8F88F00205434E063212056
:1091D0006063FBF7A5FA824627806780543CA0684D
:1091E000B0F5805F04D1206910B90025B04602E0D7
:1091F00035464FF0000820E05346002280212046EB
:10920000CDF8009003F0C2F820B12020C4F8880007
:109210000320D7E745B9B8F80000C0F3080021687B
:10922000886208F1020803E02878216888626D1CD2
:10923000B4F85600401EA4F85600B4F856000028B2
:10924000DAD15346002240212046CDF8009003F0A9
:109250009DF820B12020C4F888000320B2E7202028
:10926000C4F888000020ADE70220ABE7704700BFDC
:10927000FEE70000084890ED160B9FED081B30EE4E
:10928000410BB1EE400B9FED071B20EE010B074891
:1092900080ED000B70470000C83A00240000000079
:1092A000000000009A9999999999D93F9005002456
:1092B00030B50B46002100BF16E00A24B4EB107F46
:1092C00005D9302404EB107403F8114005E0412463
:1092D00004EB10740A3C03F81140000100254C0017
:1092E000641C1D554C1CE1B29142E6DB30BD000010
:1092F0004A780B7802EB032200EE102AB8EEC00B7E
:109300009FED3F1B20EE011B9FED3F2B9FED400B80
:1093100011EE020B80ED0C0BCA788B7802EB032266
:1093200012B200EE102AB8EEC00B9FED3B1B20EEF0
:10933000010B9FED3B1B80EE012B80ED0A2B4A7940
:109340000B7902EB032212B200EE102AB8EEC00B2A
:109350009FED351B20EE010B9FED351B20EE010B21
:1093600080ED080B90F8502082B990ED0C0B80ED49
:10937000160B90ED0C0B80ED0E0B9FED2F0B80ED7F
:10938000120B00220264012280F8502090ED0C0B99
:1093900090ED0E1B30EE410B9FED291BB4EEC10B7F
:1093A000F1EE10FA02D2026C521C026490ED0C0B2A
:1093B00090ED0E1B30EE410B9FED231BB4EEC10B65
:1093C000F1EE10FA02DD026C521E026490ED0C0BFD
:1093D00090ED101AB8EEC11B9FED0D2B21EE021B74
:1093E000B0EE002B01EE020B90ED161B30EE410BA0
:1093F00080ED120B90ED0C0B80ED0E0B7047000012
:10940000012DA005B480A63F1839359D46DF913F58
:109410004AD8124DFB2109404AD8124DFB21194070
:109420000000000000004E40000000000000543F1B
:109430007B14AE47E17A743F00000000000000009A
:1094400058D04929C7280EC058D04929C7280E40EE
:1094500070B52DED028B04460D46B0EE408B6021B9
:109460002046F7F720F905F50070208084ED028B87
:10947000BDEC028B70BD00004A780B7802EB032232
:1094800000EE102AB8EEC00B9FED401B20EE011B32
:109490009FED402B9FED410B11EE020B80ED100B69
:1094A000CA788B7802EB032212B200EE102AB8EED3
:1094B000C00B9FED3C1B20EE010B9FED3C1B80EE93
:1094C000012B80ED0E2B4A790B7902EB032212B2AD
:1094D00000EE102AB8EEC00B9FED361B20EE010BFC
:1094E0009FED361B20EE010B80ED0C0B8A7980F886
:1094F000282090F8602082B990ED100B80ED1A0BB7
:1095000090ED100B80ED120B9FED2E0B80ED160BE6
:1095100000220265012280F8602090ED100B90ED92
:10952000121B30EE410B9FED291BB4EEC10BF1EE87
:1095300010FA02D2026D521C026590ED100B90EDF4
:10954000121B30EE410B9FED231BB4EEC10BF1EE6D
:1095500010FA02DD026D521E026590ED100B90EDC7
:10956000141AB8EEC11B9FED0D2B21EE021BB0EEBD
:10957000002B01EE020B90ED1A1B30EE410B80ED3B
:10958000160B90ED100B80ED120B7047012DA0050E
:10959000B480A63F1839359D46DF913F4AD8124D19
:1095A000FB2109404AD8124DFB2119400000000060
:1095B00000004E40000000000000543FEAFF4199C7
:1095C000A1FE8F3F000000000000000058D0492994
:1095D000C7280EC058D04929C7280E4070B52DEDB8
:1095E000028B04460D46B0EE408B78212046F7F7FB
:1095F0005AF805F50070208084ED028B9FED030B77
:1096000084ED040BBDEC028B70BD00000000000077
:109610000080614008B500BF2648006840F00100A6
:10962000244908600846006800F00100009000BF6F
:1096300000BF002211460B20FBF706F90B20FBF7B9
:10964000EFF8002211460C20FBF7FEF80C20FBF788
:10965000E7F8002211460D20FBF7F6F80D20FBF786
:10966000DFF8002211460E20FBF7EEF80E20FBF784
:10967000D7F8002211460F20FBF7E6F80F20FBF782
:10968000CFF8002211461020FBF7DEF81020FBF780
:10969000C7F8002211461120FBF7D6F81120FBF77E
:1096A000BFF8002211462F20FBF7CEF82F20FBF742
:1096B000B7F808BDD844025810B51E481E490860C6
:1096C0000020886000211C48C16001210174002134
:1096D0004174012181744161142181613B21C16187
:1096E0001421016201214162022181620D21C162C6
:1096F000022101630021416304218163C1630821C8
:10970000016404214164082181640421C1640221AF
:1097100001650421416508218165C165016600215B
:10972000416604218166FAF70FFC08B1F7F7F1FFF3
:1097300010BD000000A00040D005002410B51E4858
:109740001E4908600020886000211C48C16001217A
:1097500001740021417401218174416114218161EE
:109760003B21C16114210162012141620221816218
:109770000D21C1620221016340F255314163042190
:109780008163C1630821016404214164082181646B
:109790000421C1640221016504214165082181651C
:1097A000C16501660021416604218166FAF7CCFBA0
:1097B00008B1F7F7AEFF10BD00A40040700600240A
:1097C00010B51E481E4908600020886000211C4812
:1097D000C160012101740021417401218174416142
:1097E000142181613B21C161142101620121416287
:1097F000022181620D21C1620221016340F2AA614E
:10980000416304218163C16308210164042141642F
:10981000082181640421C16402210165042141659C
:1098200008218165C16501660021416604218166C8
:10983000FAF78AFB08B1F7F76CFF10BD00D40040BF
:109840001007002400B587B0142102A8F6F72BFFFB
:1098500000BF4D48006840F010004B4908600846C2
:10986000006800F01000019000BF00BF00BF084674
:10987000006840F0040008600846006800F004003A
:10988000019000BF00BF00BF0846006840F08000A4
:1098900008600846006800F08000019000BF00BF2B
:1098A00000BF0846006840F00100086008460068F4
:1098B00000F00100019000BF00BF00BF0846006833
:1098C00040F0020008600846006800F002000190C5
:1098D00000BF00BF00BF0846006840F008000860F5
:1098E0000846006800F00800019000BF00BF012298
:1098F0004AF209012548FAF70DFF00224FF4804192
:109900002248FAF707FF00224FF400512048FAF7E7
:1099100001FF4FF46040029001200390002004906A
:10992000059002A91948FAF7FDFD092002900120CF
:109930000390002004900320059002A91348FAF731
:10994000F1FD4FF4A05002904FF4881003900020D6
:10995000049002A90E48FAF7E5FD4FF4005002907A
:109960000120039000200490059002A90848FAF70E
:10997000D9FD002211462820FAF766FF2820FAF7C1
:109980004FFF07B000BD0000E04402580008025835
:109990000010025810B51648164908604FF48000B0
:1099A00048600021134881600721C1604FF00071B9
:1099B000016149104161890081610901C161002192
:1099C000016241628162C1624FF0804141630021C6
:1099D0008163C163016441648164C164016541655F
:1099E0008165FDF737FE08B1F7F793FE10BD000063
:1099F00000380040B007002410B51648164908602A
:109A00004FF4800048604111134881600721C16014
:109A1000002101614FF080714161890081618900FD
:109A2000C1610021016241628162C1624FF08041E7
:109A3000416300218163C163016441648164C16445
:109A4000016541658165FDF705FE08B1F7F761FE27
:109A500010BD0000001400583808002400B59BB069
:109A600000201790189019901A9014901590169045
:109A70001C210DA8F6F717FE34216846F6F713FEF1
:109A80002E482F490860EF20486000212C48816053
:109A900044F61F61C1600021016141618161FEF7EF
:109AA00079FA08B1F7F735FE4FF48050179017A9EF
:109AB0002348FEF7D5FA08B1F7F72BFE2048FEF74A
:109AC00073FC08B1F7F725FE00201490159016904E
:109AD00014A91B48FEF7ECF908B1F7F71AFE60204D
:109AE0000D9000200E900F901090119012901390F6
:109AF00000220DA91248FEF79FFB08B1F7F709FEF7
:109B00000020009001900290039004904FF40050C8
:109B100005900020069008904FF0007009900020FA
:109B20000A900C9069460648FEF75EF908B1F7F70F
:109B3000F0FD0348FEF72EFB1BB000BD0000014006
:109B40000404002000B58FB000200B900C900D9005
:109B50000E90089009900A901C2101A8F6F7A3FD29
:109B60001F48204908601720486000211D48816077
:109B700042F20F71C160002101618161FEF70AFAB2
:109B800008B1F7F7C6FD4FF480500B900BA91548AC
:109B9000FEF766FA08B1F7F7BCFD1248FEF704FCC1
:109BA00008B1F7F7B6FD002008900A9008A90D4803
:109BB000FEF77EF908B1F7F7ACFD602001900020B8
:109BC0000290039005900C2201A90648FEF734FB91
:109BD00008B1F7F79EFD0348FEF7DCFA0FB000BDB1
:109BE000000400405004002010B5194819490860CD
:109BF000194848604FF48051164881600021C160C7
:109C00004FF4806101610C21416100218161C161DA
:109C10000162416200200F4988620846FEF7BEFFDC
:109C200008B1F7F776FD00210A48FEF73BFD08B1C1
:109C3000F7F76FFD00210748FEF705FD08B1F7F7BC
:109C400068FD0448FEF7A6FC08B1F7F762FD10BDF9
:109C500000500040C0080024A086010010B518483C
:109C6000184908604FF4E1304860002115488160D0
:109C7000C16001610C21416100218161C16101620A
:109C8000416200200F4988620846FEF787FF08B14D
:109C9000F7F73FFD00210B48FEF704FD08B1F7F789
:109CA00038FD00210748FEF7CEFC08B1F7F731FD7B
:109CB0000448FEF76FFC08B1F7F72BFD10BD00005C
:109CC000007800405409002410B51848184908606D
:109CD0004FF461204860002115488160C160016136
:109CE0000C21416100218161C1610162416200205A
:109CF0000F4988620846FEF751FF08B1F7F709FDE2
:109D000000210B48FEF7CEFC08B1F7F702FD002159
:109D10000748FEF798FC08B1F7F7FBFC0448FEF78C
:109D200039FC08B1F7F7F5FC10BD0000001C01403C
:109D3000100B002410B51A481A4908601A484860E8
:109D4000002118488160C16001610C21416100213E
:109D500081614FF40041C161002101624162002034
:109D60001049886200231A4619460E48FDF726FC62
:109D700008B1F7F7CEFC00210A48FEF793FC08B1C2
:109D8000F7F7C7FC00210748FEF75DFC08B1F7F7BD
:109D9000C0FC0448FEF7FEFB08B1F7F7BAFC10BDA3
:109DA00000440040E8090024003E490010B51A486C
:109DB0001A4908601A484860002118488160C1604B
:109DC00001610C214161002181614FF40041C161B9
:109DD00000210162416200201049886200231A4676
:109DE00019460E48FDF7EAFB08B1F7F792FC00218F
:109DF0000A48FEF757FC08B1F7F78BFC002107482B
:109E0000FEF721FC08B1F7F784FC0448FEF7C2FB1B
:109E100008B1F7F77EFC10BD004800407C0A002422
:109E2000003E490010B501220E490F4803F0DEF94B
:109E300008B1F7F76EFC0D490B4803F015FD08B1AA
:109E4000F7F767FC0A49084802F0BEFD08B1F7F7CA
:109E500060FC054803F00AFE08B1F7F75AFCFBF76F
:109E60005FFC10BD040000209C0400203000002492
:109E700064000020B1EE403B33EE413B33EE424BF9
:109E800003EE100AB8EEC33B24EE033B164981ED06
:109E9000003BB1EE403B33EE013B33EE424B03EE71
:109EA000100AB8EEC33B24EE033B104981ED003BA2
:109EB00030EE413B33EE424B03EE100AB8EEC33BAB
:109EC00024EE033B0A4981ED003B30EE013B33EECB
:109ED000424B03EE100AB8EEC33B24EE033B0549A8
:109EE00081ED003B704700008002002090020020BE
:109EF000880200209802002000BFFEE700BFFEE7B6
:109F000010B50248FAF7D2FE10BD0000642100240B
:109F10002DE9F04704460D4626683746D6F84080BE
:109F200007F5306000EB4510D0F8089010488045E8
:109F30000BD909F40040B0F5004F06D14FF40041B1
:109F400007F5306000EB451081602046FBF76EFBA3
:109F50000748804508D9A079012805D104F29C4220
:109F60000121206804F036FA0020BDE8F0870000E7
:109F70000A30544F2DE9F04705460C46D5F80090BD
:109F80004E46D9F840A006F5306000EB4410D0F8FA
:109F90000880A879012855D108F0080008280FD1B9
:109FA000434882450BD908F40040B0F5004F7BD1FF
:109FB0004FF4004106F5306000EB4410816073E01F
:109FC00008F02000202806D1202106F5306000EBA3
:109FD0004410816068E008F02800002864D134480B
:109FE00082450CD908F40040B0F5004F07D14FF47A
:109FF000004106F5306000EB4410816054E004EB52
:10A00000C40105F5157000EB810706F5306000EB23
:10A010004410396A0069C0F31200081A786164B903
:10A02000386930B905F29C420121286804F0D2F960
:10A0300003E07969F8680844F860E1B22846FAF765
:10A04000ADFC31E01B4882451BD108F40040B0F55F
:10A05000004F07D14FF4004106F5306000EB44108B
:10A06000816021E008F02000202805D1202106F59C
:10A07000306000EB44108160E1B22846FAF78EFCB4
:10A0800012E06CB904EBC40105F5157000EB81001A
:10A09000006928B905F29C420021286804F09AF969
:10A0A000E1B22846FAF77AFC0020BDE8F08700000C
:10A0B0000A30544F0A31544F2DE9F84F07460E46E7
:10A0C000D7F80090C84606EBC60107F1140000EB74
:10A0D0008104D4E90410884202D90120BDE8F88F38
:10A0E000D4E90401451AA068A84200D2A568E81C7A
:10A0F0004FEA900A17E0D4E90401451AA068A84283
:10A1000000D2A568E81C4FEA900AB879ABB2F2B267
:10A1100000904846E16804F01FFEE0682844E060D3
:10A1200060692844606108F5106000EB46108069A2
:10A1300080B2504506D3D4E90410884202D2206987
:10A140000028D8D1D4E9040188420ED806F00F01C6
:10A15000012000FA01FB40F6340050F8080020EA24
:10A160000B0040F6340141F808000020B6E700007B
:10A17000B0EE401A10B99FED790A704790ED100AC1
:10A1800080ED110A90ED0F0A80ED100AC0ED060A6D
:10A1900080ED071A30EEC10A80ED0F0A0178002920
:10A1A00075D190ED010AD0ED0F1A20EE210A80ED55
:10A1B000090A90ED0A0AD0ED021A90ED0F2A01EE7D
:10A1C000820A80ED0A0A90ED0D0A80ED0E0A90EDEC
:10A1D0000C0A80ED0D0A90ED0F0AD0ED101A30EE4A
:10A1E000610A80ED0C0A90ED030AD0ED0C1A20EE06
:10A1F000210A80ED0B0A90ED0A0AD0ED051AB4EEA3
:10A20000E10AF1EE10FA04DD90ED050A80ED0A0A8C
:10A2100010E090ED0A0AD0ED051AF1EE611AB4EEE5
:10A22000E10AF1EE10FA05D290ED050AB1EE400A0E
:10A2300080ED0A0A90ED090AD0ED0A1A30EE210AE3
:10A24000D0ED0B1A30EE210A80ED080A90ED080AD5
:10A25000D0ED041AB4EEE10AF1EE10FA04DD90ED4F
:10A26000040A80ED080A76E090ED080AD0ED041AA1
:10A27000F1EE611AB4EEE10AF1EE10FA6BD290ED54
:10A28000040AB1EE400A80ED080A64E0FFE70178B5
:10A290000A2960D190ED0F0AD0ED101A30EE610A54
:10A2A000D0ED011A20EE210A80ED090A90ED020A94
:10A2B000D0ED0F1A20EE210A80ED0A0A90ED0D0A6A
:10A2C00080ED0E0A90ED0C0A80ED0D0A90ED0F0A5C
:10A2D000D0ED101AB0EE002A02EE610AD0ED111A8C
:10A2E00030EE210A80ED0C0A90ED030AD0ED0C1A35
:10A2F00020EE210A80ED0B0A90ED090AD0ED0A1A32
:10A3000030EE210AD0ED0B1A30EE210AD0ED081AFA
:10A3100030EE210A80ED080A90ED080AD0ED041A0B
:10A32000B4EEE10AF1EE10FA04DD90ED040A80EDDE
:10A33000080A10E090ED080AD0ED041AF1EE611A57
:10A34000B4EEE10AF1EE10FA05D290ED040AB1EE96
:10A35000400A80ED080A90ED080A0EE700000000B0
:10A3600000B970479FED100A80ED110A80ED100AC8
:10A3700080ED0F0A9FED0C0A80ED0E0A80ED0D0AAC
:10A3800080ED0C0A9FED080A80ED0B0A80ED0A0AA9
:10A3900080ED090A80ED080A9FED030A80ED060AA8
:10A3A00080ED070A00BFDCE70000000000B970473D
:10A3B000017080ED010AC0ED020A80ED031AC0EDC4
:10A3C000041A80ED052ADFED0E2AC0ED0E2AC0ED3D
:10A3D0000D2AC0ED0C2ADFED0A2AC0ED082AC0EDD7
:10A3E0000B2AC0ED0A2AC0ED092AC0ED112AC0EDE2
:10A3F000102AC0ED0F2A012280F8482000BFD6E7BE
:10A4000000000000704700002DE9F04104460E46B0
:10A4100000275548006800F00300032802D10120FE
:10A42000BDE8F08150482838006820F080604E492F
:10A4300028390860FAF774F9054606E0FAF770F96A
:10A44000401B022801D90320EAE747482838006862
:10A45000C0F3C0600028F1D100BF4348006820F479
:10A460007C30216840EA01303F490860A088401EE6
:10A47000C0F30800A168491E4FF47E4202EA412160
:10A480000843A189491ED20102EA01410843217C07
:10A49000491E120202EA0161084333491031086083
:10A4A00000BF3148001D006820F0C000616908430A
:10A4B0002D49091D08600846006820F02000A169A8
:10A4C00008432949091D08600846006820F010006B
:10A4D00008602548143000684FF6F8718843E16938
:10A4E00040EAC1002049143108601F48001D00687F
:10A4F00040F010001C49091D08602EB9084600688C
:10A5000040F40020086012E0012E08D11648001D1A
:10A51000006840F480101449091D086007E01248E3
:10A52000001D006840F400100F49091D08600E4826
:10A530002838006840F080600B4928390860FAF735
:10A54000EFF8054606E0FAF7EBF8401B022801D9C0
:10A55000032065E7044828380068C0F3C06000287D
:10A56000F1D038465CE70000284402582DE9F0415C
:10A5700004460E4600275548006800F003000328F3
:10A5800002D10120BDE8F08150482838006820F051
:10A5900080504E4928390860FAF7C2F8054606E0AF
:10A5A000FAF7BEF8401B022801D90320EAE7474822
:10A5B00028380068C0F340700028F1D100BF43483C
:10A5C000006820F07C70218840EA01503F49086013
:10A5D000A088401EC0F30800A168491E4FF47E42C7
:10A5E00002EA41210843A189491ED20102EA014140
:10A5F0000843217C491E120202EA016108433349E3
:10A600001831086000BF3148001D006820F4406028
:10A61000616908432D49091D08600846006820F457
:10A620000070A16908432949091D086008460068AF
:10A6300020F48070086025481C3000684FF6F871DF
:10A640008843E16940EAC10020491C3108601F4885
:10A65000001D006840F480701C49091D08602EB977
:10A660000846006840F48000086012E0012E08D11E
:10A670001648001D006840F400001449091D0860D8
:10A6800007E01248001D006840F080700F49091D66
:10A6900008600E482838006840F080500B4928397F
:10A6A0000860FAF73DF8054606E0FAF739F8401B6E
:10A6B000022801D9032065E7044828380068C0F360
:10A6C00040700028F1D038465CE70000284402586A
:10A6D00010B5122210491148FDF783FF9FED102A93
:10A6E000DFED101A9FED101ADFED0F0AB7EE000A2A
:10A6F00000210E48FFF75AFE9FED092ADFED091AE7
:10A700009FED091ADFED080AB7EE000A002108489C
:10A71000FFF74CFE10BD0000400C0020C0080024D4
:10A720000000C84200007A4400000000A40C002091
:10A73000F00C002010B50020A7490870A7480AF0C7
:10A7400021F81322A649A748F5F736FF0AF046F983
:10A75000A5480088C0B1A5480088A8B10020A44938
:10A7600081F86000A34981F850009FEDA30BA44835
:10A7700080ED000B9FEDA30AA34880ED000A9FED3A
:10A78000A10AA24880ED060AFEF774FD0AF034FE25
:10A790000CF0C4FC01209E49087000209D4908600F
:10A7A0009D480078B8B906F0E5FE9C48807A0228FA
:10A7B00009D19B48807E012805D107F0D9FB0120F3
:10A7C0008549087007E009F095FC07F003FF08F0E1
:10A7D0002FFD09F09BFA90480078022801D106F07D
:10A7E0002BFF8D480078012801D105F037FF8A48FA
:10A7F0000078032801D106F0C7F80CF0A7FC8948BF
:10A80000007808B909F026F881480078012802D1BB
:10A8100009F09CF900E000BF7E48006828B9824832
:10A820000068012801D10CF0B7FC804909688888CC
:10A8300000EBD0714910A0EB410101290AD17C49FC
:10A840007C4807F01DFA7A49704805F085FE784883
:10A8500008F000FF784890ED000AF2EE040AB4EE2A
:10A86000E00AF1EE10FA0EDD744890ED000B9FED5A
:10A87000741BB4EEC10BF1EE10FA04DBBAEE040A5D
:10A880006D4880ED000A00BF6F4890ED000ADFEDD3
:10A890006F0AB4EEE00AF1EE10FA04D89FED6B0AED
:10A8A00080ED000A0DE0684890ED000ADFED680ACF
:10A8B000B4EEE00AF1EE10FA03DB9FED650A80EDDD
:10A8C000000A00BF00BF634890ED000ADFED620A96
:10A8D000B4EEE00AF1EE10FA04D89FED5F0A80EDC5
:10A8E000000A0DE05B4890ED000ADFED5C0AB4EE73
:10A8F000E00AF1EE10FA03DB9FED580A80ED000A42
:10A9000000BF574890ED080ADFED560AB4EEE00AA2
:10A91000F1EE10FA1EDD00BF534890ED000ADFEDA6
:10A92000530AB4EEE00AF1EE10FA04D89FED4F0A94
:10A9300080ED000A0DE04C4890ED000ADFED4C0A76
:10A94000B4EEE00AF1EE10FA03DB9FED490A80ED68
:10A95000000A1EE000BF444890ED000ADFED430A04
:10A96000B4EEE00AF1EE10FA04D89FED400A80ED53
:10A97000000A0DE03C4890ED000ADFED3D0AB4EE20
:10A98000E00AF1EE10FA03DB9FED390A80ED000AD0
:10A9900000BF00BF374890ED000ADFED370AB4EE84
:10A9A000E00AF1EE10FA04D89FED330A80ED000AB8
:10A9B0000DE0304890ED000AF7EE000AB4EEE00A30
:10A9C000F1EE10FA03DBB7EE000A80ED000A00BFDB
:10A9D00009F078F810BD0000F0030020F42C0024EA
:10A9E000222E0024B8300024E6010020EC010020D3
:10A9F000C83A0024083A00240000000000000000CB
:10AA00009805002400000000B4050024780C002004
:10AA1000CC030020AC03002050030020C808002015
:10AA2000A83C00246C030020B00300200003002099
:10AA3000403B0024580C0020C40300209005002453
:10AA40000000000000208240B40300208FC275BEC9
:10AA500033331340B8030020CDCC1CC09A99194061
:10AA600074080020CDCCCCBDBC0300206666A6BF18
:10AA70009A99D93FC0030020EC51D8BF074890ED08
:10AA8000120B9FED071B30EE410B9FED071B80EE75
:10AA9000012B074880ED002B70470000083A002486
:10AAA0000000000000000000000000C0F5884140E8
:10AAB00098050024026851690268926942F0080210
:10AAC00003689A610268926942F0100203689A6111
:10AAD0000268126822F0010203681A6002681269B3
:10AAE00040F26F339A4303681A610268926822F455
:10AAF000404203689A6090F88120042A0ED001F049
:10AB000020025AB1D0F8842042F08002C0F884209C
:10AB10000268926942F0200203689A6190F88120ED
:10AB2000032A0ED001F040025AB1D0F8842042F03E
:10AB30000402C0F884200268926942F0400203686F
:10AB40009A6101F400725AB1D0F8842042F00102F7
:10AB5000C0F884200268926942F4007203689A6126
:10AB600001F480725AB1D0F8842042F00802C0F893
:10AB700084200268926942F4807203689A6100221C
:10AB8000A0F86220A0F86A20704710B501460124A1
:10AB9000C86B04EB5013C868421CD01DC20802FBEE
:10ABA00003F010BD2DE9F04106460D4617461C4640
:10ABB000DDF818800BE0F9F7B3FDA0EB0800A04228
:10ABC00001D3601C00B914B90320BDE8F0813068DE
:10ABD00040692840A84201D1012000E00020B8428D
:10ABE000E9D00020F1E7704710B50848C07F012880
:10ABF00005D1012241030648F9F78CFD05E000224A
:10AC00004FF400510248F9F785FD10BD780C002083
:10AC100000100258704730B501460A461378521C9E
:10AC2000147843EA042030BD10B5F9F77FFD10BD5C
:10AC300000B59DB04C210AA8F5F735FD202102A8EA
:10AC4000F5F731FD0220FAF73BFD00BF002001902F
:10AC50002648006820F440402449086008460068FF
:10AC600000F44040019000BF00BF00BF1F480068D3
:10AC700000F40050B0F5005FF8D121200A904FF4A5
:10AC800080300B900120109002201390022114912B
:10AC90001591282116910121179106211891022161
:10ACA00019910C211A9100211B911C910AA8FCF703
:10ACB000D7F808B1F6F72DFD3F200290032003904E
:10ACC0000020049008200590402006905020079016
:10ACD0004FF48060089040200990032102A8FBF700
:10ACE000CFFD08B1F6F715FD1DB000BD184802589C
:10ACF0002F48006840F470002D4908602D48006816
:10AD000000F00F00072806D22A48006820F00F0044
:10AD1000C01D284908602848006840F00100264905
:10AD20000860002024491031086023480068234946
:10AD30000840214908601F48006800F00F000728FC
:10AD400006D91C48006820F00F00C01D1949086092
:10AD50000020194918310860091D0860091D0860A4
:10AD600017481549283108601648091D086016481B
:10AD7000091D08600020091D08601348091D0860AE
:10AD80000020091D08601048091D08600020091DE9
:10AD900008600948006820F4802007490860002006
:10ADA00005496031086043F2D200084908607047E5
:10ADB00088ED00E000200052004402587FEDF6EAE2
:10ADC000000202020000FF01800201010040005267
:10ADD00010B50268304B98420ED0B0F1804F0BD0C6
:10ADE0002E4B984208D02E4B984205D02D4B9842BE
:10ADF00002D02D4B984203D122F070024B681A43C7
:10AE0000254B98421DD0B0F1804F1AD0234B984269
:10AE100017D0234B984214D0224B984211D0224B8A
:10AE200098420ED0214B98420BD0214B984208D02B
:10AE3000204B984205D0204B984202D01F4B98429D
:10AE400003D122F44072CB681A4322F080034C698C
:10AE500043EA040202608B68C3620B6883620E4B94
:10AE600098420BD0104B984208D0104B984205D016
:10AE70000F4B984202D00F4B984201D10B690363EC
:10AE800001234361036903F001031BB1036923F04C
:10AE90000103036110BD00000000014000040040F8
:10AEA00000080040000C0040000401400040014048
:10AEB000004401400048014000E0004000E4004040
:10AEC00030B501F01F05012404FA05F3046A9C4320
:10AED0000462046A01F01F0502FA05F52C430462BE
:10AEE00030BD30B50C46816821F47F4142EA03252C
:10AEF00025432943816030BD0A468168034B1940D0
:10AF000042F0070319438160704700008FFFCFFFB5
:10AF100030B5026A056A25F0010505624368846957
:10AF2000204D2C4024F003040D682C4322F0020233
:10AF30008D682A431C4DA84200D10FE01B4DA8424A
:10AF400000D10BE01A4DA84200D107E0194DA842EC
:10AF500000D103E0184DA84206D100BF22F008023C
:10AF6000CD682A4322F004020F4DA8420BD00F4DAA
:10AF7000A84208D00E4DA84205D00E4DA84202D0DE
:10AF80000D4DA84207D123F4807323F400734D695B
:10AF90002B438D692B43436084614D684563026296
:10AFA00030BD00008FFFFEFF0000014000040140A3
:10AFB00000400140004401400048014030B5026AB1
:10AFC000056A25F01005056243688469224D2C400E
:10AFD00024F440740D6844EA052422F020028D68B0
:10AFE00042EA05121D4DA84200D10FE01C4DA842B7
:10AFF00000D10BE01B4DA84200D100BF1A4DA84262
:10B0000000D100BF194DA84207D106E022F080020E
:10B01000CD6842EA051222F04002104DA8420BD042
:10B020000F4DA84208D00F4DA84205D00E4DA842A2
:10B0300002D00E4DA84209D123F4806323F40063AB
:10B040004D6943EA85038D6943EA85034360846162
:10B050004D688563026230BDFF8FFFFE0000014036
:10B06000000401400040014000440140004801400C
:10B0700030B5026A056A25F4807505624368C469C3
:10B08000224D2C4024F003040D682C4322F400725E
:10B090008D6842EA05221E4DA84200D10FE01D4DE9
:10B0A000A84200D10BE01C4DA84200D100BF1B4DAF
:10B0B000A84200D100BF1A4DA84207D106E022F4F1
:10B0C0000062CD6842EA052222F48062104DA84257
:10B0D0000BD0104DA84208D00F4DA84205D00F4DFF
:10B0E000A84202D00E4DA84209D123F4805323F484
:10B0F00000534D6943EA05138D6943EA0513436024
:10B10000C4614D68C563026230BD00008FFFFEFF61
:10B1100000000140000401400040014000440140A3
:10B120000048014030B5036A056A25F48055056280
:10B130004468C269124D2A4022F440720D6842EA06
:10B14000052223F400538D6843EA05330D4DA842D0
:10B150000BD00D4DA84208D00C4DA84205D00C4D87
:10B16000A84202D00B4DA84204D124F480444D697A
:10B1700044EA85144460C2614D680564036230BDD1
:10B18000FF8FFFFE0000014000040140004001402D
:10B19000004401400048014030B5026A056A25F4C8
:10B1A000803505624368446D114D2C400D682C4379
:10B1B00022F400320D8942EA05420E4DA8420BD01E
:10B1C0000D4DA84208D00D4DA84205D00C4DA84207
:10B1D00002D00C4DA84204D123F480334D6943EAD8
:10B1E0000523436044654D688565026230BD0000FB
:10B1F0008FFFFEFF000001400004014000400140BD
:10B20000004401400048014030B5026A056A25F457
:10B21000801505624368446D114D2C400D6844EA69
:10B22000052422F400120D8942EA05520D4DA84270
:10B230000BD00D4DA84208D00C4DA84205D00C4DA6
:10B24000A84202D00B4DA84204D123F480234D69BB
:10B2500043EA8523436044654D68C565026230BD9D
:10B26000FF8FFFFE0000014000040140004001404C
:10B27000004401400048014030B50B461446026AC4
:10B28000056A25F001050562816921F0F00141EAB6
:10B29000041122F00A021A438161026230BD30B506
:10B2A0000B461446026A056A25F01005056281699D
:10B2B00021F4704141EA043122F0A00242EA031273
:10B2C0008161026230BD000010B50748FDF71CFA2D
:10B2D000122206490448FDF784F9054806F0D2FE1B
:10B2E0000248F6F7EDFB10BDC0080024400C00201A
:10B2F000A83C002410B50648FDF706FA05490648A3
:10B3000009F0F4F8FF2203490148FDF76AF910BD7E
:10B31000540900243C0D00203029002470B5456EEE
:10B320002DB90125A0F86A50A0F868501CE0102340
:10B3300010240568AD68C5F342610568AD686A0F01
:10B340000A4DAD5C15FB04F5094EB65C95FBF6F5B0
:10B35000A0F86A50054D6D5C15FB03F5044E765C54
:10B3600095FBF6F5A0F8685070BD00005473010815
:10B370005C73010890F8281001F00801082907D132
:10B380000168496821F40041826B114302685160F1
:10B3900090F8281001F0010139B10168496821F4E1
:10B3A0000031C26A11430268516090F8281001F020
:10B3B0000201022907D10168496821F48031026B3A
:10B3C00011430268516090F8281001F0040104292B
:10B3D00007D10168496821F48021426B114302685A
:10B3E000516090F8281001F01001102907D1016870
:10B3F000896821F48051C26B11430268916090F812
:10B40000281001F02001202907D10168896821F462
:10B410000051026C11430268916090F8281001F00D
:10B420004001402913D10168496821F48011426C20
:10B43000114302685160416CB1F5801F07D101686A
:10B44000496821F4C001826C11430268516090F890
:10B45000281001F08001802907D10168496821F492
:10B460000021C26C114302685160704738B5044630
:10B470000020C4F89000F9F753F9054620680068E9
:10B4800000F00800082821D16FF07E402B460022F2
:10B490004FF400110090204600F078FFB0B100BFDB
:10B4A00000BF216851E8001F21F08000226842E8B7
:10B4B00000010029F5D100BF2020C4F8880000BF9A
:10B4C000002084F8840000BF032038BD2068006895
:10B4D00000F00400042830D16FF07E402B4600229B
:10B4E0004FF480010090204600F050FF28B300BFC9
:10B4F00000BF216851E8001F21F49070226842E8E3
:10B5000000010029F5D100BF00BF00BF216808314C
:10B5100051E8001F21F001002168083141E80002D4
:10B52000002AF3D100BF2020C4F88C0000BF002007
:10B5300084F8840000BF0320C7E72020C4F88800F7
:10B54000C4F88C000020E066206700BF84F8840007
:10B5500000BF00BFB9E770B50546AC6B0020A4F88A
:10B560005E00A4F856002046FDF7CDF870BD00003F
:10B5700000BF00BF026852E8002F22F490710368F8
:10B5800043E80012002AF5D100BF00BF00BF0268E7
:10B59000083252E8002F104B02EA03010268083219
:10B5A00042E80013002BF2D100BFC16E01290CD17B
:10B5B00000BF00BF026852E8002F22F010010368AC
:10B5C00043E80012002AF5D100BF2021C0F88C10FA
:10B5D0000021C16641677047FEFFFFEF10B50446CA
:10B5E00000BF00BF216851E8001F21F04000226821
:10B5F00042E800010029F5D100BF2020C4F88800EE
:10B600000020A0672046FDF731FE10BD2DE9F04176
:10B610000446B4F86070D4F88C0022286ED12068FB
:10B62000406A86B2A56D06EA07002880A06D801CDE
:10B63000A065B4F85E00401EA4F85E00B4F85E0099
:10B64000002861D100BF00BF216851E8001F21F42C
:10B650009070226842E800010029F5D100BF00BFC8
:10B6600000BF2168083151E8001F21F00100216866
:10B67000083141E80002002AF3D100BF2020C4F8BD
:10B680008C0000206067206720492068884211D024
:10B690002068406800F4000060B100BF00BF21686E
:10B6A00051E8001F21F08060226842E80001002973
:10B6B000F5D100BFE06E01281CD10020E06600BF7C
:10B6C00000BF216851E8001F21F01000226842E805
:10B6D00000010029F5D100BF2068C069C0F3001047
:10B6E00010B1102021680862B4F85C102046FCF705
:10B6F000A8FF09E02046FDF757FD05E020688069B6
:10B7000040F0080021688861BDE8F081000C005815
:10B710002DE9F84F0446B4F860B02068C569206888
:10B72000006800902068D0F808A0D4F88C00222887
:10B730007ED1B4F86890ADE02068406A1FFA80F8C6
:10B74000A76D08EA0B003880A06D801CA065B4F8D6
:10B750005E00401EA4F85E002068C56905F0070081
:10B76000B0B305F0010060B1009800F4807040B102
:10B77000012021680862D4F8900040F00100C4F86C
:10B78000900005F0020058B10AF0010040B102201B
:10B7900021680862D4F8900040F00400C4F89000DA
:10B7A00005F0040058B10AF0010040B104202168FE
:10B7B0000862D4F8900040F00200C4F89000D4F879
:10B7C000900028B12046FCF79EFF0020C4F89000AE
:10B7D000B4F85E0000285DD100BF00BF216851E8C9
:10B7E000001F21F48070226842E800010029F5D191
:10B7F00000BF00BF00BF2168083151E8001F404A68
:10B8000001EA02002168083141E80002002AF2D171
:10B8100000BF2020C4F88C000020606720673949F1
:10B820002068884213D02068406800F4000000E0DF
:10B830005DE060B100BF00BF216851E8001F21F04A
:10B840008060226842E800010029F5D100BFE06E67
:10B8500001281CD10020E06600BF00BF216851E82C
:10B86000001F21F01000226842E800010029F5D1F4
:10B8700000BF2068C069C0F3001010B1102021681B
:10B880000862B4F85C102046FCF7DBFE02E02046BC
:10B89000FDF78AFCB9F1000F04D005F02000002864
:10B8A0007FF44AAFB4F85E6006B3B4F86800B04203
:10B8B00023DD00BF00BF2168083151E8001F21F0DF
:10B8C00080502168083141E80002002AF3D100BF0E
:10B8D0000D48606700BF00BF216851E8001F41F0BC
:10B8E0002000226842E800010029F5D105E0206827
:10B8F000806940F0080021688861BDE8F88F000089
:10B90000FEFFFFEF000C00580DB6000870B50446AE
:10B91000B4F86060D4F88C0022286FD12068406AA7
:10B9200085B2F0B22840A16D0870A06D401CA065E2
:10B93000B4F85E00401EA4F85E00B4F85E00002873
:10B9400062D100BF00BF216851E8001F21F4907050
:10B95000226842E800010029F5D100BF00BF00BF06
:10B960002168083151E8001F21F0010021680831E9
:10B9700041E80002002AF3D100BF2020C4F88C0067
:10B9800000206067206721492068884211D0206824
:10B99000406800F4000060B100BF00BF216851E8BA
:10B9A000001F21F08060226842E800010029F5D1E3
:10B9B00000BFE06E01281CD10020E06600BF00BF80
:10B9C000216851E8001F21F01000226842E80001C0
:10B9D0000029F5D100BF2068C069C0F3001010B184
:10B9E000102021680862B4F85C102046FCF729FE9C
:10B9F0000AE02046FDF7D8FB06E0FFE720688069F3
:10BA000040F008002168886170BD0000000C0058FB
:10BA10002DE9F05F0446B4F860A02068C56920688D
:10BA2000D0F800B02068D0F80890D4F88C00222814
:10BA30007ED1B4F86880ACE02068406A87B20AF032
:10BA4000FF003840A16D0870A06D401CA065B4F8DF
:10BA50005E00401EA4F85E002068C56905F007007E
:10BA6000A8B305F0010058B10BF4807040B101207B
:10BA700021680862D4F8900040F00100C4F89000FA
:10BA800005F0020058B109F0010040B10220216820
:10BA90000862D4F8900040F00400C4F8900005F06B
:10BAA000040058B109F0010040B104202168086287
:10BAB000D4F8900040F00200C4F89000D4F8900050
:10BAC00028B12046FCF71FFE0020C4F89000B4F80F
:10BAD0005E0000285DD100BF00BF216851E8001F53
:10BAE00021F48070226842E800010029F5D100BFEE
:10BAF00000BF00BF2168083151E8001F3F4A01EA3A
:10BB000002002168083141E80002002AF2D100BF9A
:10BB10002020C4F88C000020606720673849206826
:10BB2000884213D02068406800F4000070B100E043
:10BB30005CE000BF00BF216851E8001F21F0806079
:10BB4000226842E800010029F5D100BFE06E01281B
:10BB50001CD10020E06600BF00BF216851E8001F33
:10BB600021F01000226842E800010029F5D100BF51
:10BB70002068C069C0F3001010B11020216808626D
:10BB8000B4F85C102046FCF75CFD02E02046FDF7AF
:10BB90000BFBB8F1000F04D005F0200000287FF463
:10BBA0004BAFB4F85E6006B3B4F86800B04223DD72
:10BBB00000BF00BF2168083151E8001F21F080500C
:10BBC0002168083141E80002002AF3D100BF0D4886
:10BBD000606700BF00BF216851E8001F41F02000EE
:10BBE000226842E800010029F5D105E0206880695B
:10BBF00040F0080021688861BDE8F09FFEFFFFEF7C
:10BC0000000C00580DB900082DE9F04F89B0054629
:10BC100000200890F8492868884200D100E000BF61
:10BC20002969A868084369690843E96940EA010885
:10BC300028680068F149084040EA0800296808605F
:10BC40002868406820F44050E96808432968486043
:10BC5000D5F81880E8492868884202D0286A40EA66
:10BC6000080828688068E649084040EA0800296812
:10BC700088602868C06A20F00F00696A0843296854
:10BC8000C86200BFDF492868884220D1DE480068CA
:10BC900000F03800182811D005DC48B1082809D078
:10BCA000102811D108E020280AD028280CD109E05A
:10BCB00001240BE0042409E0082407E0102405E037
:10BCC000202403E0402401E0802400BF42E1CF496A
:10BCD0002868884219D1CC48006800F0070006287F
:10BCE00010D2DFE800F0030507090B0D00240BE07C
:10BCF000042409E0082407E0102405E0202403E0E0
:10BD0000402401E0802400BF24E1C1492868884222
:10BD100019D1BD48006800F00700062810D2DFE8FE
:10BD200000F0030507090B0D00240BE0042409E0D3
:10BD3000082407E0102405E0202403E0402401E06B
:10BD4000802400BF06E1B3492868884219D1AE4873
:10BD5000006800F00700062810D2DFE800F00305B5
:10BD600007090B0D00240BE0042409E0082407E078
:10BD7000102405E0202403E0402401E0802400BFDB
:10BD8000E8E0A5492868884219D19F48006800F07A
:10BD90000700062810D2DFE800F0030507090B0DA5
:10BDA00000240BE0042409E0082407E0102405E047
:10BDB000202403E0402401E0802400BFCAE097492A
:10BDC0002868884220D19048006800F03800182880
:10BDD00011D005DC48B1082809D0102811D108E09D
:10BDE00020280AD028280CD109E001240BE00424E3
:10BDF00009E0082407E0102405E0202403E04024A3
:10BE000001E0802400BFA5E085492868884219D157
:10BE10007D48006800F00700062810D2DFE800F037
:10BE2000030507090B0D00240BE0042409E0082496
:10BE300007E0102405E0202403E0402401E08024F2
:10BE400000BF87E077492868884219D16E480068AA
:10BE500000F00700062810D2DFE800F0030507090C
:10BE60000B0D00240BE0042409E0082407E0102453
:10BE700005E0202403E0402401E0802400BF69E0C5
:10BE800069492868884220D15F48006800F038007E
:10BE9000182811D005DC48B1082809D0102811D184
:10BEA00008E020280AD028280CD109E001240BE062
:10BEB000042409E0082407E0102405E0202403E01E
:10BEC000402401E0802400BF44E0584928688842AB
:10BED00020D14D48006800F03800182811D005DC4A
:10BEE00048B1082809D0102811D108E020280AD02C
:10BEF00028280CD109E001240BE0042409E00824DF
:10BF000007E0102405E0202403E0402401E0802421
:10BF100000BF1FE03849286888421AD13A48001DFE
:10BF2000006800F00700062810D2DFE800F00305E3
:10BF300007090B0D02240BE0042409E0082407E0A4
:10BF4000102405E0202403E0402401E0802400BF09
:10BF500000E0802400BF2849286888424BD1102C7B
:10BF60001AD006DC022C09D0042C0BD0082C29D1C5
:10BF70000DE0202C21D0402C24D120E0F9F7DAFB71
:10BF8000064623E005A8F9F7E7FB069E1EE002A897
:10BF9000F9F7FAFC039E19E01B4854380068C0F317
:10BFA000401040B1184854380068C0F3C10120481F
:10BFB00020FA01F600E01E4E08E01E4E06E04FF4A7
:10BFC000004603E000260120089000BF00BF002EBD
:10BFD00010D01949686A31F81000B6FBF0F96868AA
:10BFE00000EB4000484503D868680003484525D267
:10BFF0000120089007E153E0000C0058F369FFCFDF
:10C00000FFF4FF1100100140544402580044004066
:10C0100000480040004C0040005000400014014027
:10C0200000780040007C004000180140001C0140E6
:10C030000090D00300093D003C7301087849686A0C
:10C0400031F810C06246002330461946F4F7CEF9A5
:10C050004FF4807C00220346A3FB0C0B01FB0CB1C8
:10C0600003FB02136968490884461CEB010143EB9A
:10C070000200CDE90010D5F804C06246002308464E
:10C080000199F4F7B3F90746B7F5407F05D3B7F543
:10C09000801F02D22868C760B5E001200890B2E096
:10C0A000E869B0F5004F5BD1082C1AD005DC5CB113
:10C0B000012C0DD0042C2DD10EE0102C16D0202CEC
:10C0C00023D0402C26D122E0FAF790FD064625E049
:10C0D000FAF79EFD064621E005A8F9F73DFB069E0E
:10C0E0001CE002A8F9F750FC039E17E04D480068D9
:10C0F000C0F3401038B14B480068C0F3C1014A4852
:10C1000020FA01F600E0484E08E0484E06E04FF401
:10C11000004603E000260120089000BF00BF7EB368
:10C120003F49686A31F81000B6FBF0F040006968DA
:10C1300000EB5100B0FBF1F7102F0ED3B7F5803FA5
:10C140000BD24FF6F07007EA000AC7F342004AEA42
:10C15000000A2868C0F80CA055E00120089052E0C1
:10C16000082C1BD005DC64B1012C0ED0042C2ED180
:10C170000FE0102C17D0202C24D0402C27D123E006
:10C1800041E0FAF733FD064625E0FAF741FD0646A1
:10C1900021E005A8F9F7E0FA069E1CE002A8F9F7ED
:10C1A000F3FB039E17E01F480068C0F3401038B14E
:10C1B0001C480068C0F3C1011B4820FA01F600E0EA
:10C1C000194E08E0194E06E04FF4004603E0002641
:10C1D0000120089000BF00BFAEB11149686A31F874
:10C1E0001000B6FBF0F0696800EB5100B0FBF1F70E
:10C1F000102F06D3B7F5803F03D2B8B22968C860C4
:10C2000001E0012008900120A5F86A00A5F8680067
:10C2100000206867A867089809B0BDE8F08F0000A3
:10C220003C730108004402580090D00300093D000F
:10C2300030B503469965A3F85C20A3F85E20002082
:10C24000586700BF9868B0F5805F0AD1186920B9B7
:10C2500040F2FF10A3F8600020E0FF20A3F8600088
:10C260001CE0986848B9186918B9FF20A3F8600065
:10C2700014E07F20A3F8600010E09868B0F1805FC0
:10C2800009D1186918B97F20A3F8600006E03F20A3
:10C29000A3F8600002E00020A3F8600000BF0020C7
:10C2A000C3F890002220C3F88C0000BF00BF1C68B8
:10C2B000083454E8004F44F001001C68083444E896
:10C2C0000005002DF3D100BF586EB0F1005F2CD1F6
:10C2D000B3F86800904228DC9868B0F5805F04D11C
:10C2E000186910B92548586701E02548586718694A
:10C2F00060B100BF00BF1C6854E8004F44F4807078
:10C300001D6845E80004002CF5D100BF00BF00BF48
:10C310001C68083454E8004F44F080501C6808340E
:10C3200044E80005002DF3D126E09868B0F5805F61
:10C3300004D1186910B91348586701E012485867CA
:10C34000186960B100BF00BF1C6854E8004F44F496
:10C3500090701D6845E80004002CF5D10CE000BF8A
:10C3600000BF1C6854E8004F44F020001D6845E8F9
:10C370000004002CF5D100BF002030BD11B700082B
:10C3800011BA00080DB600080DB900082DE9F041FA
:10C3900004460D4617469846069E41E0701C00284C
:10C3A0003ED0F8F7BDF9A0EB0800B04200D816B9AE
:10C3B0000320BDE8F0812068006800F0040070B33D
:10C3C000802D2DD0402D2BD02068C069C0F3C00037
:10C3D00078B10820216808622046FFF7C9F80820D4
:10C3E000C4F8900000BF002084F8840000BF012042
:10C3F000DFE72068C069C0F3C02080B14FF400605F
:10C40000216808622046FFF7B3F82020C4F89000A6
:10C4100000BF002084F8840000BF0320C9E7FFE7C5
:10C420002068C0692840A84201D1012000E0002016
:10C43000B842B3D00020BCE710B50848007818B95E
:10C4400007A10948F4F775F804480078012803D1DA
:10C4500006A10548F4F76DF810BD0000F0030020B8
:10C460004E4F524D414C0000673E002443555354FB
:10C470004F4D000010B50848FCF746F90749084839
:10C4800008F034F8FF2205490348FCF7AAF80548EC
:10C4900005F0F8FD10BD0000100B00243B0E00203D
:10C4A000F42C0024883C002410B50248FCF72CF939
:10C4B00010BD0000E809002410B50248FCF724F97B
:10C4C00010BD00007C0A00242DE9F04104460D4611
:10C4D000D4F8C87204F53070D4F8D41250F82100A2
:10C4E00010B90320BDE8F08104F53070D4F8D412FF
:10C4F00050F8216005F00F0000EB800104F11400FA
:10C5000000EB8100406838B305F00F0000EB8001BC
:10C5100004F1140000EB8100416805F00F0000EB0E
:10C52000C00207F1140000EB82008068B1FBF0F25A
:10C5300000FB121080B9002105F00F0000EB800213
:10C5400004F1140000EB8200416000231A462946E2
:10C55000204601F056F917E00020C6F8140204F551
:10C560003170D4F8D41250F82100006960B1D6F8C7
:10C57000080204F53171D4F8D42251F822102A4669
:10C580000B6906F5047198470020ABE770B50446C7
:10C590000E4604F53070D4F8D41250F82150D4F877
:10C5A000D41250F8210008B9032070BD314620464E
:10C5B00000F07AFFC5F80C02D5F8040204F53171D9
:10C5C000D4F8D43251F82310CA6805F503719047A6
:10C5D0000020EAE770B504460D4630480178204651
:10C5E00000F034FE00212D48007800F00F0000EB31
:10C5F000800204F1140000EB8200018228480178D7
:10C60000204600F023FE00212548007800F00F00AE
:10C6100000EB800204F5AA7000EB82000182214841
:10C620000178204600F012FE00211E48007800F03C
:10C630000F0000EB800204F1140000EB8200018285
:10C640001848007800F00F0000EB800204F114009D
:10C6500000EB8200418204F53070D4F8D41250F817
:10C660002100C8B104F53171D4F8D42251F8221058
:10C670004868804704F53071D4F8D42251F822007C
:10C6800001F0E8FB002104F53070D4F8D42240F822
:10C6900022100020C4F8BC02002070BDAB000024B2
:10C6A000AC000024AD00002470B5044604F53070E1
:10C6B000D4F8D41250F821500DB9032070BD04F500
:10C6C0003170D4F8D41250F8210098B195F80002D6
:10C6D000FF280FD095F8012295F8000204F531717A
:10C6E000D4F8D46251F826108B6829469847FF2069
:10C6F00085F800020020E1E701460A200880014891
:10C7000070470000240000242DE9F04104468221F6
:10C710000D4800F02FFC054601210B4800F02AFCD3
:10C7200006468121084800F025FC07460DB110207F
:10C73000A8710EB14020B0800FB14020B8804320D6
:10C7400020800148BDE8F081680000242DE9F04117
:10C75000044682210E4800F00DFC054601210C48DC
:10C7600000F008FC06468121094800F003FC07465A
:10C770000DB11020A87116B14FF40070B08017B140
:10C780004FF40070B880432020800148BDE8F0815C
:10C79000680000242DE9F041044682210D4800F094
:10C7A000E9FB054601210B4800F0E4FB0646812128
:10C7B000084800F0DFFB07460DB11020A8710EB14C
:10C7C0004020B0800FB14020B88043202080014835
:10C7D000BDE8F0816800002470B504460E464FF4B1
:10C7E000077001F039FB054645B9002104F53070AA
:10C7F000D4F8D42240F82210022070BD4FF4077103
:10C800002846F3F750FF04F53070D4F8D41240F8FE
:10C810002150D4F8D41250F82100C4F8BC02207C76
:10C8200098BB4FF40073022250480178204600F074
:10C83000E1FE01214D48007800F00F0000EB80027E
:10C8400004F1140000EB820001824B0202224848EE
:10C850000178204600F0CEFE01214548007800F026
:10C860000F0000EB800204F5AA7000EB8200018249
:10C8700010214048007800F00F0000EB800204F126
:10C88000140000EB8200418232E0FFE740230222E5
:10C8900036480178204600F0ADFE0121334800788B
:10C8A00000F00F0000EB800204F1140000EB8200A6
:10C8B0000182402302222E480178204600F09AFE91
:10C8C00001212B48007800F00F0000EB800204F5F6
:10C8D000AA7000EB8200018210212648007800F047
:10C8E0000F0000EB800204F1140000EB8200418293
:10C8F000082303221F480178204600F07BFE012117
:10C900001C48007800F00F0000EB800204F11400D6
:10C9100000EB820001820020C5F8040204F53171A9
:10C92000D4F8D42251F82210086880470020C5F8B6
:10C930001402C5F81802D5F8040208B902205CE711
:10C94000207C48B94FF40073094801782046D5F897
:10C95000042200F067FE07E04023054801782046E6
:10C96000D5F8042200F05EFE002046E7AB0000246C
:10C97000AC000024AD00002470B5044604F530700E
:10C98000D4F8D41250F82150D4F8D41250F8210021
:10C9900008B9032070BD207C48B94FF400730948E2
:10C9A00001782046D5F8042200F03CFE07E0402341
:10C9B000044801782046D5F8042200F033FE002018
:10C9C000E8E70000AC000024024609B903207047E4
:10C9D00002F53170D2F8D43240F823100020F6E787
:10C9E00010B5024602F53070D2F8D44250F8243027
:10C9F0000BB9032010BDC3F804120020FAE730B5CC
:10CA000003460C4603F53070D3F8D45250F8251085
:10CA100009B9032030BDC1F80842C1F81022002036
:10CA2000F8E72DE9FC4105460C4605F53070D5F8D0
:10CA3000D41250F82160002001900090804616B971
:10CA40000320BDE8FC81207800F0600000283DD084
:10CA500020287CD1E08868B3207800F08000B8B14D
:10CA6000E288607805F53171D5F8D4C251F82C1000
:10CA70008B6831469847E088072801D9072000E0F5
:10CA8000E08807463A463146284600F011F91CE096
:10CA9000607886F80002E088402801D2E08800E053
:10CAA000402086F8010296F801223146284600F01F
:10CAB000DEF80AE0607805F53171D5F8D42251F836
:10CAC000221000228B682146984747E0607830B1F9
:10CAD000012832D00A2813D00B282FD121E095F855
:10CAE0009C02032805D102226946284600F0E0F89E
:10CAF00005E02146284600F0AEF84FF0030824E098
:10CB000095F89C02032805D1012201A9284600F0CE
:10CB1000CFF805E02146284600F09DF84FF00308C5
:10CB200013E095F89C02032805D02146284600F022
:10CB300092F84FF0030808E009E006E02146284695
:10CB400000F089F84FF0030800BF00BF06E021465F
:10CB5000284600F080F84FF0030800BF00BF4046B1
:10CB60006FE7000070B5054605F53070D5F8D412B2
:10CB700050F8214001260CB9032070BDD4F81402EE
:10CB8000C8B90120C4F814020C48007800F00F0066
:10CB900000EB800205F1140000EB8200D4F81012C3
:10CBA0004160064801782846D4F81032D4F80822AB
:10CBB00000F027FE00263046DFE70000AB0000242F
:10CBC00070B504460D460026D4F8B80229464268DE
:10CBD0002046904700B10326304670BD70B504462C
:10CBE0000D4694F89C02012804D0022803D00328A3
:10CBF0000CD101E000BF00BF6888012805D10020EA
:10CC0000C4F8A402204600F064F804E02946204657
:10CC100000F021F800BF00BF70BD02460020704741
:10CC200002460020704770B506460C4615462B4656
:10CC300022460021304600F0F5FC002070BD70B5A2
:10CC400006460C4615462B4622460021304600F08B
:10CC5000D8FD002070BD70B504460D4680212046E9
:10CC600000F09FFD0021204600F09BFD70BD70B5D7
:10CC700004460E4615460320C4F894024FF4AC70E7
:10CC80000551001D05512B4632460021204600F07B
:10CC9000C9FC002070BD10B504460520C4F89402FC
:10CCA00000231A461946204600F0BCFC002010BDA7
:10CCB00070B504460E4615460220C4F89402A561DC
:10CCC000E5612B4632460021204600F09AFD002007
:10CCD00070BD10B504460420C4F8940200231A461F
:10CCE0001946204600F08DFD002010BD70B50446A9
:10CCF0000D46E888012804D029462046FFF7ABFFFF
:10CD00001EE094F89C02012804D0022803D00328D6
:10CD100010D109E000BF0020A060012204F1080149
:10CD20002046FFF7C5FF0AE00122211D2046FFF73C
:10CD3000BFFF04E029462046FFF78DFF00BF00BF7C
:10CD400070BDF8B504460E4600200090002700256F
:10CD500070880012062874D006DC01281BD0022837
:10CD600021D003286ED132E007286CD00F28F9D1EA
:10CD7000D4F8B402C06938B1207CD4F8B412CA69BE
:10CD800069469047074605E031462046FFF763FFB6
:10CD9000681CC5B2CBE0207CD4F8B4120A6869469E
:10CDA00090470746C3E0207C40B9D4F8B802816AB6
:10CDB0006846884707460220787007E0D4F8B80232
:10CDC000C16A68468847074602207870AFE0B078AD
:10CDD00006287AD2DFE800F00316293F5265D4F81E
:10CDE000B402406838B1207CD4F8B4124A6869466D
:10CDF0009047074605E031462046FFF72CFF681CA8
:10CE0000C5B269E0D4F8B402806838B1207CD4F8A7
:10CE1000B4128A6869469047074605E031462046C5
:10CE2000FFF719FF681CC5B256E0D4F8B402C06819
:10CE300050B1207CD4F8B412CA68694690470746BE
:10CE400008E04BE06CE059E031462046FFF703FF75
:10CE5000681CC5B240E0D4F8B402006938B1207C47
:10CE6000D4F8B4120A6969469047074605E031468E
:10CE70002046FFF7F0FE681CC5B22DE0D4F8B402DE
:10CE8000406938B1207CD4F8B4124A6969469047A9
:10CE9000074605E031462046FFF7DDFE681CC5B2B7
:10CEA0001AE0D4F8B402806940B1207CD4F8B412FE
:10CEB0008A6969469047074606E006E03146204603
:10CEC000FFF7C9FE681CC5B206E031462046FFF7F1
:10CED000C2FE681CC5B200BF00BF28E0207C30B98C
:10CEE000D4F8B802416B68468847074605E03146EA
:10CEF0002046FFF7B0FE681CC5B218E0207C40B9A0
:10CF0000D4F8B802016B6846884707460720787056
:10CF100005E031462046FFF79EFE681CC5B206E0DC
:10CF200031462046FFF797FE681CC5B200BF00BF20
:10CF300005B1F8BDF088C0B1BDF8000080B1F0883F
:10CF4000BDF80010884202DDBDF8000000E0F08866
:10CF50000090BDF8002039462046FFF7A9FE07E003
:10CF600031462046FFF777FE02E02046FFF7B1FE8C
:10CF700000BFDEE72DE9F84105460F462C462E4658
:10CF80004FF0000870883178884218DD30780090C2
:10CF90000FE06946204600F020F804466078052836
:10CFA00007D1A04698F80200B84200D106E04FF041
:10CFB00000087088BDF800108842EADC00BF4046D7
:10CFC000BDE8F881014600200A4602E0431CD8B2C1
:10CFD000521C1378002BF9D1704710B50246104649
:10CFE0000B88047823440B800378981810BD70B523
:10CFF00004460D4694F89C02012804D0022803D070
:10D0000003281AD101E000BF00BFE888022804D03D
:10D0100029462046FFF71FFE14E00120E060D4F807
:10D02000A40218B1E06840F00200E060022204F1BE
:10D030000C012046FFF73CFE04E029462046FFF79E
:10D040000AFE00BF00BF70BD2DE9F04107460D4646
:10D05000904600240FB9BDE8F0813E463046FFF708
:10D06000B1FF022101EB4000B0F5007F01D90802B9
:10D0700004E03046FFF7A6FF4000801CA8F800003F
:10D0800098F800002855601CC4B203202855601C85
:10D09000C4B208E030782855761C601CC4B2002069
:10D0A0002855601CC4B230780028F3D100BFD2E705
:10D0B0000146002031B1012906D0022906D00329FA
:10D0C00008D105E0002007E0032005E0012003E08F
:10D0D000032001E0032000BF00BF704770B5054684
:10D0E0000C462DB92246064906A0FFF7ADFF04E025
:10D0F0002246034903A0FFF7A7FF014870BD0000C7
:10D10000640F002443444320436F6E666967000048
:10D1100002461220088001487047000024000020C9
:10D1200070B505460C462DB92246064906A0FFF704
:10D130008BFF04E02246034903A0FFF785FF014867
:10D1400070BD0000640F002443444320496E7465A1
:10D150007266616365000000024604200880014891
:10D16000704700004400002070B505460C4622467A
:10D17000024903A0FFF768FF004870BD640F002458
:10D1800053544D6963726F656C656374726F6E6939
:10D190006373000070B505460C462DB9224606495A
:10D1A00006A0FFF751FF04E02246034903A0FFF762
:10D1B0004BFF014870BD0000640F002453544D33F1
:10D1C00032205669727475616C20436F6D506F72B6
:10D1D0007400000070B505460C461A202080F4F754
:10D1E0001BFE014870BD0000480000202DE9F04101
:10D1F00004460D46164614B90320BDE8F081002010
:10D20000C4F8B802C4F8C402C4F8D0020DB1C4F81E
:10D21000B452012084F89C022670204600F04EF99A
:10D2200007463846E9E72DE9F04104460D46002659
:10D2300000272946D4F8C802F7F71DFC06463046F9
:10D24000FFF736FF07463846BDE8F0812DE9F0418B
:10D2500004460D46002600272946D4F8C802F7F7F1
:10D26000D5FB06463046FFF723FF07463846BDE8A4
:10D27000F0812DE9F04704460F469146002F56D124
:10D2800004F11405D4F89402022846D1D5E902012C
:10D2900088420FD9D5E90201401AA86049462046C4
:10D2A000AA68FFF7CCFC00231A461946204600F076
:10D2B000B9F932E0D5E90210884217D1E968686807
:10D2C000884213D36868D4F8981288420ED200229C
:10D2D00011462046FFF7B3FC0020C4F89802002353
:10D2E0001A461946204600F09DF916E094F89C0273
:10D2F00003280BD1D4F8B802C06838B10020C4F8B4
:10D30000D402D4F8B802C16820468847802120465C
:10D3100000F047FA2046FFF7BEFC94F8A00250B395
:10D32000204600F0C5FA002084F8A00223E047F070
:10D3300080012046FFF771FC0646FF2E1BD0D6B9B0
:10D3400094F89C02032816D104F52E7050F826009C
:10D35000406980B1C4F8D46204F52E7050F82600FC
:10D3600039464269204690478046B8F1000F02D006
:10D370004046BDE8F0870020FBE72DE9F047054671
:10D380000F4690464FF00009002F51D105F5AA76BF
:10D39000D5F8940203286FD1D6E90201884210D94A
:10D3A000D6E90201401AB060D6E90201884201D2F2
:10D3B000B06800E0F068024641462846FFF733FCBB
:10D3C0005AE095F8AA0200F01F0020B1012804D00D
:10D3D000022812D109E0002411E040F2AE20415DA4
:10D3E0002846FFF71DFC044609E040F2AE20415DEF
:10D3F0002846FFF712FC044601E0002400BF00BFEE
:10D4000094B995F89C0203280ED105F52E7050F8BA
:10D410002400006940B1C5F8D44205F52E7050F8DB
:10D4200024000169284688472846FFF752FC23E07C
:10D4300007F07F012846FFF7F0FB0446FF2C1BD0C6
:10D44000D4B995F89C02032810D105F52E7050F838
:10D450002400806950B1C5F8D44205F52E7050F80B
:10D46000240039468269284690478146B9F1000F69
:10D4700002D04846BDE8F0870020FBE701460020C7
:10D48000704770B504460025012084F89C02D4F84A
:10D49000B80238B12179D4F8B802426820469047E2
:10D4A00000B10325284670BD70B504460D462946D7
:10D4B000D4F8C802F7F71DFB70BD000010B5044694
:10D4C000207801282CD11748C0F8E044C4F8C802DD
:10D4D0001548144908600920087102211148C171DA
:10D4E000002181710221417200218172C172017398
:10D4F0008173C1730174F7F772FF08B1F4F709F98A
:10D500004FF400710748F7F706FA8022002105481A
:10D51000F7F706FA4FF4BA7201210248F7F700FA5A
:10D52000002010BD642100240000044010B5024614
:10D53000D2F8C83201F08000802809D101F07F00C4
:10D5400000EBC00403F1140000EB8400807810BDF0
:10D5500001F07F0000EBC00403F5157000EB8400C0
:10D560008078F4E770B504460D4604F52E70D4F8C3
:10D57000D41250F8210008B9032070BD94F89C0221
:10D58000032811D104F52E70D4F8D41250F82100DC
:10D59000006A48B104F52E70D4F8D41250F8210076
:10D5A0002946026A204690470020E6E770B5044607
:10D5B0000D4604F52E70D4F8D41250F8210008B9A5
:10D5C000032070BD94F89C02032811D104F52E703D
:10D5D000D4F8D41250F82100406A48B104F52E70F6
:10D5E000D4F8D41250F821002946426A20469047C8
:10D5F0000020E6E72DE9F04704460F4615461E4693
:10D600004FF00008C1462B4632463946D4F8C802CE
:10D61000F7F77AFA80464046FFF74AFD81464846CA
:10D62000BDE8F0872DE9F04704460D4616461F4633
:10D630004FF00008C1463B4632462946D4F8C8029E
:10D64000F7F7A8FA80464046FFF732FD8146484684
:10D65000BDE8F08770B504460025012084F89C02DF
:10D660000020C4F894026060C4F8A40284F8A00208
:10D67000D4F8B80258B1D4F8B802406838B121796A
:10D68000D4F8B80242682046904700B103254023F1
:10D69000002211462046FFF7ADFF01214FF4B27082
:10D6A00001534021001F01514023002280212046C8
:10D6B000FFF7A0FF0121A18440212162284670BD0F
:10D6C000014691F89C02042803D191F89D0281F84B
:10D6D0009C020020704710B5044694F89C02032871
:10D6E0000BD1D4F8B80240B1D4F8B802C06920B167
:10D6F000D4F8B802C16920468847002010BD024610
:10D700001174002070472DE9F04104460D460026B3
:10D7100000272946D4F8C802F7F76EFF06463046C0
:10D72000FFF7C6FC07463846BDE8F08170B50446F1
:10D730000D46294604F2AA2000F07BF80120C4F827
:10D7400094024FF42C70005BC4F8980294F8AA027B
:10D7500000F01F0020B1012809D0022815D10DE0EA
:10D7600004F2AA21204600F087F9064616E004F2EA
:10D77000AA21204600F017FB06460FE004F2AA217A
:10D78000204600F0D0F9064608E094F8AA0200F01E
:10D790008001204600F005F8064600BF00BF304675
:10D7A00070BD2DE9F04104460D46002600272946AC
:10D7B000D4F8C802F7F711FA06463046FFF778FCAE
:10D7C00007463846BDE8F08170B5044600250026BE
:10D7D000D4F8C802F7F733FF05462846FFF768FC80
:10D7E0000646304670BD014691F89C02042803D0DD
:10D7F00091F89C0281F89D02042081F89C0200208F
:10D8000070472DE9F04704460D4616461F464FF077
:10D810000008C1463B4632462946D4F8C802F7F70D
:10D8200021FA80464046FFF743FC81464846BDE862
:10D83000F08770B505460E46344620782870641C83
:10D8400020786870641C2046FDF7E5F96880641C48
:10D85000641C2046FDF7DFF9A880641C641C204688
:10D86000FDF7D9F9E88070BD38B504460D460020B3
:10D8700000900DB9032038BDC4F8B85204F52E70DD
:10D88000D4F8D41250F82100C06A50B104F52E70BB
:10D89000D4F8D42250F82200C16A68468847C4F8F8
:10D8A000D002D4F8D802401CC4F8D8020020E2E725
:10D8B00001460020704770B504460D46A88810BB8D
:10D8C000E88800BB688880281DD2A87800F07F0611
:10D8D00094F89C02032804D129462046FFF7BBF99F
:10D8E00015E084F89E6231462046FFF70CFF204683
:10D8F000FFF7EFF91EB1022084F89C0207E0012037
:10D9000084F89C0203E029462046FFF7A4F970BD85
:10D9100070B504460D460026D4F8B80230B1D4F8EC
:10D92000B80229460268204690470646304670BD38
:10D9300070B504460E460025B0783D49087008468B
:10D940000078012805D931462046FFF784F90320E5
:10D9500070BD94F89C02022802D0032859D11FE020
:10D9600033480078C0B132480078606030480178B0
:10D970002046FFF7CDFF05463DB131462046FFF773
:10D980006AF9022084F89C0209E02046FFF7A1F919
:10D99000032084F89C0202E02046FFF79AF943E056
:10D9A0002348007870B9022084F89C02204800784F
:10D9B00060601F4801782046FFF702F92046FFF714
:10D9C00088F925E01A490978606888421DD02179D4
:10D9D0002046FFF7F5F81648007860601448017893
:10D9E0002046FFF795FF05465DB131462046FFF71B
:10D9F00032F921792046FFF7E3F8022084F89C02EF
:10DA000006E02046FFF765F902E02046FFF761F9DE
:10DA10000AE031462046FFF71EF905480178204606
:10DA2000FFF7CEF8032500BF00BF284690E70000AF
:10DA30007800002070B505460C466088012805D1A5
:10DA4000C5F8A4022846FFF744F90EE060880228D2
:10DA500007D1A088001285F8A0022846FFF739F9FF
:10DA600003E021462846FFF7F6F870BD10B50446DE
:10DA70002046FFF7A9FE10BD70B504460D460026EE
:10DA8000287800F0600088B1202802D0402842D1D8
:10DA900000E000BF04F52E70D4F8D41250F8210035
:10DAA0002946826820469047064639E068780A2869
:10DAB0002AD2DFE800F01A24291F290A0529150FA8
:10DAC00029462046FFF73DF923E029462046FFF787
:10DAD000F2FE1EE029462046FFF72AFF064618E020
:10DAE00029462046FFF702F913E029462046FFF7B2
:10DAF0007EFA0EE029462046FFF79CFF09E0294602
:10DB00002046FFF76BF804E029462046FFF7A3F80C
:10DB100000BF00BF04E029462046FFF79CF800BF85
:10DB200000BF304670BD2DE9F04705460F464FF067
:10DB300000093C79387800F06000F8B1202802D064
:10DB400040287DD100E000BF21462846FFF765F858
:10DB50000646FF2E11D086B9C5F8D46205F52E70A1
:10DB600050F82600806840B105F52E7050F8260068
:10DB70003946826828469047814610E17878002827
:10DB80007AD001282FD003286ED195F89C02022864
:10DB900002D0032820D110E054B1802C08D02146B7
:10DBA0002846FFF7FEFD80212846FFF7FAFD03E037
:10DBB00039462846FFF74FF813E0788840B93CB162
:10DBC000802C05D0F88818B921462846FFF7E9FDD2
:10DBD0002846FFF77EF804E039462846FFF73BF871
:10DBE00000BF00BFD4E095F89C02022802D00328B1
:10DBF0003BD110E054B1802C08D021462846FFF7D5
:10DC0000D0FD80212846FFF7CCFD03E039462846A9
:10DC1000FFF721F82EE0788820BB04F07F0018B1D0
:10DC200021462846FFF7FFFA2846FFF752F821461B
:10DC30002846FEF7F2FF0646FF2E13D096B900E005
:10DC4000A8E0C5F8D46205F52E7050F8260080686B
:10DC500040B105F52E7050F82600394682682846F6
:10DC60009047814606E007E08DE039462846FEF7FA
:10DC7000F2FF00BF00BF8BE095F89C02022802D0A3
:10DC8000032879D126E034B1802C04D039462846C7
:10DC9000FEF7E1FF75E004F08000802808D104F071
:10DCA0007F0000EB800105F1140000EB810007E02C
:10DCB00004F07F0000EB800105F5AA7000EB810005
:10DCC00080460020C8F80000022241462846FEF7A0
:10DCD000EFFF56E004F0800080280ED104F00F0022
:10DCE00000EB800105F1140000EB8100008A98B977
:10DCF00039462846FEF7AFFF43E004F00F0000EB83
:10DD0000800105F5AA7000EB8100008A20B9394630
:10DD10002846FEF7A0FF34E004F08000802808D1F8
:10DD200004F07F0000EB800105F1140000EB81009E
:10DD300007E004F07F0000EB800105F5AA7000EB1E
:10DD4000810080460CB1802C03D10020C8F800006F
:10DD50000CE021462846FFF7E9FB20B10120C8F876
:10DD6000000003E008E00020C8F80000022241465D
:10DD70002846FEF79DFF04E039462846FEF76BFF74
:10DD800000BF00BF04E039462846FEF764FF00BF2D
:10DD900000BF04E039462846FEF75DFF00BF00BF24
:10DDA0004846BDE8F0872DE9F04105460E460027BC
:10DDB000307800F0600030B1202802D0402840D1F7
:10DDC00000E000BF00BF95F89C02012804D00228A3
:10DDD00003D003282ED101E000BF00BF3079012815
:10DDE00023D831792846FEF71BFF0446FF2C14D0B8
:10DDF0009CB905F52E7050F82400806858B1C5F81C
:10DE0000D44205F52E7050F8240031468268284629
:10DE10009047074602E0032700E00327F08840B957
:10DE20003FB92846FEF755FF03E031462846FEF786
:10DE300012FF04E031462846FEF70DFF00BF00BF89
:10DE400004E031462846FEF706FF00BF00BF384613
:10DE5000BDE8F081704700000146014870470000AE
:10DE60004826002470B504460B4622461978587897
:10DE700001282CD140F61C0080581D7805F00F06B3
:10DE80000125B540ADB2284340F61C05A85002F567
:10DE9000106000EB4110006800F40040F0BB1889EE
:10DEA000C0F30A001D7940EA854040EA815040F005
:10DEB000805040F4004002F5106505EB41152D68D7
:10DEC000284302F5106505EB411528602DE040F66A
:10DED0001C0080581D7805F00F060125B540144E32
:10DEE00006EA0545284340F61C05A85002F53060B7
:10DEF00000EB4110006800F4004078B91889C0F3C5
:10DF00000A001D7940EA854040F0805040F400400E
:10DF100002F5306505EB41152D6800E005E028436A
:10DF200002F5306505EB41152860002070BD00004A
:10DF30000000FFFF01460A464FF410608058C30AF4
:10DF4000DB024FF41060835040F60400805840F428
:10DF5000807340F604008350002070470FB470B502
:10DF600004469DF81900012818D1A06B20F48030D8
:10DF7000A063E0681F490840E060E06820F44010BA
:10DF8000E0609DF82000012803D1E06840F4801093
:10DF9000E060204600F032F8054613E0E06840F00B
:10DFA0004000E060204600F029F805469DF81D007D
:10DFB00020B9A06B40F48030A06303E0A06B20F494
:10DFC0008030A0639DF8160001280ED1E06D80B26C
:10DFD000E065E06D08490843E065A06840F0060090
:10DFE000A060A06840F02000A060284670BC5DF8EA
:10DFF00014FB0000BFFFBDFF0000EE0308B50146A3
:10E000000020009000BF0098401C00900098B0F1E4
:10E01000706F01D9032008BD086900F00040002896
:10E02000F1D000200090086940F00100086100BFB5
:10E030000098401C00900098B0F1706F01D9032047
:10E04000E9E7086900F001000028F1D100BFE2E72C
:10E0500070B504460B46224619785878012848D1F5
:10E0600002F5106000EB4110006800F00040B0F1D4
:10E07000004F17D102F5106000EB4110006840F02E
:10E08000006502F5106000EB4110056002F51060BC
:10E0900000EB4110006840F0804502F5106000EB95
:10E0A0004110056040F63C0080581D7805F00F06D1
:10E0B0000125B540ADB2A84340F63C05A85040F656
:10E0C0001C0080581D7805F00F060125B540ADB243
:10E0D000A84340F61C05A85002F5106000EB411063
:10E0E00000682B4D284002F5106505EB41152860AE
:10E0F0004BE002F5306000EB4110006800F000409A
:10E10000B0F1004F17D102F5306000EB411000680C
:10E1100040F0006502F5306000EB4110056002F54B
:10E12000306000EB4110006840F0804502F530603F
:10E1300000EB4110056040F63C0080581D7805F06A
:10E140000F060125B540134E06EA0545A84340F6E3
:10E150003C05A85040F61C008558187800F00F06C2
:10E160000120B0400B4E06EA0040854340F61C00FB
:10E17000855002F5306000EB41100068064D2840E4
:10E1800002F5306505EB41152860002070BD0000E8
:10E19000007833EC0000FFFF0078F3EF01460A46F9
:10E1A000D2F8000E20F00300C2F8000E40F6040082
:10E1B000805820F0020340F604008350002070478E
:10E1C00001460A46D2F8000E20F00300C2F8000E05
:10E1D00040F60400805840F0020340F604008350EB
:10E1E000002070470FB4F0B5054600272E460024E6
:10E1F00005E0002105F5827040F82410641C0F2C06
:10E20000F7D39DF82200A0B940F60400805940F0F1
:10E21000020140F604008151A86B20F40010A863AD
:10E22000286840F040002860286840F0800028609E
:10E2300003E0A86B40F40010A8630020C6F8000EAD
:10E240009DF81D0001280CD19DF81B0020B900216C
:10E25000284600F004FD08E00121284600F0FFFCFC
:10E2600003E00321284600F0FAFC1021284600F0C4
:10E27000FCFB00B10127284600F0CFFB00B10127CD
:10E2800000214FF401608151001D815140F61C00B6
:10E29000815100242EE006F5106000EB4410006868
:10E2A00000F00040B0F1004F10D13CB94FF00061D8
:10E2B00006F5106000EB441001600DE04FF0904156
:10E2C00006F5106000EB4410016005E0002106F542
:10E2D000106000EB44100160002106F5106000EBB7
:10E2E000441001614FF67F3106F5106000EB4410D9
:10E2F0008160641C9DF81800A042CCD800242EE058
:10E3000006F5306000EB4410006800F00040B0F10A
:10E31000004F10D13CB94FF0006106F5306000EBC2
:10E32000441001600DE04FF0904106F5306000EBC5
:10E330004410016005E0002106F5306000EB441058
:10E340000160002106F5306000EB441001614FF6DA
:10E350007F3106F5306000EB44108160641C9DF84D
:10E360001800A042CCD84FF40160805920F480718D
:10E370004FF4016081510020A8616FF08040686116
:10E380009DF81A0018B9A86940F01000A861A869A2
:10E390000A490843A8619DF81E0018B1A86940F019
:10E3A0000800A8619DF82200012803D1A86904494A
:10E3B0000843A8613846F0BC5DF814FB00383C8087
:10E3C000040000400146886820F0010088600020B9
:10E3D0007047000070B503460C4619461D6C18487E
:10E3E000854209D94FF43060405800F00040B0F148
:10E3F000004F01D1002070BD0026C1F8106BD1F88C
:10E40000100B40F40026C1F8106BD1F8100B40F04F
:10E410001806C1F8106BD1F8100B40F0C046C1F8D7
:10E42000106B012C09D1C1F8142B4FF43060405807
:10E4300040F080264FF4306046500020DBE70000BB
:10E440000A30544F30B504460B46224619785878A6
:10E4500001281ED102F5106000EB4110006820F485
:10E46000001502F5106000EB4110056018790328D3
:10E4700002D0187902282AD102F5106000EB411071
:10E48000006840F0805502F5106000EB4110056017
:10E490001DE002F5306000EB4110006820F400152B
:10E4A00002F5306000EB411005601879032802D0B6
:10E4B000187902280BD102F5306000EB411000689A
:10E4C00040F0805502F5306000EB411005600020FF
:10E4D00030BD30B504460B462246197858780128DD
:10E4E00021D102F5106000EB4110006800F00040FF
:10E4F00060B959B102F5106000EB4110006820F0DE
:10E50000804502F5106000EB4110056002F51060D7
:10E5100000EB4110006840F4001502F5106000EBBC
:10E520004110056020E002F5306000EB411000680A
:10E5300000F0004060B959B102F5306000EB4110C5
:10E54000006820F0804502F5306000EB4110056066
:10E5500002F5306000EB4110006840F4001502F550
:10E56000306000EB41100560002030BD2DE9F8431C
:10E5700081460E4617464D463478707801287DD185
:10E58000306920BB05F5106000EB44100069E349D9
:10E59000084005F5106101EB4411086105F51060B4
:10E5A00000EB4410006940F4002105F5106000EB19
:10E5B0004410016105F5106000EB44100069C10CC6
:10E5C000C90405F5106000EB441001616BE005F52E
:10E5D000106000EB44100069C10CC90405F510601F
:10E5E00000EB4410016105F5106000EB4410006978
:10E5F000CA49084005F5106101EB4411086194B95E
:10E60000B1683069884201D9B068306105F51060A1
:10E6100000EB4410006940F4002105F5106000EBA8
:10E620004410016114E0B16830690844401EB0FB39
:10E63000F1F0BA49C94301EAC04005F5106101EBA8
:10E6400044110969084305F5106101EB44110861A3
:10E6500005F5106000EB441000693169C1F3120147
:10E66000084305F5106101EB441108613079012878
:10E6700019D105F5106000EB441000E093E000694B
:10E6800020F0C04105F5106000EB4410016105F574
:10E69000106000EB4410006940F0005105F5106077
:10E6A00000EB44100161012F36D1F06928B105F566
:10E6B000106000EB4410F1694161307901281ED1EE
:10E6C00040F60800405900F4807060B905F510600C
:10E6D00000EB4410006840F0005105F5106000EBBD
:10E6E000441001600BE005F5106000EB4410006879
:10E6F00040F0805105F5106000EB4410016005F515
:10E70000106000EB4410006840F0044105F5106013
:10E7100000EB44100160FEE005F5106000EB4410D2
:10E72000006840F0044105F5106000EB4410016002
:10E73000307901280FD030690028ECD040F6340041
:10E740004059317801F00F0201219140084340F611
:10E7500034014851DFE040F60800405900F4807071
:10E7600060B905F5106000EB4410006840F00051FE
:10E7700005F5106000EB441001600BE005F510603A
:10E7800000EB4410006840F0805105F5106000EB8C
:10E79000441001600097308A83B232784846F168AD
:10E7A00000F0DAFAB7E005F5306000EB44100069DC
:10E7B000C10CC90405F5306000EB4410016105F59A
:10E7C000306000EB441000695449084005F53061A1
:10E7D00001EB4411086104BB306908B1B0683061D5
:10E7E000B068306205F5306000EB44100069316AB2
:10E7F000C1F31201084305F5306101EB44110861D2
:10E8000005F5306000EB4410006940F4002105F587
:10E81000306000EB4410016145E03069D0B905F586
:10E82000306000EB44100069B168C1F31201084385
:10E8300005F5306101EB4411086105F5306000EB2E
:10E840004410006940F4002105F5306000EB4410ED
:10E85000016128E0B16830690844401EB0FBF1F066
:10E860001FFA80F8B06800FB08F0306205F53060F0
:10E8700000EB441000692949C94301EAC841084333
:10E8800005F5306101EB4411086105F5306000EBDE
:10E8900044100069316AC1F31201084305F5306183
:10E8A00001EB44110861012F07D1F06828B105F58B
:10E8B000306000EB4410F1684161307901281ED1CD
:10E8C00040F60800405900F4807060B905F53060EA
:10E8D00000EB4410006840F0005105F5306000EB9B
:10E8E000441001600BE005F5306000EB4410006857
:10E8F00040F0805105F5306000EB4410016005F5F3
:10E90000306000EB4410006840F0044105F53060D1
:10E9100000EB441001600020BDE8F883FFFF07E032
:10E9200078B503460024009400201A464C78012C48
:10E9300035D10C7802F5106505EB4414246804F019
:10E940000044B4F1004F60D10C7805EB4414246806
:10E9500044F000660C7805EB441426600C7805EB57
:10E960004414246844F080460C7805EB4414266077
:10E9700000BF009C641C009442F21075009CAC42E5
:10E9800001D901200AE00C7802F5106505EB44146A
:10E99000246804F00044B4F1004FEAD035E00C786C
:10E9A00002F5306505EB4414246804F00044B4F12A
:10E9B000004F2AD10C7805EB4414246844F000661B
:10E9C0000C7805EB441426600C7805EB441424689D
:10E9D00044F080460C7805EB4414266000BF009C90
:10E9E000641C009442F21075009CAC4201D90120D5
:10E9F0000AE00C7802F5306505EB4414246804F055
:10EA00000044B4F1004FEAD000BF78BD01468868E9
:10EA100040F0010088600020704708B501460020E2
:10EA2000009000BF0098401C00900098B0F1706FFB
:10EA300001D9032008BD086900F000400028F1D08A
:10EA4000002000901020086100BF0098401C00903A
:10EA50000098B0F1706F01D90320EBE7086900F06E
:10EA600010001028F1D00020E4E708B5024600208D
:10EA7000009000BF0098401C00900098B0F1706FAB
:10EA800001D9032008BD106900F000400028F1D032
:10EA900000200090202040EA8110106100BF009803
:10EAA000401C00900098B0F1706F01D90320E9E795
:10EAB000106900F020002028F1D00020E2E710B516
:10EAC00001460B4640F60804E45804F006020AB971
:10EAD000002006E0022A01D0062A01D1022000E02F
:10EAE0000F2010BD0146486900F001007047014643
:10EAF0000B4640F61800C258001DC058024090B2A4
:10EB0000704701460B4640F61800C258001DC05819
:10EB10000240100C704770B5024613464FF4016670
:10EB2000F45840F63406F55801F00F0625FA06F6BB
:10EB300006F0010644EAC61403F5106606EB41161A
:10EB4000B66806EA040070BD10B50246134603F528
:10EB5000306404EB4114A06840F61404E4582040EB
:10EB600010BD014648698A69104070472DE9F0419F
:10EB700004460D46274628464FEA920C02F003034E
:10EB800000210AE04FF4805858F80780C0F8008050
:10EB9000401C401C401C401C491C6145F2D39BB1E9
:10EBA00000214FF4805858F8076000BF4FEAC108B1
:10EBB00026FA08F880F80080491C401CA3F10108DF
:10EBC0001FFA88F3002BF1D1BDE8F08170B504463F
:10EBD0000E460025E06820F0C040E060012E10D114
:10EBE000E06840F00050E06000BF0A20F4F76EFDDE
:10EBF0000A352046FFF776FF012815D0C82DF4D33B
:10EC000012E07EB9E06840F08040E06000BF0A207A
:10EC1000F4F75CFD0A352046FFF764FF20B1C82DEC
:10EC2000F5D301E0012070BDC82D01D10120FAE724
:10EC30000020F8E710B502460B461146D1F800084F
:10EC400020F4FE60C1F80008D1F800084FF4FE641B
:10EC500004EA03142043C1F80008002010BD024656
:10EC60001346D3F800080843C3F800080020704793
:10EC700030B503461446022C49D12D48814204D3B5
:10EC80002C48814201D20F2245E02A48814204D318
:10EC90002948814201D20E223DE02748814204D317
:10ECA0002648814201D20D2235E02448814204D316
:10ECB0002348814201D20C222DE02148814204D315
:10ECC0002048814201D20B2225E01E48814204D314
:10ECD0001D48814201D20A221DE01B48814204D313
:10ECE0001A48814201D2092215E01848814204D312
:10ECF0001748814201D208220DE01548814204D311
:10ED00001448814201D2072205E0062203E00CB933
:10ED1000092200E00922D86820F47050D860D86831
:10ED20004FF4705505EA82252843D860002030BD95
:10ED3000C0ACD800C0E1E4000024F40080730601F8
:10ED4000A0491A01002D310140A44C0100366E018A
:10ED500020ABA6010048E8012DE9F04304460D462A
:10ED60001E46DDF81CC0A0462946BCF1000F12D19A
:10ED7000F01C870800230CE0D1F8009008F58050C3
:10ED800000EB0230C0F80090491C491C491C491C8A
:10ED90005B1CBB42F0D30020BDE8F08300BFFEE760
:10EDA00010B5FF2204490548F9F71BFC002104486F
:10EDB000F9F732FB10BD00003C0D0020540900247F
:10EDC000040400200B4890F824005A2802D0782828
:10EDD0000CD105E040F6520007490968486306E097
:10EDE00040F6282004490968486300E000BF00BFDE
:10EDF00070470000780C00200404002070B5054620
:10EE00000C4600260DB1022C01D8002070BDA11EB9
:10EE1000094802882846F2F727FE0646F1B2A01EEE
:10EE2000285C814206D1601E285CB0EB162F01D110
:10EE30000120EBE70020E9E7C400002470B5054697
:10EE40000C4600260DB1022C01DC002070BD601EB6
:10EE500081B2FF222846F2F721FE0646601E285C9A
:10EE6000B04201D10120F1E70020EFE703B401989F
:10EE70004100009850EAC12018BF04204A0D18BF75
:10EE800040F0010040F2FF72B2EB515F08BF40F06A
:10EE90000200012808BF052002B070470248006840
:10EEA000C0F30220704700000CED00E010B5002810
:10EEB00004DB0A07130E054A135406E00A07140E72
:10EEC000034A00F00F031B1FD45410BD00E400E000
:10EED00018ED00E00000000070B56B482DED020B4E
:10EEE0002DED0A8B82B00D9D25F000449FED68BB8F
:10EEF0009FED699B84422EDBA4F140510C98A1F157
:10EF00007F6108430FD06648844202DC18D10C9818
:10EF1000B0B19DED0C0B02B0BDEC0A8B02B0BDE8A8
:10EF2000704001F0B5BA9DED0C0B9DED0C1B20EE71
:10EF30000B0B01EE090B02B0BDEC0A8B02B070BDE9
:10EF40000120F1F7DFFB02B0BDEC0A8B02B0BDE897
:10EF5000704001F0A5BA53489FED538B844230DADC
:10EF60009DED0C0BB4F1795F0ADA51EC100BFFF751
:10EF70007DFF042808BF01F0ABFA9DED0C0BDAE72A
:10EF800020EE009B4A480621B0EE490B784401F080
:10EF9000E3F920EE09AB4748B0EE490B0421784471
:10EFA00001F0DAF909EE008B8AEE080B8DED000B0B
:10EFB0009DED0C0B9DED0C1B9DED002B01EE020B4E
:10EFC000B9E79DED0C0B51EC100B03F0C4F941ECCB
:10EFD000100B9FED391B3A4838EE400B06218DEDA2
:10EFE000000B20EE01ABB0EE4A0B784401F0B4F90F
:10EFF00020EE0ACB3348B0EE4A0B0421784401F0EE
:10F00000ABF90AEE008B51EC1A0B06F0BFF941EC9C
:10F01000110B2D489FED2E2BA0420EDC8CEE080B21
:10F020008DED000B9DED003BB0EE410B01EE030BAF
:10F0300010EE029B3BEE490B21E08DED001B002002
:10F0400000909DED000B9DED003B00EE43AB31EEDB
:10F05000000B21EE021B8AEE003B8CEE080B03EE48
:10F06000429B9DED003B11EE009B9FED1B1BB0EE04
:10F07000410B03EE420B39EE400B31EE400B002DFD
:10F08000D8BFB1EE400B56E70000F03F0000000093
:10F09000182D4454FB21F93F075C143326A6913CFC
:10F0A0000000F07F0000E03F000000000000F03FA3
:10F0B000A8870000C6870000000000000000E03FB5
:10F0C0004A870000688700003333EF3F00000000EC
:10F0D0000000000000000040182D4454FB21E93FCF
:10F0E00070B565482DED020B2DED048B059D25F0C7
:10F0F0000044A04218DC6148844202DC0AD1049832
:10F1000040B19DED040BBDEC048B02B0BDE8704036
:10F1100001F0BEB9002DCCBF9FED590B9FED5A0BEE
:10F12000BDEC048B02B070BD5948A04215DD5948B2
:10F13000A042D8BF4FF0FF3455DD9DED040B51ECDC
:10F14000100BFFF793FE042808BF01F0C1F99DEDF5
:10F15000040BBDEC048B02B070BD9DED040B51ECB3
:10F16000100B03F0F8F8CDE904014B489FED4C0B70
:10F17000A0421CDD4C48A0420BDD9DED042B002479
:10F180009FED4B1B12EE010B32EE011B80EE012BAB
:10F1900027E09DED041B9DED042B012431EE401B67
:10F1A00032EE000B81EE002B8DED042B1BE042486C
:10F1B000A0420FDD9DED042B02249FED411B9DED30
:10F1C000043B32EE412B03EE010B82EE001B8DED72
:10F1D000041B08E09DED040B9FED3B1B032481EE17
:10F1E000002B8DED042B9DED040B3948062120EEFC
:10F1F000009B29EE098BB0EE480B784401F0ACF887
:10F2000020EE099B3348B0EE480B0521784401F00D
:10F21000A3F820EE080B002C0BDA9DED042B39EE41
:10F22000001B9DED040BBDEC048B02B002EE410B04
:10F2300070BD2948784439EE000B00EBC4009DED09
:10F24000042B90ED001B254812EE001B9DED040BD6
:10F2500031EE400B784400EBC400002D90ED001B14
:10F2600031EE400BB8BFB1EE400BBDEC048B02B0E9
:10F2700070BD000000000000000010440000F07F9E
:10F28000182D4454FB21F93F182D4454FB21F9BF9C
:10F290000000DC3F0000203E0000F33F00000000C3
:10F2A000000000000000F03F0000E63F000000000A
:10F2B000000000000000004000800340000000004B
:10F2C000000000000000F83F000000000000F0BF58
:10F2D0007A86000040860000F8850000B8850000AE
:10F2E00070B5614E2DED040B2DED048B82B0DDF871
:10F2F00024C0DDE907235C422CF000411C4341EAB5
:10F30000D474069D22F00040B44205D86C422C43D0
:10F3100040EAD474B4420BD99DED081B9DED060B59
:10F3200002B0BDEC048B04B0BDE8704001F0B3B88E
:10F33000ACF14054A4F17F641C430BD0022404EAD6
:10F34000AC7444EAD27405439FED498B9FED4A2B80
:10F350000DD016E09DED060B51EC100B01F076F987
:10F3600041EC100B02B0BDEC048B04B070BD002C5E
:10F3700014BF012C9DED060BF4D0022C2ED0032CD3
:10F380002FD00B439FED3E1B9FED3F0B0AD0B142A8
:10F390001DD1B04209D121F0804120F08040099177
:10F3A000079014E0002ADDDA15E0394B7B44002C8D
:10F3B00008BF93ED000BD5D0012C04BF93ED000BDB
:10F3C000B1EE400BCED0022C08D0032C09D0B042B5
:10F3D0000AD1002AC6DAB0EE410BC3E7B0EE480B03
:10F3E000C0E7B0EE420BBDE7401A00159FED2A9B27
:10F3F0003C28C8BF8DED000B15DCBCF1000FBCBF75
:10F4000010F13C0F8DED009B0DDB9DED061B9DED7E
:10F41000082B81EE020B51EC100B02F09CFF01F067
:10F4200015F9CDE9000194B1012C0CD09DED001B24
:10F430009FED1B0B022C31EE400B0CBF38EE400B46
:10F4400030EE480B8EE7019880F0004001909DED72
:10F45000000BB4EE490BF1EE10FA04BF0220F1F7F5
:10F4600051F99DED000B7DE70000F07F00000000EA
:10F47000182D4454FB210940182D4454FB2109C088
:10F48000182D4454FB21F9BF182D4454FB21F93F9A
:10F4900028850000000000000000000000000000BF
:10F4A000075C143326A6A13C10B529499FED261B05
:10F4B0002DED020B84B0059820F000408842D8BFA3
:10F4C0009DED040B2DDD2349884209D1049840B9F4
:10F4D0004FF00100F1F716F900F0E2FF06B010BDA1
:10F4E00005DB9DED040B30EE000B06B010BD684649
:10F4F0009DED040B00F038FD10F0030004BF9DEDFE
:10F50000021B9DED000B0CD001280ED09DED021BBF
:10F510009DED000B022810D0012000F055FF06B031
:10F5200010BD00F0A9FE06B010BD9DED021B9DEDC3
:10F53000000B012000F048FF01E000F09DFE06B046
:10F54000B1EE400B10BD0000000000000000000004
:10F55000FB21E93F0000F07F2DE9F04D2DED040B7C
:10F560002DED0A8B9AB0DDE92550279CDDF890A09F
:10F5700025F0004624F00048BAF1000F14BF012125
:10F58000002101EB4502F84953184A1093422AD34F
:10F59000002814BF0123002303EB44030B44F34969
:10F5A0008B4220D358EA00019FEDF19B72D0DFF827
:10F5B000C8B35D4503D1BAF1000F05D184E0BAF1BB
:10F5C000000F08BF002100D0012101EB450111F51A
:10F5D000001F08D8002814BF0121002101EB4401BD
:10F5E00011F5001F0BD99DED261B9DED240B1AB0C4
:10F5F000BDEC0A8B04B0BDE8F04D00F04CBF002715
:10F60000002DBCBFDD49884521DADD498845A8BF0A
:10F6100002271CDAC3451ADCDA4901EB2851142908
:10F6200008DDC1F1340220FA02F101FA02F282424D
:10F630000DD108E058B9C1F1140228FA02F101FA1B
:10F6400002F2424503D101F00101C1F1020756EA7D
:10F650000A0120D1002C1EDA002D18BF022F01D084
:10F66000012F0AD00220F1F74DF81AB0BDEC0A8B39
:10F6700004B0BDE8F04D00F0FBBE0220F1F742F807
:10F6800000F0F6FEB1EE400B1AB0BDEC0A8B04B0F0
:10F69000BDE8F08D18E09FEDBCAB9FEDBD8B002861
:10F6A0007DD1B64880451CD105F1804010F5801011
:10F6B00008BFBAF1000F07D0B34508DC002CA8BF83
:10F6C0009DED260BE0DA07E0B0EE490BDCE7002CFD
:10F6D000B8BF9DED260BD5DBAF48784490ED000B0D
:10F6E000D2E7D84548D1002C43DA2EB186423AD130
:10F6F000BAF1000F3DD126E0BAF1000F13D002207D
:10F70000F1F700F800F0D8FE8DED020B9DED240B13
:10F710008DED000B10EE900A039961F31E0003902B
:10F720009DED020BB0E78DED02AB9DED240B1AEEC3
:10F73000901A10EE900A8DED000B61F31E000390FD
:10F740009DED020BA0E78DED028B9DED240B18EED5
:10F75000901A10EE900A8DED000B61F31E000390DD
:10F760009DED020B90E704DA9DED241B89EE010B61
:10F770008AE79DED240B87E786421ADAB4F1804FC1
:10F7800004BF9DED240B20EE000B3FF47DAFA4F1F0
:10F790000050B0F1FF500CD1002D0ADB00E008E072
:10F7A0009DED240B51EC100B05F0F0FD41EC100B1E
:10F7B0006AE79DED240B51EC100B02F0CCFDBAF181
:10F7C000000FCDE90E0140D19FED750B46B3A6F1B8
:10F7D000E040B0F17F600ED05E4536D1002D00DAFA
:10F7E00097B3022F0CBF01204FF0FF3000EE100A3C
:10F7F000B8EEC00B48E7002D01DD002C0DDA002D1E
:10F8000001DD002C1DDB002D14DA002C12DB012F92
:10F8100008BF9FED650B3FF437AFB0EE4A0B33E7FF
:10F82000022F18BF002D0CD0012F0AD1002DFFF69A
:10F830002BAF06E0002DB8BF002C06DA012F3FF4F5
:10F8400023AFB0EE480B1FE719E0012000EBE57095
:10F8500050EA070113D0791EB0EE498B084308BF68
:10F860009FED538B5448002580457ADD5349544819
:10F87000884514DDB0420DDB002C19DB2CE00120A3
:10F88000F0F740FF1AB0BDEC0A8B04B0BDE8F04DB4
:10F8900000F006BEB34502DC002C09DC1CE0864209
:10F8A00002DA002C18DA03E05E4528DD002C13DDB7
:10F8B0000220F0F727FF00F0FFFD8DED020B28EE90
:10F8C0000A0B8DED000B10EE900A039961F31E00F8
:10F8D00003909DED020BD7E60220F0F713FF00F036
:10F8E000F7FD10EE901A18EE900A8DED020B8DEDDB
:10F8F000008B61F31E0003909DED020BC4E69DEDAD
:10F900000E0B9FED313B30EE490B8DED040B20EEDD
:10F91000002B9DED041B9FED2E0B01EE430B9DED87
:10F92000043B9FED2D1B03EE401B9DED040B9FED53
:10F930002E3B22EE012B9FED2A1B20EE011B20EE19
:10F94000030B9FED2B3B02EE430B31EE002B8DEDB5
:10F95000022B02959DED022B32EE411B30EE411B36
:10F9600021E149E000000000FFFF1F00FFFF0F0042
:10F97000000000000000F03F0000F03F0000F07FBA
:10F980000000404301FCFFFF000000000000F07F8A
:10F990000000000000000000FA81000000000000EC
:10F9A0000000000000000080000000000000F0FFE8
:10F9B000000000000000F0BF0000E0410000F04344
:10F9C000FFFFEF3F00000000000000000000D03FFC
:10F9D000555555555555D53F000000000000E03FF6
:10F9E000000000604715F73F44DF5DF80BAE543E62
:10F9F000FE822B654715F73F0020B6F5801F0BDA16
:10FA00009DED0E0B9FEDEC1B6FF0340020EE010B13
:10FA100010EE906A8DED0E0BE94A00EB2650C6F30E
:10FA20001301A0F2FF3741F07F6040F04050914257
:10FA3000D8BF002408DDE34A8A42C8BF012403DCA2
:10FA40000024A0F580107F1CDF49794401EBC4013C
:10FA50000F9091ED001B9DED0E2B9DED0E0BDB49E4
:10FA600031EE023B30EE410B89EE032B20EE02AB70
:10FA70008DED02AB7944029591ED003B4FF00051C2
:10FA800041EA600000EB84408DED043B00F500206E
:10FA900005909DED043B9DED044B2AEE0ACB33EE21
:10FAA000411B9DED0E3BCA48062133EE411B9DEDE7
:10FAB000023B03EE440B03EE410B20EE02BBB0EE23
:10FAC0004C0B784400F048FC2CEE0C1B20EE010B94
:10FAD0009DED021B31EE0A1B0BEE010B9DED021B8F
:10FAE00021EE011B9FEDBC2B31EE023B33EE003BC0
:10FAF0008DED043B04959DED043B33EE422B32EE3D
:10FB0000411B30EE412B9DED020B9DED041B20EEC1
:10FB1000011B9DED040B2BEE000B02EE0A0B31EEE8
:10FB2000002B8DED022B02959DED022B32EE411B39
:10FB300030EE410B9DED021B9FEDA92B21EE021B28
:10FB40009DED022B9FEDA83B22EE032B9FEDA83BE2
:10FB5000A94800EE032B784400EBC40090ED000BA5
:10FB6000A64832EE000B02EE107AB8EEC22B8DEDF5
:10FB7000042B31EE003B784400EBC4009DED044BB8
:10FB800090ED002B33EE023B33EE043B8DED023B58
:10FB900002959DED023B33EE443B33EE422B32EEB9
:10FBA000411B30EE411B9DED260B954A8DED000B60
:10FBB00000959DED260B9DED002B30EE420B9DED4B
:10FBC000022B20EE020B9DED262B02EE010B9DED8C
:10FBD000001B9DED022B21EE021B8DED021B30EE72
:10FBE000011B11EE900A11EE101A8DED001B9042D0
:10FBF00024DB821A11430ED19FED831B9DED002B58
:10FC00009DED023B30EE011B32EE432BB4EEC21BE6
:10FC1000F1EE10FA26DD0220F0F774FD00F04CFC46
:10FC200010EE901A18EE900A8DED020B8DED008B00
:10FC300061F31E0003909DED020B25E5744B20F04F
:10FC400000429A420ED3734A024411437FF444AEF9
:10FC50009DED022B31EE421BB4EEC01BF1EE10FA0B
:10FC6000BFF63AAE20F000416B4A6C4B002402EB29
:10FC700021529942D8BF9DED021B27DD511C4FF444
:10FC8000801222FA01F10144654BC1F30A527B4410
:10FC9000A2F2FF3293ED001B624B8DED041BD340AB
:10FCA00021EA0303C1F3130141F48011C2F11402EC
:10FCB00021FA02F405930028B8BF64429DED021BAF
:10FCC0009DED042B31EE421B8DED021B30EE011B2E
:10FCD0008DED041B04959DED041B9FED532B9DEDB5
:10FCE000023B21EE021B9DED042B32EE432B30EE46
:10FCF000420B9FED4F2B20EE020B9DED042B9FED51
:10FD00004E3B4F48052102EE030B31EE002B8DEDEB
:10FD1000002B32EE411B30EE41AB9DED000B20EE8F
:10FD2000000B8DED040B784400F016FB9DED001BDD
:10FD30009DED042B02EE401B8DED021B9DED000B93
:10FD400020EE010B9FED402B31EE422B80EE021B8B
:10FD50009DED002BB0EE4A0B02EE0A0B31EE400B8C
:10FD60009DED001B30EE410B39EE400B10EE900A7A
:10FD70008DED000B00EB045001150029C8BF019068
:10FD800013DC224651EC100B07F05FFAFFF76EF818
:10FD9000042808BF00F09CFB22469DED000B51ECAF
:10FDA000100B07F052FACDE900019DED000B28EE93
:10FDB000000B69E400000000000000000000404368
:10FDC0008E9803007AB60B003A7D0000607E00003A
:10FDD000F27C00000000000000000000000008406D
:10FDE000000000E009C7EE3FF5015B14E02F3EBEC6
:10FDF000FD033ADC09C7EE3F4E7C00001E7C00008C
:10FE00000000904000000000FE822B654715973CE3
:10FE100000CC904000346F3F01FCFFFF0000E03F4A
:10FE2000467C0000FFFF0F0000000000432EE63F6D
:10FE3000EF39FAFE422EE63F396CA80C615C20BE19
:10FE4000BE7A00000000000000000000000000403A
:10FE500010B529499FED261B2DED020B84B00598A6
:10FE600020F000408842DCBF00209DED040B2EDD19
:10FE70002249884209D1049840B94FF00100F0F7B7
:10FE800041FC00F00DFB06B010BD05DB9DED040B41
:10FE900030EE000B06B010BD68469DED040B00F07F
:10FEA00063F810F003000DD0012814D09DED021B63
:10FEB0009DED000B022816D000F0DEF906B0B1EE81
:10FEC000400B10BD9DED021B9DED000B012000F0CD
:10FED0007BFA06B010BD9DED021B9DED000B00F0FE
:10FEE000CBF906B010BD012000F06EFAE6E7000085
:10FEF0000000000000000000FB21E93F0000F07F4F
:10FF000000B52DED028BB1EEC08B83B018EE100A58
:10FF100018EE901A8DED008B002818BF01200843C1
:10FF200020F00040C0F17F6000F1E040C00F14D02D
:10FF300010EE101A10EE900A8DED000B002918BF7C
:10FF40000121084320F00040C0F17F6000F1E04053
:10FF5000C00F04BF0120F0F7D5FBB0EE480B03B093
:10FF6000BDEC028B00BD00002DE9F14F04462DEDE4
:10FF7000020B2DED048B94B09FED9D0B80ED020BD9
:10FF8000199E9D4826F0004585420ADC9DED180B20
:10FF9000002084ED000B14B0BDEC048B03B0BDE871
:10FFA000F08F96489FED969B9FED978BA84225DD9D
:10FFB00097489FED991B9FED9A2B9DED180B002EF6
:10FFC0000DDD30EE490B854212BF30EE480B30EEAE
:10FFD000410B30EE420B84ED000B0120DBE730EEED
:10FFE000090B854212BF30EE080B30EE010B30EEEC
:10FFF000020B84ED000B4FF0FF30CCE78A48A8429B
:020000040801F1
:1000000053DB9DED180B51EC100B02F0A4F941EC01
:10001000100BB0EE401B9FED862B9FED870B290D3B
:10002000DFF81CC201EE020B0120FDEEC00B10EE4A
:10003000903A00EE903AB8EEE02BB0EE410B02EEB3
:10004000490B22EE081BFC44032830EE411B84EDD3
:10005000001B1DD011EE902A00EB4015113DC2F39C
:100060000A528A1A954213DA0CEB0012B0EE403BAA
:1000700092ED000B401C20EE021B33EE410B33EEE1
:10008000403B33EE411B92ED023B12EE031BDBE7DC
:10009000002EA8BF1846BFF67EAF94ED000B584265
:1000A000B1EE400B84ED000B75E7C6F3130040F48E
:1000B000801EC6F30A50A0F2F530471100F01F056C
:1000C000C5F12000DDF860B0139000200890099081
:1000D00005200DF1080C5B49002D07EB0002794467
:1000E00008BF51F8221009D051F8223001EB8201EB
:1000F000AB404A68139922FA01F11943A1FB0E267D
:10010000A1FB0B131A449A4234BF0123002303EBD3
:1001100006080CEB8003D3E901A60E448E4234BFDF
:100120000121002192448A4411B1924502D903E091
:10013000924501D2012100E00021C3E901A641441A
:100140004CF82010011EA0F10100C4DC04989DEDC4
:10015000050A00F10050810F04989FED3B4B800091
:1001600001EE100ADDED060A9DED072AB8EEC13B4F
:10017000B8EE401BB8EE600BB8EE422B002021EE2B
:10018000041B9FED334B20EE040B9FED334B22EE0F
:10019000042B30EE024B34EE014B34EE034B8DED6D
:1001A000004B00909DED004B199834EE433B10F04E
:1001B000004F33EE411B31EE400B32EE401B9DED04
:1001C000000B9FED272B20EE020B9FED272B01EE5E
:1001D000020B9DED001B9FED262B01EE020B1CBFB9
:1001E0004942B1EE400B84ED000B0846D3E6000017
:1001F0000000000000000000FB21E93F7CD9024024
:1002000000004054FB21F93F3163621A61B4D03DD4
:10021000FB21F93F000000000000601A61B4D03DEE
:100220007370032E8A19A33BFB21394100000000A3
:1002300083C8C96D305FE43F000000000000E03F6C
:10024000967800002E780000000000000000103EAC
:10025000000000000000103C000000000000103A08
:100260003326A611460B113C182D4454FB21F93DB1
:1002700000000054FB21F93D10B52DED040B2DEDD0
:10028000068B82B0B0EE41AB09989FED299B20F020
:100290000044B4F1795F0FDA9DED080BBDEEC00BA1
:1002A00010EE100A002801BFB0EE490B02B0BDEC01
:1002B000068B04B008BF10BD9DED080B1E4806213B
:1002C00020EE008BB0EE480B784400F045F820EEAD
:1002D000080B9DED081B1C48844228EE000B01EE24
:1002E0004A0B9FED171B28EE011BBCBF31EE400BE4
:1002F00039EE400B16DB1548A042BCBF9FED142B16
:100300008DED002B06DBA4F500100190002000907D
:100310009DED002B31EE421B39EE422B31EE400BAE
:1003200032EE400B02B0BDEC068B04B010BD0000F5
:10033000000000000000F03FDC750000000000003D
:10034000000000000000E03F3333D33F0000E93FEE
:10035000000000000000D23F491E00EBC102B0EED9
:10036000401B92ED000B31F006020DD0491E00EB50
:10037000C102B0EE403B92ED002B31F00602B0EE30
:10038000420B03EE010BF1D1022914D004290AD04B
:10039000062918BF704790ED0A2B00EE012B90ED57
:1003A000080B02EE010B90ED062B00EE012B90EDF9
:1003B000040B02EE010B90ED022B00EE012B90EDF1
:1003C000000B02EE010B704731B504462DED040B16
:1003D0002DED068BB0EE419B07989DED060B20F0AE
:1003E0000040B0F1795F0DDA51EC100BFEF73EFDE5
:1003F000042808BF00F06CF89DED060BBDEC068BE1
:1004000005B030BD20EE008B1348052128EE00AB6F
:10041000B0EE480B7844FFF79FFF9FED111B8CB1A6
:100420009FED112B29EE022B0AEE402B9DED060BC2
:1004300018EE029B0AEE419B30EE490BBDEC068B99
:1004400005B030BD08EE001B9DED060B0AEE010B5A
:10045000BDEC068B05B030BD9075000000000000BB
:10046000495555555555C5BF000000000000E03FF7
:100470009FED031B9FED042B81EE020B70470000E4
:10048000000000000000F03F00000000000000003D
:1004900030EE000B704730EE010B7047000000009B
:1004A0009FED031B81EE010B704700000000000070
:1004B00000000000000000009FED030B20EE000B89
:1004C0007047000000000000000000000000007005
:1004D0009FED030B20EE000B7047000000000000B2
:1004E000000000000000001070B52DED048B0446E4
:1004F0000D4694ED001B21EE011B94ED022B94EDB3
:10050000023B02EE031B94ED042B94ED043B02EE40
:10051000031BB0EE410BFFF7F3FCB0EE408B94ED04
:10052000000BB1EE400B80EE081BB0EE419BB0EE2D
:10053000490BFEF7D1FC85ED020B94ED042BB0EED8
:10054000421B94ED022BB0EE420BFEF7C9FE85ED87
:10055000040BBDEC048B70BD70B505460C46D4F899
:10056000880035490860D4F88C0034490860D4F814
:10057000900033490860D4F89400324908609D2007
:10058000005D50B9D4F89E0001EE100AB7EEC11A12
:10059000B0EE410B2C4802F0F1FD9D20005D0128DA
:1005A0000AD1D4F89E0001EE100AB7EEC11AB0EEDF
:1005B000410B254802F0E2FD9820005D20B90120A2
:1005C000A877D4F89900A8619820005D01282CD163
:1005D000A877D4F8990000EE100AF7EE000AB4EEFE
:1005E000E00AF1EE10FA05DBB7EE000A10EE100A91
:1005F000C4F89900D4F8990000EE100AFFEE000A42
:10060000B4EEE00AF1EE10FA05D8BFEE000A10EEE3
:10061000100AC4F89900D5ED060AD4F8990000EE46
:10062000100A30EE800A85ED060A9820005D022847
:1006300001D10320A87770BDB4030020B8030020C7
:10064000BC030020C0030020C403002010B541EC0F
:10065000100BFEF745FD51EC100B10BD1CB5002032
:10066000A14909684880A1490968488800EBD07110
:100670004910A0EB410131B900209D4908709D4906
:1006800008609D49086002209C4981F825009FED83
:100690009C0A9C4880ED000A0120C8779A4890ED9A
:1006A000000B9FED9A1BB4EEC10BF1EE10FA05D2D0
:1006B0009FED980A984880ED000A13E1974800786A
:1006C00000BB95489FED960B02F058FD9FED960AF2
:1006D000964880ED000A90ED010AF1EE000A30EE36
:1006E000200A80ED010A90ED010ADFED910AB4EED7
:1006F000E00AF1EE10FA02DB0120884908700120BF
:100700008C49087085480078012826D182489FEDE1
:100710008A0B02F033FD9FED8A0A8A4880ED000AB9
:100720009FED890A894880ED000A894890ED080A02
:10073000DFED850A30EE600AB7EEC00AB0EEC00BFE
:100740009FED841BB4EEC10BF1EE10FA02D2022031
:1007500072490870002077490870704800780228B4
:100760001ED16D489FED7D0B02F008FD9FED740AD0
:10077000744880ED000A9FED740A744880ED000A09
:100780005D480068401C5C49086008460068B0F598
:10079000C87F02D9032061490870002065490870AC
:1007A0005E480078032820D15B489FED6E0B02F075
:1007B000E5FC9FED630A634880ED000A9FED620A45
:1007C000624880ED000A4B480068401C49490860B7
:1007D00008460068C82802D9042050490870002043
:1007E000464981F82500534908704C480078042890
:1007F0001ED149489FED5B0B02F0C0FC9FED5B0AE8
:10080000504880ED000A9FED500A504880ED000AE4
:1008100038480068401C3749086008460068B0F551
:10082000967F02D905203D49087000204149087093
:100830003A480078052855D137489FED4A0B02F019
:100840009DFC9FED390A394880ED000A9FED480A6A
:1008500080ED010A0020009001903D4890ED081ABB
:10086000F0EE410A434890ED081AB0EE410A68469E
:10087000DFED411A9FED401A04F056FB2B4890ED36
:10088000000ADDED000A30EE600AB7EEC00AB0EEF5
:10089000C00B9FED3A1BB4EEC10BF1EE10FA1DD266
:1008A00090ED010ADDED010A30EE600AB7EEC00AF4
:1008B000B0EEC00B9FED311BB4EEC10BF1EE10FAA0
:1008C0000CD2002009490968488001200B49C877EB
:1008D0002C4909680880002010490870012015493A
:1008E000087000BF1CBD000010030020080300209A
:1008F00050030020580300205C030020780C0020E7
:1009000060FBDABFC0030020900500240000000057
:1009100000C06C400000FA43C4030020D403002050
:100920000000000000207C4000007A4338030020D3
:100930000000C843CC030020000000000000794004
:10094000D2FBB63FB403002023A10740B803002028
:10095000CC070020333333333333C33F0000000070
:100960000040704000000000003081409FC8833F7D
:10097000000000007807002000005C430000000039
:1009800000004440180300201CB50120FE49C87730
:100990000020FE4909684880FD490968488800EB45
:1009A000D0714910A0EB4101002928D10020F9495C
:1009B0000870F9490860BFEE000AF84880ED000AA7
:1009C0000020F7490860F7490860F7490860F749CF
:1009D0000860F7490860F7490860F7490860F74977
:1009E0000860F7490860F7490860F7490860F74967
:1009F0000860F7490860F7490860F7490860E74868
:100A000090ED000AB5EEC00AF1EE10FA25D19FED87
:100A1000F30AF34880ED000A9FEDF20A80ED010A27
:100A20009FEDF10AF14880ED000A9FEDF10AF148CF
:100A300080ED000AF0489FEDF10B02F09FFBD848D3
:100A40000068401CD649086008460068962804D90A
:100A5000B7EE000AD14880ED000AD04890ED000AB8
:100A6000FFEE000AB4EE600AF1EE10FA03D19FED3A
:100A7000DE0A80ED000AC94890ED000AF7EE000A90
:100A8000B4EE600AF1EE10FA25D19FEDD40AD448F5
:100A900080ED000A9FEDD30A80ED010A9FEDD20A96
:100AA000D24880ED000A9FEDD20AD24880ED000ABC
:100AB000D1489FEDD40B02F061FBBA480068401C9E
:100AC000B849086008460068962804D9B7EE080AB5
:100AD000B24880ED000AB14890ED000AF7EE080A2E
:100AE000B4EE600AF1EE10FA32D1BD4890ED000A82
:100AF000F7EE000A30EE600A80ED000A9FEDB90AB9
:100B000080ED010A9FEDBA0ABA4880ED000ABA48A2
:100B10009FEDBC0B02F032FBB14890ED000ADFED17
:100B2000BB0AB4EEE00AF1EE10FA03D89FEDB70A63
:100B300080ED000A9C480068401C9B4908600846FC
:100B40000068642804D9B0EE000A944880ED000AD9
:100B5000924890ED000AF0EE000AB4EE600AF1EE61
:100B600010FA7DD10120884981F825009FEDA00A67
:100B7000A04880ED000AA64890ED000AB5EEC00A34
:100B8000F1EE10FA22D19C489FED9E0B02F0F6FA8E
:100B90009FED9E0A924880ED000A90ED010AF1EE69
:100BA000000A30EE200A80ED010A90ED010ADFED27
:100BB000990AB4EEE00AF1EE10FA04DBB6EE000A90
:100BC000934880ED000A012093490870904890ED09
:100BD000000AF6EE000AB4EE600AF1EE10FA27D130
:100BE00085489FED880B02F0C9FA9FED8C0A8C486E
:100BF00080ED000A9FED8B0A8B4880ED000A0020F3
:100C00008A490860BEEE000A894880ED000A7248F1
:100C10000068401C7049086008460068AA2804D98A
:100C2000B7EE000A7A4880ED000A00207A49087081
:100C3000774890ED000AF7EE000AB4EE600AF1EE94
:100C400010FA2AD16C489FED6F0B02F097FA9FEDD6
:100C5000790A734880ED000A9FED770A724800E038
:100C600091E080ED000A754890ED080ADFED720A08
:100C700030EE600AB7EEC00AB0EEC00B9FED701BFD
:100C8000B4EEC10BF1EE10FA04D2B0EE000A6048E7
:100C900080ED000A0020604908705D4890ED000A70
:100CA000F0EE000AB4EE600AF1EE10FA28D15248D4
:100CB0009FED540B02F062FA9FED630A584880EDF5
:100CC000000A9FED620A584880ED000A5B4890EDEB
:100CD000080ADFED5E0A30EE600AB7EEC00AB0EE39
:100CE000C00B9FED571BB4EEC10BF1EE10FA04D20E
:100CF000B0EE080A464880ED000A00204649087018
:100D0000434890ED000AF0EE080AB4EE600AF1EEF6
:100D100010FA23D100201C49C87737489FED4C0BAF
:100D200002F02CFA9FED480A3D4880ED000A9FED45
:100D3000470A3D4880ED000A17480068401C1649E4
:100D4000086008460068B0F5967F04D9B1EE000A45
:100D50002F4880ED000A00202F4908702C4890EDA4
:100D6000000AF1EE000AB4EE600AF1EE10FA0AD1C0
:100D700021489FED240B02F001FA9FED180A184854
:100D800080ED000A68E0BBE0780C00201003002032
:100D90000C030020500300205403002070030020A7
:100DA00074030020780300207C03002080030020CF
:100DB00084030020880300208C030020900300207F
:100DC00094030020980300209C030020A00300202F
:100DD000A4030020A8030020D803002000007A43C9
:100DE000380300200000484300000000DC0300201E
:100DF000DB0FC9BFC0030020C403002000000000B7
:100E000000B07840000000000070824000005C43A9
:100E1000D00300200000C843CC030020DB0FC93FF3
:100E2000B4030020B1A2D63EB8030020B0030020D6
:100E3000BC030020EDD8683F56D41A40CC070020F0
:100E4000333333333333C33FD2FBB63F7F300A40B3
:100E50000000000000E075401FED1E0A80ED010A51
:100E60000120FE490860002000900190FC4890EDB0
:100E7000081AF0EE410AFB4890ED081AB0EE410A5C
:100E800068465FED1E1A1FED1F1A04F04DF8F64874
:100E900090ED000ADDED000A30EE600AB7EEC00A00
:100EA000B0EEC00B9FEDF11BB4EEC10BF1EE10FAEA
:100EB00022D290ED010ADDED010A30EE600AB7EEB4
:100EC000C00AB0EEC00B9FEDE91BB4EEC10BF1EE12
:100ED00010FA11D21FED3C0AE64880ED000A01200D
:100EE000E549C877B0EE040AE44880ED000A002026
:100EF000E3490860E34908600120E349087000BF46
:100F0000DE4890ED000AF0EE040AB4EE600AF1EE5D
:100F100010FA37D11FED4F0AD34880ED000A90ED4B
:100F2000010AF1EE040A30EE600A80ED010A1FEDBD
:100F3000520AD64880ED000A1FED530AD44880EDCE
:100F4000000AD4481FED510B02F018F9C64890ED85
:100F5000010ADFEDD10AB4EEE00AF1EE10FA03D88F
:100F60009FEDCD0A80ED010ACC480068401CCB49BA
:100F7000086008460068C82804D9B0EE080ABF48CF
:100F800080ED000ABD4890ED000AF0EE080AB4EECC
:100F9000600AF1EE10FA26D11FED700AB24880ED1A
:100FA000000A9FEDBD0A80ED010A1FED710AB748E6
:100FB00080ED000A1FED720AB54880ED000AB548C1
:100FC0009FEDB70B02F0DAF8B7480068401CB6494D
:100FD000086008460068B0F52F7F04D9B1EE000A1A
:100FE000A64880ED000AA54890ED000AF1EE000A3F
:100FF000B4EE600AF1EE10FA25D11FED880A9A4886
:1010000080ED000A9FEDA40A80ED010A1FED8A0A17
:101010009E4880ED000A1FED8A0A9D4880ED000A77
:101020009C481FED880B02F0A9F8A0480068401CFE
:101030009E49086008460068962804D9B1EE020A65
:101040008E4880ED000A8D4890ED000AF1EE020A0C
:10105000B4EE600AF1EE10FA32D1834890ED000A46
:10106000F7EE000A30EE600A80ED000A9FED8A0A72
:1010700080ED010A1FEDA20A854880ED000A85482F
:101080001FEDA00B02F07AF8774890ED000A5FEDB3
:10109000A10AB4EEE00AF1EE10FA03D81FEDA50A9A
:1010A00080ED000A82480068401C814908600846BB
:1010B0000068642804D9B1EE040A704880ED000A83
:1010C0006E4890ED000AF1EE040AB4EE600AF1EE0B
:1010D00010FA7DD10120684981F825001FEDBC0A76
:1010E0006B4880ED000A634890ED000AB5EEC00A37
:1010F000F1EE10FA22D167481FEDBE0B02F03EF868
:101100001FEDBE0A584880ED000A90ED010AF1EE8D
:10111000000A30EE200A80ED010A90ED010A5FED31
:10112000C30AB4EEE00AF1EE10FA04DBB6EE000AF0
:10113000504880ED000A0120534908704D4890ED59
:10114000000AF6EE000AB4EE600AF1EE10FA27D1BA
:1011500050489FED580B02F011F81FEDD00A574888
:1011600080ED000A1FEDD10A554880ED000A0020ED
:101170003A490860BEEE000A524880ED000A414834
:101180000068401C3F49086008460068AA2804D946
:10119000B7EE000A374880ED000A00203A4908708F
:1011A000344890ED000AF7EE000AB4EE600AF1EE62
:1011B00010FA2AD137481FEDED0B01F0DFFF1FEDCC
:1011C000E30A3E4880ED000A1FEDE50A3C4800E0D6
:1011D00023E180ED000A224890ED080A5FEDEA0A5B
:1011E00030EE600AB7EEC00AB0EEC00B1FEDEC1B8C
:1011F000B4EEC10BF1EE10FA04D2B0EE000A1D48B5
:1012000080ED000A0020204908701A4890ED000A7D
:10121000F0EE000AB4EE600AF1EE10FA69D11D4852
:101220009FED290B01F0AAFF1FEDF90A234880ED7D
:10123000000A1FEDFA0A224880ED000A084890EDE6
:10124000080ADFED230A30EE600AB7EEC00AB0EEFE
:10125000C00B9FED201BB4EEC10B3FE0B00300209C
:10126000CC07002078070020380300200000000091
:1012700000004440D0030020780C002070030020C0
:1012800054030020D8030020CC030020DC030020FE
:10129000C0030020C403002000008CC2840300208F
:1012A0000000000000000000880300208C030020E4
:1012B000900300200000000000C08240B403002022
:1012C000B8030020BC030020000000000070824032
:1012D0007F300A40333333333333C33FF1EE10FAF8
:1012E00004D2B0EE080A884880ED000A0020874941
:1012F0000870854890ED000AF0EE080AB4EE600A26
:10130000F1EE10FA23D100208149C87781489FED82
:10131000820B01F033FF9FED820A824880ED000AC4
:101320001FED150A804880ED000A80480068401CC7
:101330007E49086008460068B0F5967F04D9B1EE92
:10134000000A714880ED000A0020704908706E485C
:1013500090ED000AF1EE000AB4EE600AF1EE10FA28
:101360005BD16C481FED280B01F008FF9FED700A60
:10137000704880ED000A9FED700A80ED010A01209F
:101380006E4908600020009001906D4890ED081AA9
:10139000F0EE410A6B4890ED081AB0EE410A68463B
:1013A000DFED691A9FED681A03F0BEFD614890ED0C
:1013B000000ADDED000A30EE600AB7EEC00AB0EEBA
:1013C000C00B1FED561BB4EEC10BF1EE10FA20D28C
:1013D00090ED010ADDED010A30EE600AB7EEC00AB9
:1013E000B0EEC00B1FED5F1BB4EEC10BF1EE10FAB7
:1013F0000FD29FED560A444880ED000A012044496F
:10140000C877B1EE060A524880ED000A0020514923
:10141000086001203D49087000BF4D4890ED000A6A
:10142000F1EE060AB4EE600AF1EE10FA35D19FED46
:10143000400A404880ED000A90ED010AF1EE040AEE
:1014400030EE600A80ED010A9FED400A424880EDCF
:10145000000A9FED420A424880ED000A2D481FED28
:10146000660B01F08BFE334890ED010AB5EEC00A21
:10147000F1EE10FA03D89FED350A80ED010A3948E4
:101480000068401C3749086008460068C82804D92D
:10149000B1EE080A2E4880ED000A2D4890ED000AB2
:1014A000F1EE080AB4EE600AF1EE10FA2AD19FEDCF
:1014B000200A204880ED000A9FED240A80ED010AF1
:1014C0009FED220A244880ED000A9FED240A24485B
:1014D00080ED000A0F481FED840B01F04FFE2248FB
:1014E0000068401C2049086008460068962809D911
:1014F00000201E490968488001200549C8771C4919
:10150000096808801CBD0000D0030020CC03002027
:10151000780C0020C40300200000000000E07540AB
:10152000D2FBB63FB4030020B803002054030020D0
:1015300000007A433803002000004843B003002035
:10154000CC0700207807002000005C43000000006A
:1015500070030020D8030020DC030020DB0FC9BF8C
:10156000C0030020980300209C0300200C030020EF
:101570001803002028490968488800EBD0714910F9
:10158000A0EB4101012908D10220244908709FEDF8
:10159000240A244880ED000A02E000202249086065
:1015A00022490968488800EBD0714910A0EB41013D
:1015B000012907D10120194908709FED190A19481E
:1015C00080ED000A194A1268518801EBD17252105D
:1015D000A1EB420262B9104A1268508800EBD07247
:1015E0005210A0EB42021AB90020114981F82500DF
:1015F00010490968488800EBD0714910A0EB4101FF
:10160000012907D10320054908709FED050A054807
:1016100080ED000A70470000040300205003002002
:1016200000000000DC030020540300200803002019
:10163000780C00200C0300201CB50020A949096883
:101640004880A9490968488800EBD0714910A0EB8F
:10165000410121B90020A5490870A5490860012071
:10166000A44981F825009FEDA40AA44880ED000A52
:10167000A34890ED000B9FEDA31BB4EEC10BF1EE60
:1016800010FA05D29FEDA10AA14880ED000A28E1D9
:10169000A04890ED000AB5EEC00AF1EE10FA22D192
:1016A0009B489FED9D0B01F069FD9FED9D0A9D48B4
:1016B00080ED000A90ED010AF1EE000A30EE200AFA
:1016C00080ED010A90ED010ADFED970AB4EEE00A21
:1016D000F1EE10FA04DBB7EE000A8E4880ED000A46
:1016E0000120924908708B4890ED000AF7EE000A3D
:1016F000B4EE600AF1EE10FA30D185489FED860B0A
:1017000001F03CFD9FED8A0A8A4880ED000A9FEDBA
:101710008A0A8A4880ED000A002089490860BEEEE6
:10172000000A884880ED000A874890ED080ADFED3E
:10173000820A30EE600AB7EEC00AB0EEC00B9FED31
:10174000831BB4EEC10BF1EE10FA04D2B0EE000A26
:10175000704880ED000A0020744908706D4890EDD3
:10176000000AF0EE000AB4EE600AF1EE10FA28D199
:1017700067489FED690B01F001FD9FED760A6D480A
:1017800080ED000A9FED740A6C4880ED000A6E48F7
:1017900090ED080ADFED700A30EE600AB7EEC00A7D
:1017A000B0EEC00B9FED691BB4EEC10BF1EE10FA69
:1017B00004D2B0EE080A574880ED000A00205B49C9
:1017C0000870544890ED000AF0EE080AB4EE600A82
:1017D000F1EE10FA23D100204649C8774C489FED1E
:1017E0005F0B01F0CBFC9FED5B0A524880ED000AD5
:1017F0009FED590A514880ED000A3D480068401CA1
:101800003B49086008460068B0F5967F04D9B1EE00
:10181000000A404880ED000A0020444908703D4815
:1018200090ED000AF1EE000AB4EE600AF1EE10FA53
:1018300057D137489FED4B0B01F0A0FC9FED380AC4
:10184000384880ED000A9FED490A80ED010A012029
:101850003B4908600020009001903B4890ED081A39
:10186000F0EE410A424890ED081AB0EE410A68468F
:10187000DFED401A9FED3F1A03F056FB294890ED2B
:10188000000ADDED000A30EE600AB7EEC00AB0EEE5
:10189000C00B9FED391BB4EEC10BF1EE10FA1CD258
:1018A00090ED010ADDED010A30EE600AB7EEC00AE4
:1018B000B0EEC00B9FED301BB4EEC10BF1EE10FA91
:1018C0000BD200200849096848809FED280A11487A
:1018D00080ED000A01200749C877012013490870EC
:1018E00000BF1CBD10030020040300205003002093
:1018F00054030020780C00204C4DD3BFC0030020BF
:10190000900500240000000000406F400000FA43F2
:10191000C4030020D00300200000000000308140FC
:1019200000007A43380300200000C843CC030020A5
:10193000EDD8683FB403002056D41A40B803002005
:10194000B0030020BC030020CC0700203333333326
:101950003333C33FD2FBB63F7F300A400000000064
:10196000007077400000000000708240000000001E
:101970007807002000005C430000000000004440A5
:1019800070B500250024EFF7FBF88020EFF732FA5E
:101990005520EFF72FFA5520EFF72CFA0546EFF711
:1019A000E5F89620EFF71AF9EFF7EAF88020EFF75D
:1019B00021FA5520EFF71EFA5520EFF71BFA0546DE
:1019C000EFF7D4F89620EFF709F9EFF7D9F8B62139
:1019D0007E20EFF71FFAEFF7C9F85020EFF7F1F884
:1019E000EFF7CEF88020EFF705FA5520EFF702FA6F
:1019F0005520EFF7FFF90546EFF7B8F89620EFF717
:101A0000EDF8EFF7BDF88020EFF7F4F95520EFF788
:101A1000F1F95520EFF7EEF90546EFF7A7F8962014
:101A2000EFF7DCF81E2D01D0FF2070BD002434E05C
:101A3000EFF7A6F804EB44021A4B1A44517804EB72
:101A40004402985CEFF7E6F9EFF790F89620EFF78D
:101A5000C5F8EFF795F804EB4401124A515C41F0E8
:101A60008000EFF7C7F95520EFF7C4F95520EFF7DD
:101A7000C1F90546EFF77AF89620EFF7AFF804EBD7
:101A80004400084908444078A84204D004EB4400CC
:101A900008448078C9E7601CC4B2062CC8DB00206B
:101AA000C3E700002D04002438B500240020009076
:101AB000EFF77CF869460020EFF78FF9EFF76CF845
:101AC0009620EFF78BF8EFF771F869460020EFF7F3
:101AD00084F9EFF761F89620EFF780F8EFF766F8F2
:101AE000B6211420EFF796F9EFF756F85020EFF7EC
:101AF00068F8EFF75BF869460020EFF76EF9EFF74B
:101B00004BF89620EFF76AF8EFF750F86946002097
:101B1000EFF763F9EFF740F89620EFF75FF89DF8DD
:101B200000000F2801D0FF2038BD00242FE0EFF780
:101B30003DF804EB4402184B1A44517804EB44027C
:101B4000985CEFF767F9EFF727F89620EFF746F87C
:101B5000EFF72CF804EB44010F4A505C6946EFF7AD
:101B60003CF9EFF719F89620EFF738F804EB44004A
:101B70000949084440789DF80010884205D004EBDC
:101B80004400054908448078CEE7601CC4B2062CA6
:101B9000CDDB0020C8E700003F04002410B500F0B2
:101BA0004DF80C48F2F77BFC0B48F2F778FC0B4839
:101BB000F2F775FC002201210648F1F79BFD002297
:101BC00001210548F1F796FD002201210348F1F7B4
:101BD00091FD10BDD00500247006002410070024DC
:101BE00030B502460C464FF6FF710AB9084630BDC3
:101BF00009E012F8013B81EA0300C0B2054D35F857
:101C0000100080EA2121201EA4F10104F1D1084630
:101C1000EDE700007674010830B50246FF2005E0CC
:101C200012F8014B84EA0003034CE05C0C1EA1F1A6
:101C30000101F5D130BD00007573010800B589B010
:101C400000200190029002200390012004900020C7
:101C50000590069001A90948F1F71FFE01200346EF
:101C60000222114600900548F1F76BFE0122114651
:101C70000248F1F7DCFD09B000BD0000D0050024EA
:101C800070B504460D46D5F8A60000EE100ADFED4B
:101C90000B0A0B48F8F76CFAB7EEC00A84ED000B9C
:101CA000D5F8A20000EE100ADFED040A0548F8F7A7
:101CB0005FFAB7EEC00A84ED020B70BD00000000B1
:101CC000F00C0020A40C002010B52DED0A8BF0EED6
:101CD000408AB0EE608A04464E4890ED000AB4EEA9
:101CE000C80AF1EE10FA03DD90ED000AB0EE408A6A
:101CF000484890ED010AB4EEC80AF1EE10FA03D29A
:101D000090ED010AB0EE408A0C21B7EEC80A4248B5
:101D100001F09EFFB3EE041B30EE419B0821B7EEAD
:101D2000C80A3E4801F094FFB0EE40BB0821B7EE70
:101D3000C80A3B4801F08CFFB0EE40CB0621B7EE5D
:101D4000C80A384801F084FFB0EE40ABB7EEE80AAD
:101D5000B4EEC90BF1EE10FA06DD84ED018AB7EEA0
:101D6000C90B84ED000A52E02A4890ED000AB1EE5A
:101D7000400AB4EEC80AF1EE10FA11D89FED2A0A13
:101D8000B4EEC08AF1EE10FA0AD2B7EEE80AB4EE69
:101D9000CA0BF1EE10FA03D2B7EECA0BF0EE408A8E
:101DA0009FED210AB4EEC08AF1EE10FA11DB9FED2F
:101DB0001F0AB4EEC08AF1EE10FA0AD2B7EEE80AB2
:101DC000B4EECC0BF1EE10FA03D2B7EECC0BF0EE82
:101DD000408A9FED160AB4EEC08AF1EE10FA12DBCB
:101DE0000C4890ED010AB4EEC80AF1EE10FA0ADBD5
:101DF000B7EEE80AB4EECB0BF1EE10FA03D2B7EE71
:101E0000CB0BF0EE408AC4ED008A84ED018ABDEC74
:101E10000A8B10BDD0010020C0000020200100204E
:101E200060010020A001002000002AC30000C84279
:101E30002DE9FC4106460C461546601987B2FF2085
:101E40008DF800008DF801008DF802008DF8030078
:101E50008DF804008DF805008DF80600FB208DF844
:101E6000070008236A463946304600F05BFBBDE8B0
:101E7000FC81000010B52DED088BB0EE408BB0EE6C
:101E8000419BB0EE42ABB0EE43BB9FED142ADFEDB9
:101E9000141AB2EE081AF7EE000AB7EEC80B0121C9
:101EA000104801F057FCF1EE000AB7EEC90B022111
:101EB0000C4801F0FDFEF7EE080AB7EECA0B01214F
:101EC000094801F0F5FEF0EE0C0AB7EECB0B02214B
:101ED000054801F0EDFEBDEC088B10BD00000000D0
:101EE00033333340700600241007002400B52DED75
:101EF000048B81B0B0EE408BF7EEC80B164890ED26
:101F0000001BB7EEC10B1548F8F732F9B0EE409A56
:101F1000134890ED0A1BF7EEC10BB0EE600AF0EE2D
:101F2000490A1048F8F724F9F0EE409A0E480023C9
:101F30001A461946BDEEE90A009010EE100A00B2EA
:101F400003F006FA0823084A9901084800F0EAFA63
:101F500001B0BDEC048B00BD98050024403800247E
:101F6000083A00248C380024480500241007002477
:101F7000374890ED000A374880ED000A344890ED6C
:101F8000010A354880ED000A314890ED020A3348D5
:101F900080ED000A2E4890ED030A314880ED000ADA
:101FA0002B48007C01280DD12E4988772E4890EDD2
:101FB000000BB7EE001B30EE010BB7EEC00B08466E
:101FC00080ED060A2248007C02280ED10120254916
:101FD0008877254890ED000BBFEE001B30EE010B1B
:101FE000B7EEC00B084680ED060A1948007C10B910
:101FF00003201C4988771648807C022804D19FED75
:102000001B0A1B4880ED000A1148807C012804D17E
:102010009FED180A164880ED000A0D48807C20B913
:102020009FED150A124880ED000A0948407C0128FE
:1020300001D10C49C8770648407C10B900200949F5
:10204000C87700200D49087001200D4908607047CD
:10205000B8300024B4030020B8030020BC030020E3
:10206000C0030020780C0020980500240000C8431D
:10207000C40300200000C8C300000000CC030020FF
:10208000AC03002010B504469FED030B84ED020B5A
:102090002046EFF7D9FA10BD000000000000000054
:1020A00080ED040B642900DD6421012900DA01219F
:1020B000018301228276704710B52DED028B044614
:1020C0002046EFF7C1FAB0EE408A94ED020BB7EE6E
:1020D000C81A30EE010B84ED020B94ED020B94ED67
:1020E000041BB4EEC10BF1EE10FA0EDD0220A07657
:1020F000208B401E002802D5BDEC028B10BD0221B2
:10210000208B401E084A11540BE00120A076208B42
:10211000401E002800D5EFE70121208B401E024A17
:10212000115400BFE8E70000C83C002410B5034686
:102130000C46207800F00F0058602078011199605B
:10214000A078617840EA0121D960E0780001217926
:1021500040EA211119616079217901F00F0140EA0B
:10216000012159611021F2EE090ABAEE090AD86874
:1021700004F00CF983ED080A0C21DFED110A9FED44
:10218000110A186904F002F983ED090A0C21DFED48
:102190000E0A9FED0E0A586904F0F8F883ED0A0A5A
:1021A000A07900EE100AB8EE400A83ED0D0AE0793E
:1021B00000EE100AB8EE400A83ED0E0A10BD0000D2
:1021C00000003442000034C200005842000058C2EF
:1021D00010B5002201210B4800F018F84FF480726E
:1021E0000221084800F012F84FF4807201210648DD
:1021F00000F00CF84FF480720221034800F006F85A
:1022000010BD000070060024100700242DE9FC41D9
:1022100006460C461546601987B2FF208DF800006F
:102220008DF801008DF802008DF803008DF8040090
:102230008DF805008DF80600FC208DF807000823B6
:102240006A463946304600F06DF9BDE8FC8170B54C
:102250002DED0E8B04460D4694ED000BB0EE001BE9
:1022600080EE012BB0EE42EBB0EE4E0BFDF71CF909
:10227000B0EE408B94ED000BB0EE001B80EE012B16
:10228000B0EE42EBB0EE4E0BFDF7E2FDB0EE409B40
:1022900094ED020BB0EE001B80EE012BB0EE42EB92
:1022A000B0EE4E0BFDF700F9B0EE40AB94ED020B33
:1022B000B0EE001B80EE012BB0EE42EBB0EE4E0B09
:1022C000FDF7C6FDB0EE40BB94ED040BB0EE001B75
:1022D00080EE012BB0EE42EBB0EE4E0BFDF7E4F8D2
:1022E000B0EE40CB94ED040BB0EE001B80EE012B62
:1022F000B0EE42EBB0EE4E0BFDF7AAFDB0EE40DBC8
:1023000028EE0A0B20EE0C0B29EE0B1B01EE0D0B39
:1023100085ED000B28EE0A0B20EE0D0B29EE0B1BB2
:1023200001EE4C0B85ED020B28EE0B0B20EE0C0B97
:1023300029EE0A1B01EE0D0B85ED040B29EE0A0BAD
:1023400020EE0C0B28EE0B1B01EE4D0B85ED060B62
:10235000BDEC0E8B70BD82B0CDE9000121F00040D4
:1023600001909DED000B02B051EC100B7047000086
:1023700010B5214A2149224800F0A0F81F480088E2
:1023800040F20521884203D11B491E48F7F774F833
:102390001A48008840F20621884203D116491A489B
:1023A000F6F7A6FF1948008814490988884203D126
:1023B00011491648F7F760F8154800880F49098851
:1023C000884203D10C491248F7F756F811480088A3
:1023D0000A490988884203D107490E48F7F74CF8A3
:1023E0000D48008805490988884203D102490A48F6
:1023F000F7F742F810BD0000AE000024B60000243C
:10240000D0050024C83A0024683A0024E0080020DF
:1024100058090020D0090020480A002010B50B4AB6
:102420000B490C4800F04AF809480088032803D1FA
:1024300006490948FFF77AFE05480088042803D1B9
:1024400002490648FFF772FE10BD0000B8000024E4
:10245000C00000247006002478070020CC0700206C
:1024600010B5104A1049114800F028F80E480088AD
:10247000032803D10B490E48FFF758FE0A4800888D
:10248000042803D107490B48FFF750FE064800888F
:1024900040F20121884203D102490748F6F728FF9C
:1024A00010BD000068280024C2000024100700248A
:1024B0002008002074080020083A0024F0B58BB0F2
:1024C00007460C4615462B4601AA40213846F1F72F
:1024D00055FA28BB019820800498082801D8049850
:1024E000C6B20498092800D80C2604980A2800D8F7
:1024F000102604980B2800D8142604980C2800D81D
:10250000182604980D2800D8202604980E2800D8F4
:10251000302604980F2800D8402630460BB0F0BD76
:102520000020FBE7F0B589B006460D4617461C466D
:102530000095002001900290082C00D803940C2CE8
:1025400001D109200390102C01D10A200390142CF2
:1025500001D10B200390182C01D10C200390202CCA
:1025600001D10D200390302C01D10E200390402C7E
:1025700001D10F200390002004904FF480100590AB
:10258000400006900020079008903A466946304681
:10259000F1F704F910B1012009B0F0BD0020FBE70C
:1025A000014671EE602AF0EE621AB0EE602A30EE5B
:1025B000423A01208840401E02EE900AF8EEE22ADC
:1025C00063EE222A82EEA13AFDEEC32A12EE900AB1
:1025D0007047000010B53A48008870B19FED390A85
:1025E000394880ED000A9FED390A394880ED000A2C
:1025F0009FED380A384880ED000A38480088304995
:1026000009880840B8B19FED2F0A2F4880ED000AD5
:102610009FED330A80ED010A9FED2C0A2C4880EDD6
:10262000000A9FED2C0A2C4880ED000A2D489FEDF2
:102630002E0B00F0A3FD2E48008870B19FED250AF7
:10264000214880ED010A9FED230A214880ED000A10
:102650009FED200A204880ED000A20480088A8B19C
:102660002448008890B19FED170A174880ED000AB2
:102670009FED1B0A80ED010A9FED1F0A164880EDB1
:10268000000A9FED1D0A124880ED000A13480088D9
:10269000A8B11A48008890B19FED190A0A4880ED48
:1026A000000A9FED0C0A80ED010A9FED160A0A4808
:1026B00080ED000A9FED100A054880ED000A10BD6C
:1026C000F001002000007A4338030020DB0FC9BF6F
:1026D000C003002000000000DC030020E601002011
:1026E00000004843C40300200000000000005940DF
:1026F000F2010020E0010020DB0F49BFE2010020D1
:102700000000A543DB0F493F30B52DED0A8BBFB06C
:102710000446B0EE408BB0EE419BB0EE42ABB0EE63
:1027200043BB0D46182138A8EDF7BDFF202130A886
:10273000EDF7B9FF30226B4924A8EDF782FF94ED45
:10274000040B8DED380B94ED060B8DED3A0B94EDEB
:10275000080B8DED3C0B30A938A8FFF778FD9DEDF7
:10276000300B8DED280B9DED320B8DED2A0B9DED81
:10277000340B8DED2C0B9DED360B8DED2E0B902239
:10278000584930316846EDF75CFFBEEE000B2BEE8A
:10279000000B20EE080B8DED060BBEEE000B2AEEB3
:1027A000000B20EE080B8DED080BBEEE000B29EEA2
:1027B000000B20EE080B8DED0A0BB6EE000B2BEE96
:1027C000000B20EE080B8DED0C0BB6EE000B29EE86
:1027D000000B20EE080B8DED100BBEEE000B2AEE69
:1027E000000B20EE080B8DED120BB6EE000B2AEE5F
:1027F000000B20EE080B8DED140BBEEE000B29EE46
:10280000000B20EE080B8DED160BB6EE000B2BEE39
:10281000000B20EE080B8DED1A0BB6EE000B29EE27
:10282000000B20EE080B8DED1C0BB6EE000B2AEE14
:10283000000B20EE080B8DED1E0BBEEE000B2BEEF9
:10284000000B20EE080B8DED200B24AA24A968466E
:1028500004F004FA9DED281B21EE011B9DED2A2BAF
:102860009DED2A3B02EE031B9DED2C2B9DED2C3B99
:1028700002EE031B9DED2E2B9DED2E3B02EE031B66
:10288000B0EE410BFDF73CFBB0EE40CB9DED280BCD
:1028900080EE0C1B8DED301B9DED2A0B80EE0C1B8A
:1028A0008DED321B9DED2C0B80EE0C1B8DED341B42
:1028B0009DED2E0B80EE0C1B8DED361B38A930A83C
:1028C00001F072FB9DED380B85ED040B9DED3A0B8D
:1028D00085ED060B9DED3C0B85ED080B3FB0BDEC87
:1028E0000A8B30BD7876010810B5474AA2F118016D
:1028F00001F10C00EEF7A6F9444890ED000A4448B7
:1029000080ED000A434890ED000A404880ED000A3F
:102910003D48183890ED060ADFED3F0A30EEC00A58
:102920003C4880ED000A3D4890ED000A3948D0ED62
:10293000000A30EE200A394880ED000A90ED000AC6
:10294000DFED370AB4EEE00AF1EE10FA03DD9FED99
:10295000340A80ED000A314890ED000ADFED310ABB
:10296000B4EEE00AF1EE10FA03D29FED2E0A80EDEC
:10297000000A284890ED000ADFED2B0A20EE200A1D
:102980002648D0ED000A9FED291A01EE200A2148C1
:10299000D0ED000A1D4890ED001A70EEC10AB2EEAB
:1029A000041A01EE200A224880ED000A90ED000A88
:1029B000DFED200AB4EEE00AF1EE10FA03DD9FED40
:1029C0001D0A80ED000A1A4890ED000AB5EEC00A13
:1029D000F1EE10FA03D29FED180A80ED000A1748B5
:1029E0000078012804D19FED140A114880ED000AF7
:1029F0000F4890ED000ABCEEC00A10EE100A80B23B
:102A00000F490968086410BDA02800242004002490
:102A1000240400241C040024000020422804002474
:102A200000148246001482C6000096439A99993E8B
:102A30001804002400181C46000000002C04002488
:102A400050040020024642FA01F000F001007047F5
:102A5000024642FA01F000F001007047034643FAD3
:102A600002F000F0010030B141FA02F000F0010084
:102A700008B9012070470020FCE7034643FA02F042
:102A800000F0010030B141FA02F000F0010008B995
:102A9000012070470020FCE72DE9F04107460E4673
:102AA00014461D4694ED000BBDEEC00B10EE100A4F
:102AB00094ED020BBDEEC00B10EE101A4843801CC3
:102AC000C20021463846EDF7BCFD95ED000BBDEE8A
:102AD000C00B10EE100A95ED020BBDEEC00B10EE10
:102AE000101A4843801CC20029463046EDF7A9FD64
:102AF000BDE8F081F0B5ADF2944D07460C461546A1
:102B00001E464FF492616846EDF7CDFD2146204602
:102B100004F094FA6A462146384604F09FF82146AC
:102B2000204604F08BFA6A466946204604F096F87F
:102B30006A462946684603F0DBFC6946684603F0AE
:102B4000C5FD2146204604F079FA6A4669462046CA
:102B500004F084F82146204604F070FA32466946B3
:102B6000384604F07BF80DF2944DF0BDF0B5ADF2AF
:102B7000944D07460D4614461E464FF49261684632
:102B8000EDF791FD6A462146284604F067F86A464B
:102B90006946384604F062F832466946204604F039
:102BA0002BF90DF2944DF0BDF0B5ADF2944D044605
:102BB0000D4616461F464FF492616846EDF773FDC9
:102BC0002146204604F03AFA6A462146284604F097
:102BD00045F82146204604F031FA6A466946204607
:102BE00004F03CF83A463146684603F081FC0DF2A9
:102BF000944DF0BD2DE9F0419CB004460D461646BB
:102C00001F46DDF8888070216846EDF74CFD6A4666
:102C10002146384604F022F86A466946304604F0F8
:102C2000EBF86A466946284604F018F842466946B9
:102C3000204603F05DFC1CB0BDE8F08100B587B014
:102C40000C213048F5F7E8FB00BFEDF7ECFF00285A
:102C5000FBD101202C49087008E02C48007801289D
:102C600000D104E09FED2A0AEEF7D0FCF5E700BFA3
:102C70002848EEF7E9FCB7EEC00A274880ED000BC4
:102C8000FFF732FE18216846EDF70DFD234890ED61
:102C9000000AB7EEC00A224880ED000B1F4890EDF5
:102CA000010AB7EEC00A1E4880ED020B1B4890EDEA
:102CB000020AB7EEC00A1A4880ED040B6946FDF718
:102CC00013FC9DED000B174880ED040B9DED020BEE
:102CD00080ED060B9DED040B80ED080B104890ED88
:102CE000000B114880ED000B0D4890ED020B0E48D3
:102CF00080ED020B0A4890ED040B0B4880ED040BAD
:102D000007B000BD50040020C9000024C800002402
:102D10006F12833ACC000024D000002488280024BD
:102D200000290024280100241829002400B589B0B6
:102D3000FFF7DAFDF148EEF787FCB7EEC00AF0487E
:102D400080ED000BEF4890ED030AEF48D0ED000A4C
:102D500030EE600AEB4880ED030A90ED040AEB4880
:102D6000D0ED000A30EE600AE64880ED040A90EDEE
:102D7000050AE748D0ED000A30EE600AE14880ED30
:102D8000050A90ED030AB7EEC00AE24880ED000B99
:102D9000DC4890ED040AB7EEC00ADF4880ED000B76
:102DA000D84890ED050AB7EEC00ADC4880ED000B6C
:102DB000182102A8EDF777FCD24890ED000AB7EE93
:102DC000C00AD74880ED000BCE4890ED010AB7EE5F
:102DD000C00AD34880ED020BCA4890ED020AB7EE54
:102DE000C00ACF4880ED040BCE4890ED001BCE48C2
:102DF00090ED002BC24890ED003BB7EE000B02EEC9
:102E0000430B21EE000BC64890ED001BC64890ED29
:102E1000002B21EE021BBA4890ED002B01EE020BB5
:102E2000BF4880ED000BBF4890ED021BBE4890EDFF
:102E3000002BB34890ED003BB7EE000B02EE430BC6
:102E400021EE000BB64890ED021BB74890ED002B29
:102E500021EE021BAA4890ED002B01EE020BB048B8
:102E600080ED020BAF4890ED041BAF4890ED002BB6
:102E7000A34890ED003BB7EE000B02EE430B21EEB2
:102E8000000BA74890ED041BA74890ED002B21EE06
:102E9000021B9B4890ED002B01EE020BA04880ED39
:102EA000040B90ED000B974880ED140B9C4890EDBF
:102EB000020B944880ED160B994890ED040B914855
:102EC00080ED180B02A99648FDF70EFB9DED020B55
:102ED000964880ED040B9DED040B80ED060B9DEDF7
:102EE000060B80ED080B8E4890ED000B8D4880EDB1
:102EF000000B8B4890ED020B8A4880ED020B88484E
:102F000090ED040B874880ED040B8949814890EDD2
:102F1000003B814890ED002B804890ED001B7848E5
:102F200090ED000B8348FFF7EFFB834B834A844906
:102F30000020FFF739FE774890ED001B21EE011BC2
:102F4000754890ED002B90ED003B02EE031BB0EEB8
:102F5000410BFCF7D5FFB0EEC00B9FED7A1BB4EE32
:102F6000C10BF1EE10FA21DC6D4890ED001B21EE53
:102F7000011B90ED022B90ED023B02EE031B90ED46
:102F8000042B90ED043B02EE031BB0EE410BFCF76B
:102F9000B7FF9FED6E1B30EE410BB0EEC00B9FED07
:102FA000691BB4EEC10BF1EE10FA18DD604890ED2C
:102FB000040B684880ED040B5D4890ED060B6548F6
:102FC00080ED060B5A4890ED080B624880ED080B27
:102FD000594B02465A495748FFF75EFD1FE05E4BCA
:102FE0005E4A5F495448FFF785FD5A485C4B4F4A9B
:102FF000594900904E48FFF7FDFD4D4890ED040BF8
:10300000544880ED040B574B4B4A55495248FFF743
:10301000ADFD544B4F4A4A494648FFF73DFD4D48E8
:1030200090ED040B9FED501B20EE010B354880ED19
:10303000080B484890ED060B9FED4B1B20EE010B53
:10304000304880ED0A0B434890ED080B9FED461B7E
:1030500020EE010B2B4880ED0C0B3E4890ED040B4D
:10306000284880ED0E0B3B4890ED060B254880ED7F
:10307000100B384890ED080B224880ED120B90EDB4
:103080000E0B3B4890ED001B30EE410BB8EE081BD9
:10309000B4EEC10BF1EE10FA05D21A48006F401CD5
:1030A0001849086713E0174890ED0E0B304890ED73
:1030B000001B30EE410BB0EE081BB4EEC10BF1EE7D
:1030C00010FA04DD0F48006F401E0E4908670D48D6
:1030D00090ED0E1B006F400000EE100AB8EEC00B22
:1030E0009FED242B00EE021B064880ED1A1B90ED8D
:1030F0000E0B1F4880ED000B09B000BDCC00002472
:10310000D000002488280024E0000024DC000024F3
:10311000D8000024F8000024F0000024E800002477
:103120000029002418290024100400245001002440
:103130007801002428010024F8010024A8020024BA
:10314000500200249A9999999999D93F312592E88A
:103150006594234000010024B003002400030024F0
:1031600058030024A0010024B694631ADCA54C4047
:10317000080400244AD8124DFB21094010B52DED5A
:10318000028BB0EE408B0446F7EEC80B064890ED7C
:10319000001BB7EEC10B0548F6F7EAFF84ED000A05
:1031A000BDEC028B10BD000090050024BC3900244A
:1031B00000B52DED048B81B0B0EE408B174890ED3B
:1031C0000E1BF7EEC10BB0EE600AB1EE481BF7EE36
:1031D000C10B1348F6F7CCFFB7EEC00AB0EE409B28
:1031E000104800231A4600900F4890ED000BBDEEEA
:1031F000C00B10EE100A01B2BDEEC90B10EE100AA2
:1032000000B202F0A5F80823064A40F2FF11074871
:10321000FFF788F901B0BDEC048B00BDC83A00246B
:10322000243900245805002440050024D00500243A
:1032300010B5494800684088032190FBF1F201FB7A
:10324000120028B90020454908604549096888806E
:10325000414800684088032190FBF1F201FB120015
:1032600001283BD13F489FED400BFFF787FF9FEDC3
:10327000400A404880ED000A9FED3F0A80ED010AB8
:103280009FED3E0A3E4880ED000A9FED3B0A3D4817
:1032900080ED000A002031490860314909688888BA
:1032A00000EBD0714910A0EB4101012916D19FED2F
:1032B000320A354880ED000A9FED2F0A334880ED31
:1032C000000A9FED2D0A2F4880ED000A9FED2B0A82
:1032D0002B4880ED000A00202D4908701E48006828
:1032E0004088032190FBF1F201FB1200022831D14A
:1032F0001C489FED280BFFF741FF9FED1D0A1D485D
:1033000080ED000A9FED1C0A80ED010A9FED1A0A6C
:103310001B4880ED000A9FED180A1A4880ED000A4C
:103320000E480068401C0D4908600968B1F5967F99
:103330000DD90B490968888800EBD0714910A0EBC2
:103340004101012903D00020034909684880002079
:103350000F49087010BD0000100300204C0300202E
:1033600014030020C40300200000000000005440AB
:103370000000A54338030020000000009A9919BE00
:10338000C0030020DC030020B4030020B8030020A9
:10339000CC0300200000000000005E402DED028BF9
:1033A000F1F7D0F9F7F744FCF6F74CFAF6F732F9F3
:1033B000F6F7C0FCF6F7FAFCF6F71EFBF6F77CF919
:1033C000F6F7BCF9F6F7FCF9F6F7E4FAF6F7BAFB0C
:1033D000F6F70AFCF6F726FDF6F740FCF6F73EFB9B
:1033E000F6F772FC02F06AF84FF4F070EEF752F95B
:1033F000FFF724FC9FED720AEEF708F9FEF7CEFB0B
:10340000F7F766F9EDF77EFDEDF7C0F9FBF7C8FCBD
:10341000F7F7E9FBFF226B496B48F5F7E2F801216A
:103420009FED6A0B6B48FEF73BFE02219FED670B99
:103430006948FEF735FEC1E001F01CF86748EEF779
:1034400003F9FFF773FC664800680A2190FBF1F26C
:1034500001FB1200002863D162480088012831D1A5
:103460006148008801282DD1002201215F48FEF724
:10347000CDFE4FF4807202215C48FEF7C7FE4FF488
:10348000807201215A48FEF7C1FE4FF4807202217A
:103490005748FEF7BBFE002201215448FEF7C8FC46
:1034A0004FF4807202215148FEF7C2FC4FF4807243
:1034B00001214F48FEF7BCFC4FF4807202214C48BA
:1034C000FEF7B6FC4B480088012829D14548008802
:1034D000012825D144480088012821D100BF80F36C
:1034E000138800BF00BF00BF00BF00BF00BFBFF315
:1034F0004F8F00BF00BF00BF3F48006800F4E0608E
:103500003E490843001D3C49086000BF00BF00BFA2
:10351000BFF34F8F00BF00BF00BF00BF00BFFDE77C
:103520002F480068052190FBF1F201FB120028B939
:103530002848FEF7C1FD2848FEF7BEFD2848006870
:10354000052190FBF1F201FB120008B9F7F7F2F840
:10355000EDF756FDEDF7B8F9FBF734FCF7F744FB50
:103560001F480068C82190FBF1F201FB120040B92E
:103570002348008808B101F0A1FFF8F75DFF02F0D1
:10358000A7FE1648EEF760F8B0EE408A9FED1D0AE0
:1035900030EE480A1C4880ED000A90ED000AB5EEB6
:1035A000C00AF1EE10FA03DB90ED000AEEF72EF8F8
:1035B0000B480068401C0A49086000BF3CE7000057
:1035C000CDCCCC3D3B0E0020100B002433333333E5
:1035D0003333D33F883C0024A83C0024040000245B
:1035E0000C000024E4010020EA0100207006002401
:1035F00010070024E60100200CED00E00000FA05B1
:10360000EC0100206F12833A0800002470B50446D4
:103610000D46002008E0C0F1620204F1B0018A5CAE
:10362000C0F16303CA54401C6328F4DB252007491A
:103630000870252229460648ECF7BEFF25222946B8
:1036400004F18700ECF7B8FF70BD0000F90300201B
:10365000543C002410B504461448006AC4F86D00B8
:103660001348006AC4F871001248006AC4F8750073
:103670001148006AC4F87900104890ED000BB7EECD
:10368000C00B10EE100AC4F87D000D4890ED000B41
:10369000B7EEC00B10EE100AC4F88100204600F00F
:1036A00011F81B212046EDF711FC10BD7807002012
:1036B000CC07002020080020740800209805002472
:1036C0009005002470B52DED028B044604F1AC008A
:1036D000EDF7BAFFB0EE408A94ED190A30EE080A11
:1036E00084ED190A0026002500200FE004F1B00146
:1036F000095C012901D1761C07E004F1B001095CE5
:10370000022901D16D1C00E002E0401C6428EDDBC1
:1037100000BFA81900280CDDA81900EE100AF8EE69
:10372000C00A00EE105AB8EEC00A80EE201A84EDEE
:103730001A1A5A2084F86C001B2104F16C00EDF772
:10374000FDF91B2204F16C012046ECF77AFFBDEC79
:10375000028B70BD2DE9F04F2DED068B83B08246B4
:103760000C46B0EE40AAB0EE608AF0EE418AB0EEB0
:10377000619AF0EE429A1FFA84FB1020B2EE091A09
:10378000FAEE090AB0EE4A0AFEF70AFF85B20C20EB
:103790009FED2A1ADFED2A0AB0EE480AFEF700FF75
:1037A00086B20C209FED271ADFED270AB0EE680ADB
:1037B000FEF7F6FE87B20C20B1EE041ADFED220A06
:1037C000B0EE490AFEF7ECFE1FFA80F80C209FEDE0
:1037D0001F1ADFED1F0AB0EE690AFEF7E1FE1FFABD
:1037E00080F928128DF80400E8B28DF80500C6F3C0
:1037F00007108DF806003007000E40EA27208DF8EC
:103800000700F8B28DF80800C8F307108DF809001A
:103810004FEA0870000E40EA29208DF80A0009F0EE
:10382000FF008DF80B00082301AA59465046FEF709
:1038300079FE03B0BDEC068BBDE8F08F000034428A
:10384000000034C20000FA430000000000005842AB
:10385000000058C28948007800287DD1DFED880A31
:10386000B0EE600A8748008878B18748008860B960
:10387000864890ED001BF2EE040A60EE200AB7EED7
:10388000E02A31EE021B80ED001B7F48008878B1F2
:103890007C48008860B97D4890ED001BF2EE040A78
:1038A00060EE200AB7EEE02A31EE421B80ED001BED
:1038B0007548008838B97348008820B99FED741B9B
:1038C000724880ED001B714890ED001BDFED720A1D
:1038D00060EE200AB7EEE02AB4EEC21BF1EE10FA59
:1038E00007DDDFED6D0A60EE200AB7EEE01A80ED2D
:1038F000001B664890ED001BDFED680A60EE200AB1
:10390000B7EEE02AB4EEC21BF1EE10FA07D2DFEDFB
:10391000630A60EE200AB7EEE01A80ED001B6048F3
:10392000008858B15F48008840B95F48D0ED000A70
:10393000B1EE081A41EE000AC0ED000A59480088AD
:1039400068B15748008850B95748D0ED000AB1EE29
:10395000081A41EE400A00E08EE0C0ED000A51482E
:10396000008838B94E48008820B9DFED500A4E482B
:10397000C0ED000A4C48D0ED000A60EEA00A90EDC0
:10398000001A60EE810AB7EEE01A404880ED021B93
:103990004548D0ED000A9FED461AF4EEC10AF1EE5B
:1039A00010FA03DDDFED420AC0ED000A3E48D0ED1B
:1039B000000A9FED401AF4EEC10AF1EE10FA03D2AC
:1039C000DFED3C0AC0ED000A304890ED021BDFED50
:1039D000320A60EE200AB7EEE02AB4EEC21BF1EE26
:1039E00010FA07DDDFED2C0A60EE200AB7EEE01AD0
:1039F00080ED021B254890ED021BDFED280A60EEEA
:103A0000200AB7EEE02AB4EEC21BF1EE10FA07D29C
:103A1000DFED220A60EE200AB7EEE01A80ED021B0D
:103A20002548007810B325480078F8B11E4890ED7D
:103A3000001AF2EE0A1AC1EE210AB7EE001A30EEB1
:103A4000811A1F48B0F90E0000EE900AF8EEE00A65
:103A5000F1EE600AF7EE001A60EEA10A61EE200AAC
:103A6000B7EEE01A094880ED041B04E09FED081B47
:103A7000064880ED041B00BF704700006C03002067
:103A8000295C0F3EDE010020DC010020580C0020E4
:103A900000000000000000000000FA440000FAC42A
:103AA000D8010020DA0100204803002000000000B7
:103AB00000003042000030C2F9010020F80100206F
:103AC000C8080020174890ED000ADFED170A30EE15
:103AD000200A164880ED000A154890ED000ADFED37
:103AE000150A30EE200A114880ED010A124890EDC7
:103AF000000ADFED120A30EE200A0C4880ED020ABF
:103B00000F4890ED000ADFED0F0A30EE200A07485B
:103B100080ED030A0C4890ED000A044880ED040A89
:103B200070470000B4030020713D8ABE780C00206D
:103B3000B8030020BC7413BCBC03002031082C3D2A
:103B4000C00300201283C0BDC403002010B5364856
:103B500090ED000ADFED350AB4EEE00AF1EE10FA5E
:103B600003DD9FED320A80ED000A2F4890ED000A38
:103B7000B5EEC00AF1EE10FA03D29FED2D0A80EDEA
:103B8000000A294890ED010ADFED2A0AB4EEE00AA6
:103B9000F1EE10FA03DD9FED270A80ED010A2248BD
:103BA00090ED010ADFED240AB4EEE00AF1EE10FA1E
:103BB00003D29FED210A80ED010A1B4890ED011A06
:103BC000F0EE410A90ED001AB0EE410A1B48FEF7F4
:103BD0007BF81A4890ED000A134880ED000A174858
:103BE00090ED010A104880ED010A144890ED011A89
:103BF000F0EE410A90ED001AB0EE410A10490220A1
:103C0000DFED101A9FED0F1A01F00CFA0C4890ED41
:103C1000000A0D4880ED000A094890ED010A0B48A2
:103C200080ED000A10BD0000380300200000DC43D6
:103C3000000000000000C843000064C340030020EF
:103C40003003002000005C43B4030020B8030020D0
:103C500070B52DED048B0646B0EE409B0D469FEDF2
:103C6000120BB0EE408B002416E0281B401E00EE25
:103C7000100AB8EEC00BB0EE401BB0EE490BFBF7DC
:103C80006BFC06EBC40090ED002BB0EE481B00EE81
:103C9000021BB0EE418B641CAC42E6DBB0EE480B7D
:103CA000BDEC048B70BD00000000000000000000AF
:103CB0002DE9F3412DED020B82B007460E4606F5C5
:103CC00080701FFA80F802AC03AD20788DF80000F8
:103CD00060788DF80100A0788DF80200E0788DF80A
:103CE000030028788DF8040068788DF80500A8781E
:103CF0008DF80600E8788DF8070008236A464146EB
:103D00003846FEF70FFC06B0BDE8F08100B52DED9A
:103D10000E8B85B09048008800287DD001208F4907
:103D200008708F48006838B98E4890ED000BB7EEE8
:103D3000C00B8D4880ED000AB7EE008A8B48D0EDAD
:103D4000009A8B4890ED080ADFED8A0A70EE608ACF
:103D5000B7EEE80AFBF7A8FBB7EEC81A20EE01CBD6
:103D6000B7EEE90AFBF7A0FB2CEE000BB7EEC0ABF9
:103D7000B7EEE80AFBF798FBB7EEC81A20EE01CBC6
:103D8000B7EEE90AFCF764F82CEE000BF7EEC0ABD7
:103D9000B7EEE80AFCF75CF8B7EEC81A20EE010BA4
:103DA000B7EEC09BB6EE00BAF6EE00BA9FED72DA3F
:103DB000DFED72DA9FED72EADFED72EA724890EDA4
:103DC000000A8DED030A90ED010A8DED040A90EDD5
:103DD000000A0BEE0A0A80ED000A90ED010A0BEED4
:103DE000AA0A80ED010A90ED000A8DED010A90ED1E
:103DF000010A8DED020A90ED000ADFED640AB4EECF
:103E0000E00AF1EE10FA03DD9FED600A80ED000A92
:103E10005D4890ED000A00E094E0B5EEC00AF1EED6
:103E200010FA03D29FED5A0A80ED000A564890ED31
:103E3000010ADFED580AB4EEE00AF1EE10FA03DDF4
:103E40009FED540A80ED010A4F4890ED010ADFED25
:103E5000520AB4EEE00AF1EE10FA03D29FED4E0AD8
:103E600080ED010A484890ED011AF0EE410A90ED0C
:103E7000001AB0EE410A4948FDF726FF474890ED89
:103E8000000A414880ED000A444890ED010A3E488E
:103E900080ED010A90ED000ADDED010AB4EE600A42
:103EA000F1EE10FA08D190ED010ADDED020AB4EE50
:103EB000600AF1EE10FA17D09DED030A324880ED4A
:103EC000000A9DED040A80ED010AB1EE6E0A20EEB3
:103ED0002A0AB7EEC00A324880ED000B2EEE0A0A1D
:103EE000B7EEC00A80ED020BB5EEC09AF1EE10FA03
:103EF00007DB1D4890ED000A0DEE890A80ED000AEF
:103F000006E0194890ED000A0DEE090A80ED000A5E
:103F1000154890ED000AB5EEC00AF1EE10FA03D292
:103F20009FED1B0A80ED000A1E480F4991ED000A23
:103F3000B7EEC00AFFF722F909480068401C08499B
:103F4000086004E00020064908600449087005B0D4
:103F5000BDEC0E8B00BD0000EA0100206C030020C8
:103F6000640300209005002468030020DC03002087
:103F700074080020CDCCCC3D0AD7233E3D0A173F24
:103F8000000090420000CC42380300200000DC43D7
:103F9000000000000000C843000064C3400300208C
:103FA000580C0020C403002070B504460D4694ED63
:103FB000002B22EE022B94ED023B94ED024B03EE1C
:103FC000042B94ED043B94ED044B03EE442B94ED51
:103FD000063B94ED064B03EE442BB0EE421B94EDF2
:103FE000002B94ED063B22EE032B94ED023B94ED67
:103FF000044B03EE042BB0EE003B22EE032BB0EE9D
:10400000420BFBF76DF985ED000B94ED000B94ED81
:10401000041B20EE010B94ED061B94ED022B01EE28
:10402000420BB0EE001B20EE010BB7EE001BB4EE0E
:10403000C10BF1EE10FA16DC94ED000B94ED041BAD
:1040400020EE010B94ED061B94ED022B01EE420BCA
:10405000B0EE001B20EE010BBFEE001BB4EEC10B57
:10406000F1EE10FA00D270BD94ED001B94ED042B1C
:1040700021EE021B94ED062B94ED023B02EE431B56
:10408000B0EE002B21EE021BB0EE410BFAF724FF3D
:1040900085ED020B94ED002B22EE022B94ED023BFA
:1040A00094ED024B03EE442B94ED043B94ED044B52
:1040B00003EE442B94ED063B94ED064B03EE042BEC
:1040C000B0EE421B94ED002B94ED023B22EE032B4D
:1040D00094ED043B94ED064B03EE042BB0EE003B55
:1040E00022EE032BB0EE420BFBF7FAF885ED040B42
:1040F00000BFB8E700B5C948008850BBC848008871
:1041000038BBC848007810B1C748007808BBC7481A
:10411000B0F90E00322190FBF1F000EE100AB8EE7B
:10412000C00AC348D0ED010A30EEC00A80ED010A92
:10413000BE48B0F910001E2190FBF1F000EE100A0D
:10414000B8EEC00ABA48D0ED000A30EEC00A80EDE1
:10415000000AB648B0F90000642810DDB348B0F991
:104160000600F02190FBF1F000EE100AB8EEC00A54
:10417000AF48D0ED000A30EE200A80ED000AAB48CF
:10418000B0F9000010F1640F10DAA848B0F9060089
:10419000F02190FBF1F000EE100AB8EEC00AA4483E
:1041A000D0ED000A30EE200A80ED000A9F48B0F9F9
:1041B0000200642810DD9D48B0F90200F02190FB58
:1041C000F1F000EE100AB8EEC00A9948D0ED010AED
:1041D00030EEC00A80ED010A9448B0F9020010F1F7
:1041E000640F10DA9148B0F90200F02190FBF1F071
:1041F00000EE100AB8EEC00A8D48D0ED010A30EE8C
:10420000C00A80ED010A85480088002871D18548E0
:10421000007818B18448007800286AD18048008866
:10422000E8B38248B0F90E00022813DD7F48B0F9E8
:104230000E0000EE100AB8EEC01B7E4890ED000A9A
:10424000B7EEC00A9FED7C2B02EE410BB7EEC00B20
:1042500080ED000A7548B0F90E0010F1020F13DA74
:104260007248B0F90E0000EE100AB8EEC01B71489B
:1042700090ED000AB7EEC00A9FED6F2B02EE410BE6
:10428000B7EEC00B80ED000A6848B0F910000228B4
:1042900015DD6648B0F9100000EE100A00E028E0D5
:1042A000B8EEC01B664890ED000AB7EEC00A9FED5D
:1042B000652B02EE410BB7EEC00B80ED000A5B48A8
:1042C000B0F9100010F1020F13DA5848B0F91000DD
:1042D00000EE100AB8EEC01B594890ED000AB7EE88
:1042E000C00A9FED582B02EE410BB7EEC00B80EDDC
:1042F000000A5648008810B95548008818B30120B4
:10430000544988775248008800EE100AB8EE400AF7
:10431000F7EE000A20EE200A4C48008800EE900AD2
:10432000F8EE600AB7EE001A01EE600AB7EEC00AB6
:10433000494890ED001B30EE010BB7EEC00B08466C
:1043400080ED060A02E0032042498877354800786C
:10435000E8B935480078D0B93448C07A022804D189
:104360009FED3E0A3E4880ED000A3048C07A0128A1
:1043700004D19FED3C0A3A4880ED000A2B48C07AF0
:10438000032804D19FED380A354880ED000A2448FF
:10439000008820BB2348007860B12348007848B9E2
:1043A0002F4890ED000AF2EE040A30EE200A80ED6C
:1043B000000A14E01C48007860B11A48007848B937
:1043C000274890ED000AF2EE040A30EE600A80ED14
:1043D000000A04E09FED240A214880ED000A2048ED
:1043E00090ED000ADFED210AB4EEE00AF1EE10FADA
:1043F00003DD9FED1E0A80ED000A194890ED000ACA
:10440000DFED1B0AB4EEE00AF1EE10FA03D29FEDE5
:10441000180A80ED000A01F005F800BDE401002053
:10442000E6010020F8010020F9010020C808002062
:1044300038030020DC0300202D431CEBE2361A3F3A
:10444000C00300202D431CEBE2362A3FE001002090
:10445000E2010020780C002098050024000096C39B
:10446000C403002000009643000000000000C84381
:104470000000C8C310B515480088032806D10020E5
:104480001349887013491248FDF750FE0F48008801
:10449000042806D10020104988700E490E48FDF707
:1044A00045FE0E48008840F20521884203D10C49A0
:1044B0000C48F4F7E1FF0948008840F206218842E1
:1044C00003D107490848F4F713FF10BDC0000024CA
:1044D00078070020B8000024CC070020B600002494
:1044E000AE000024C83A0024683A0024F8B5044617
:1044F0000D46002600270020009005212846FAF7E7
:104500009DFC002871D028682060287920712078CF
:10451000A5286AD1B4F8016006F109073946284692
:10452000FAF76CFC0028EDD0B5F805000090BDF856
:10453000001040F20A22881A914272D024DC40F224
:104540000222A1EB020091426DD015DC40F2011273
:10455000A1EB0200914249D006DC01292ED00229AC
:1045600039D003296FD139E0032844D004284AD038
:10457000B0F5807FF6D14DE0082864D2DFE800F086
:10458000FF5A64FF6F73838CF92877D00EDC042800
:1045900075D006DC012873D0022872D00328E1D13F
:1045A00093E0F7286ED0F828DCD1A4E0FA3806288A
:1045B000E3D2DFE800F0B3BFC6CFD6DD55F8070F72
:1045C00044F8050F6868606028892081A87AED1F8B
:1045D000A072641FD4E0E8792074D1E02022E91DA4
:1045E00004F11100EBF7E8FFCAE0CAE0D5F80700D4
:1045F000C4F83100C4E0B5F80700A4F83500687AC3
:1046000084F83700BCE0B5F807002087687A84F8A2
:104610003A00B5E00D22E91D04F13B00EBF7CCFFB9
:10462000AEE03EE0FFE71022E91D04F14800EBF7A1
:10463000C3FFA5E055F8070FA0656868E065A868A6
:10464000ED1F20669CE09AE0D5F807006066B5F89B
:104650000B00A4F86800687B84F86A0090E0E879B1
:1046600084F86B008CE0D5F80700E066B5F80B0025
:10467000A4F87000687B84F8720081E042E02FE0CB
:1046800018E01EE030E0D5F80700C4F87300B5F874
:104690000B00A4F8770073E0D5F80700C4F87900A0
:1046A0006EE0D5F80700C4F87D00B5F80B00A4F85B
:1046B000810065E02822E91D04F18300EBF77CFF0F
:1046C0005EE0E97984F8AB105AE004F18000D5F897
:1046D0000710C4F8AC10B5F80B10A4F8B0104FE0F8
:1046E000E97984F8B2104BE07622E91D04F1B300B9
:1046F000EBF762FF44E01E22E91D04F59770EBF72B
:104700005BFF3DE055F8071FC4F84C116968C4F819
:104710005011A968ED1FC4F8541131E055F8071F76
:10472000C4F858116968C4F85C11A968ED1FC4F891
:10473000601125E01822E91D04F5B270EBF73CFF8B
:104740001EE0D5F80710C4F87C11D5F80B10C4F89A
:10475000801115E06922E91D04F5C270EBF72CFF0A
:104760000EE02222E91D04F2ED10EBF725FF07E031
:104770001E22E91D04F20F20EBF71EFF00E000BF30
:1047800000BFF8BD70B504464FF4B070055D05F08C
:1047900001007649088005F002007549088005F09F
:1047A00004007449088005F008007349088005F08A
:1047B00040007249088005F080007149088005F0CA
:1047C00010007049088005F020006F490880B4F897
:1047D000600100F480706D490880B4F8600100F455
:1047E00000706B490880B4F8600100F4806069498A
:1047F0000880B4F8600100F4006067490880B4F8EC
:10480000600100F4805065490880B4F8600100F44C
:10481000005063490880B4F8600100F480406149A9
:104820000880B4F8600100F400405F4908805F48E8
:1048300090F85E015E4908705C4890F85F015D4940
:1048400008704A48008810B101204849088048484B
:10485000008810B10120464908804648008810B100
:104860000120444908804448008810B10120424991
:1048700008804248008810B1012040490880404823
:10488000008810B101203E4908803E48008810B1E0
:1048900001203C4908803C48008810B101203A4979
:1048A00008804348007810B1012041490870414810
:1048B000007810B101203F4908703448008810B1D9
:1048C0000120324908803248008810B10120304967
:1048D00008803048008810B101202E4908802E48F9
:1048E000008810B101202C4908802C48008810B1A4
:1048F00001202A4908802A48008810B1012028494F
:1049000008802848008810B10120264908802648E0
:10491000008810B1012024490880274800882649D2
:1049200048802248B0F8600108802449224801F0FC
:1049300093FD2349204801F08FFD22491E4801F0D4
:104940008BFD21491C4801F087FD20491A4801F0E0
:1049500083FD1F49184801F07FFD1E49164801F0EC
:104960007BFD1D49144801F077FD70BD5204002401
:104970005404002456040024580400245A0400243B
:104980005C0400245E04002460040024620400240B
:104990006404002466040024680400246A040024DB
:1049A0006C0400246E04002470040024F42C002401
:1049B0007204002473040024740400247804002486
:1049C00084040024900400249C040024B4040024E3
:1049D000A8040024C0040024CC040024F648807EEF
:1049E00001287DD1F548807E0228FAD1F448B0F83C
:1049F0005801F449C881F248B0F85A11F1480182CF
:104A0000EF48B0F85C11EF484182EF48EF49096880
:104A10000A6802604A68426089688160EC48ED4932
:104A200009680A6802604A68426089688160EA48E9
:104A3000EA4909680A6802604A68426089688160D8
:104A4000E748E84909680A6802604A68426089687C
:104A50008160E548E54909680A6802604A68426081
:104A600089688160E248E34909680A6802604A6827
:104A7000426089688160E048E04909680A6802602C
:104A80004A68426089688160DD49DE4800680268E2
:104A90000A6042684A6080688860CB48CB490860F9
:104AA000CB48CC490860CC48CC490860CC48CD49BB
:104AB0000860CD48CD490860CD48CE490860CE4851
:104AC000CE490860CE48CF4908600020CE49088012
:104AD000CE490880CE490880CE490880CE4900E002
:104AE0001AE00880CD490880CD490880CD4908806A
:104AF000CD490870CD490870CD490880CD4908805E
:104B0000CD490880CD490880CD490880CD4908802D
:104B1000CD490880CD490880A748807E022803D16E
:104B2000A648807E012807D0A348807E01287DD139
:104B3000A248807E0128FAD1C549A44800680268CD
:104B40000A6042684A6080688860C249A14800687B
:104B500002680A6042684A6080688860BE489F496F
:104B600009680A6802604A68426089688160BB48D7
:104B70009C4909680A6802604A68426089688160E5
:104B8000B7489A4909680A6802604A6842608968B9
:104B90008160B4499748006802680A6042684A60C8
:104BA00080688860B0499548006802680A60426879
:104BB0004A6080688860AD48924909680A68026066
:104BC0004A68426089688160A14880490860A148BC
:104BD00080490860A04881490860A0488149086070
:104BE0009F48824908609F48824908609E488349DF
:104BF00008609E488349086000209D4908809D49BF
:104C000008809D4908809D4908809D4908809D49EC
:104C100008809D4908809D4908809D4908709D49EC
:104C200008709D4908809D49088000E00BE09C4980
:104C300008809C4908809C4908809C4908809C49C0
:104C400008809C4908807048008810B9884800880E
:104C500008B1012000E00020974908806B480088D7
:104C600010B98448008808B1012000E00020934971
:104C700008806748008810B97F48008808B1012083
:104C800000E000208E4908806248008810B97B4807
:104C9000008808B1012000E000208A4908805E48B1
:104CA000008810B97648008808B1012000E0002093
:104CB000854908805948008810B97248008808B1B1
:104CC000012000E00020814908805548008810B983
:104CD0006D48008808B1012000E000207C49088070
:104CE0005048008810B96948008808B1012000E0E8
:104CF0000020784908804C48007810B96448007852
:104D000008B1012000E0002073490870474800788E
:104D100010B96048007808B1012000E000206F4918
:104D200008704348008810B95B48008808B101202A
:104D300000E000206A4908803E48008810B95748C2
:104D4000008808B1012000E00020664908803A4848
:104D5000008810B95248008808B1012000E0002006
:104D6000614908803548008810B94E48008808B16C
:104D7000012000E000205D4908803148008810B91A
:104D80004948008808B1012000E000205849088007
:104D90002C48008810B94548008808B1012000E07F
:104DA0000020544908802848008810B940480088ED
:104DB00008B10120A1E09FE0883C0024A83C002429
:104DC000F42C0024C80800207804002400030020EC
:104DD000840400240403002090040024080300201D
:104DE0009C0400240C030020A804002410030020CD
:104DF000B404002414030020C0040024180300207D
:104E0000CC0400241C030020FA010020FC01002037
:104E1000FE01002000020020020200200402002007
:104E200006020020080200201A0200201B020020B7
:104E30000A0200200C0200200E02002010020020B6
:104E40001202002014020020160200201802002086
:104E5000200200202C020020380200204402002002
:104E6000500200205C020020680200207402002032
:104E7000520400245404002456040024580400243E
:104E80005A0400245C0400245E040024600400240E
:104E900072040024730400246204002464040024C7
:104EA00066040024680400246A0400246C040024BE
:104EB0006E04002470040024D8010020DA010020D0
:104EC000DC010020DE010020E0010020E2010020E2
:104ED000E4010020E6010020F8010020F901002093
:104EE000E8010020EA010020EC010020EE01002092
:104EF000F0010020F2010020002007490880074847
:104F0000008810B90648008808B1012000E00020A0
:104F10000449088070470000F401002018020020B6
:104F200070040024F601002010B52DED0A8BB0EEC0
:104F3000408BB0EE419B0446B7EEC80AFAF7B4FACC
:104F4000B7EEC00BB0EE40AA38EE281AB7EEC11A81
:104F5000B0EE410BFAF7A8FAB7EEC00BF0EE40AA9C
:104F6000B7EEC80AFAF774FFB7EEC00BB0EE40BA5E
:104F700038EE281AB7EEC11AB0EE410BFAF768FF07
:104F8000B7EEC00BF0EE40BABFEE000AF4EEC0AAD6
:104F9000F1EE10FA30D3B7EE000AF4EEC0AAF1EE4B
:104FA00010FA29DCB7EE000AB4EEC0AAF1EE10FA4E
:104FB00022DCBFEE000AB4EEC0AAF1EE10FA1BD359
:104FC000BFEE000AF4EEC0BAF1EE10FA14D3B7EE59
:104FD000000AF4EEC0BAF1EE10FA0DDCB7EE000AEA
:104FE000B4EEC0BAF1EE10FA06DCBFEE000AB4EE81
:104FF000C0BAF1EE10FA02D2BDEC0A8B10BD29EE58
:105000000A0AB0EE40CA09EEAACA29EE0B0AF0EE6F
:1050100040CA49EEABCA84ED00CAC4ED01CA00BF64
:10502000EAE7000070B52DED0A8BB0EE409BF0EE84
:10503000418AB0EE618A04460D46B0EE001BB7EE21
:10504000C90AFAF789FAB0EE40CBB0EE001BB7EE12
:10505000E90AFAF781FA3CEE00CB38EE881AB7EE8F
:10506000C11AB0EE410BB0EE001BFAF775FAB4EEC0
:10507000C0CBF1EE10FA27DDB7EEC91AB7EEE90A98
:10508000FAF72EF9B0EE40CBFAF70EFA38EE881A9E
:10509000B7EEC11A20EE010BB7EEC00BB0EE409A8E
:1050A000B7EEC91AB7EEE90AFAF71AF9B0EE40CB33
:1050B000FAF7CEFE38EE881AB7EEC11A20EE010BD1
:1050C000B7EEC00BF0EE409AB0EE001BB7EEC90A87
:1050D000FAF742FAB0EE40CBB0EE001BB7EEE90AA9
:1050E000FAF73AFA3CEE00CBB0EE001BB7EEE80A56
:1050F000FAF732FA3CEE40CBB0EE001BB7EEC80A2E
:10510000FAF72AFA3CEE400BB0EE001A28EE811AAC
:1051100021EE081AB7EEC11A80EE012BB7EEC2AB32
:105120009FED39BAB0EE001BB7EECA0AFAF714FACF
:10513000B7EE001B31EE400BF7EEC0ABDFED33BA3C
:10514000F5EEC0AAF1EE10FA0ED2B1EE6B0AF4EE53
:10515000C0AAF1EE10FA04DD9FED2B0AF0EE40AA92
:1051600002E0BDEC0A8B70BDB7EE000AB4EEC0AA37
:10517000F1EE10FA06DCBFEE000AB4EEC0AAF1EEC2
:1051800010FA00D2EDE7012C08D1B7EEEA0AFAF7DF
:10519000B7FEB7EEC00BB0EE40BA0BE0022C09D15F
:1051A000B7EEEA0AFAF7ACFEB1EE400BB7EEC00B71
:1051B000B0EE40BAB7EECA1AB7EECB0AFAF790F8DB
:1051C000B7EEC00B85ED010AB7EEC91AB7EEE90AD2
:1051D000FAF786F8B0EE40CBB0EE682A08EE0A2A5D
:1051E000B7EEC22AB0EE421B28EE0B2AB7EEC22A57
:1051F000B0EE420BFAF774F83CEE400BB7EEC00B82
:1052000085ED000A00BFACE700000000CDCCCC3D2E
:1052100008B53D4890ED0E1BF7EEC10BB0EE600AED
:105220003A4890ED001BF7EEC10B3948F4F7A0FFA8
:10523000B7EEC00A374880ED000B374890ED0E1BE3
:10524000F7EEC10BB0EE600A344890ED001BF7EEAC
:10525000C10B3348F4F78CFFB7EEC00A314880ED3C
:10526000000B314890ED0E1BF7EEC10BB0EE600A5B
:105270002E4890ED001BF7EEC10B2D48F4F778FF98
:10528000B7EEC00A2B4880ED000B2B4890ED0E1BAB
:10529000F7EEC10BB0EE600A284890ED001BF7EE68
:1052A000C10B2748F4F764FFB7EEC00A254880ED2C
:1052B000000B254800901B4890ED000BBDEEC00B85
:1052C00010EE100A03B21B4890ED000BBDEEC00BB0
:1052D00010EE100A02B21B4890ED000BBDEEC00BA1
:1052E00010EE100A01B20B4890ED000BBDEEC00BA2
:1052F00010EE100A00B200F03AF80823124A9901A1
:105300001248FDF70FF908BDE008002080020020D8
:10531000C00A0020A00200205809002088020020B6
:105320000C0B0020A8020020D009002090020020D1
:10533000580B0020B0020020480A002098020020EC
:10534000A40B0020B8020020E0020020D0050024B9
:1053500030B5039C050A257060700D0AA570E170D8
:10536000150A257162711D0AA571E37130BD30B552
:10537000039C050A257060700D0AA570E170150A7E
:10538000257162711D0AA571E37130BD00B541EC54
:10539000100B2DED028B83B0B1EEC08B18EE100A0E
:1053A00018EE901A8DED008B002818BF01200843DD
:1053B00020F00040C0F17F6000F1E040C00F14D049
:1053C00010EE101A10EE900A8DED000B002918BF98
:1053D0000121084320F00040C0F17F6000F1E0406F
:1053E000C00F04BF0120EBF78DF951EC180B03B08F
:1053F000BDEC028B00BD000008490968088800EB7D
:10540000D0714910A0EB4101012903D101200449C9
:10541000C87702E000200249C877704718030020CF
:10542000780C0020134800680088032190FBF1F2FB
:1054300001FB120018B900200F4981F825000D4822
:1054400000680088032190FBF1F201FB12000128A3
:1054500002D1094981F82500064800680088032127
:1054600090FBF1F201FB1200022802D1024981F8FF
:105470002500704710030020780C002010B52DED9A
:10548000028BB0EE408B0A4890ED0A1BF7EEC10B81
:10549000B0EE600AF7EEC80B0648F4F769FEB7EE07
:1054A000C00A054880ED000BBDEC028B10BD00006A
:1054B000683A002470390024400500247CB5FE4879
:1054C000C07820F03800FC49C8700846B0F80300E6
:1054D00020F47070A1F8030040F23F51F6480089B3
:1054E00061F38C00F44908814FF4D771F248B0F8A9
:1054F000090061F34F10F049A1F8090040F2415151
:10550000ED48808961F38C00EB4988814FF4537139
:10551000E948B0F80D0061F34F10E749A1F80D001C
:105520000846007920F03C00083008710846B0F8C1
:1055300007006FF30900C01CA1F807000846807C33
:1055400020F03801DC488174408A20F47071DA4818
:10555000418240F22151B0F8170061F38C00D64926
:10556000A1F8170040F22A31D348008B61F34F10A5
:10557000D149088340F24351CF48B0F81B0061F392
:105580008C00CD49A1F81B004FF45371CA48808BA1
:1055900061F34F10C84988830846C07C20F03C0066
:1055A0000830C8740846C08A6FF30900C01CC8825E
:1055B000084690F8210020F03801BF4880F82110FB
:1055C000B0F8210020F47071BB48A0F821104FF40E
:1055D000A861C08C61F38C00B749C88440F24D319A
:1055E000B548B0F8270061F34F10B349A1F8270080
:1055F00040F26251B048408D61F38C00AE4948855D
:1056000040F22D31AC48B0F82B0061F34F10AA499D
:10561000A1F82B00084690F8220020F03C0008304A
:1056200081F822000846B0F825006FF30900C01C7D
:10563000A1F82500084690F8300020F0380010301E
:1056400081F830000846008E20F470719A48018677
:10565000008F6FF309000A309749088740F23C51E8
:105660009548B0F8350061F38C009349A1F83500F6
:105670004FF4D7719048C08E61F34F108E49C886A1
:10568000084690F8310020F03C00103081F83100DD
:105690000846808E6FF309000C308886084690F823
:1056A0003F0020F03800303081F83F000846B0F865
:1056B0003F0020F470718048A0F83F101421B0F82A
:1056C000400061F38E107C49A1F8400040F2FA31AD
:1056D0007948B0F8440061F38C007749A1F84400A0
:1056E00040F22A317448B0F8450061F34F10724916
:1056F000A1F84500084690F8400020F03C016E48B3
:1057000080F840100021C0F84710B0F843006FF354
:105710000900801C6849A1F84300084690F84E0033
:1057200020F03801644880F84E10B0F84E0020F4A4
:1057300070716148A0F84E1040F2DD21B0F85300BE
:1057400061F38C005C49A1F853007D215A48B0F800
:10575000540061F34F105849A1F8540040F215313C
:105760005548B0F8570061F38C005349A1F8570031
:1057700040F2C3115048B0F8580061F34F104E4941
:10578000A1F85800084690F84F0020F03C0008307F
:1057900081F84F000846B0F852006FF30900C01CB2
:1057A000A1F85200084690F85D0020F03801424808
:1057B00080F85D10B0F85D0020F470713E48A0F8EC
:1057C0005D1040F29D41B0F8620061F38C003A49EF
:1057D000A1F8620070213848B0F8630061F34F10FF
:1057E0003549A1F8630040F254413348B0F86600EF
:1057F00061F38C003049A1F8660040F2BB112E48DD
:10580000B0F8670061F34F102B49A1F86700084614
:1058100090F85E0020F03C00083081F85E000846F9
:10582000B0F861006FF30900C01CA1F861000846E0
:1058300090F86C0020F038011F4880F86C10B0F828
:105840006C0020F470711C48A0F86C104FF4DD71EE
:10585000B0F8710061F38C001749A1F8710040F2B3
:10586000A3111548B0F8720061F34F101249A1F866
:10587000720040F22F211048B0F8750061F38C00DF
:105880000D49A1F8750040F2A3110B48B0F876005D
:1058900061F34F100849A1F87600084690F86D00B2
:1058A00020F03C00001D81F86D000846B0F8700043
:1058B0006FF30900001D01E02C3D0024A1F87000E9
:1058C000084690F87B0020F03801FE4880F87B10F5
:1058D000B0F87B0020F47071FA48A0F87B1040F219
:1058E0007931B0F8800061F38C00F649A1F88000AE
:1058F00040F2A511F348B0F8810061F34F10F1496F
:10590000A1F8810040F2EE31EE48B0F8840061F376
:105910008C00EC49A1F8840040F2A511E948B0F8E8
:10592000850061F34F10E749A1F88500084690F81B
:105930007C0020F03C00001D81F87C000846B0F897
:105940007F006FF30900001DA1F87F00084690F862
:105950008A0020F03800103081F88A000846B0F83C
:105960008A0020F47071D748A0F88A10B0F892002D
:105970006FF309001630D349A1F8920040F2BF310D
:10598000D048B0F88F0061F38C00CE49A1F88F00A9
:105990004FF40671CB48B0F8900061F34F10C9493D
:1059A000A1F89000084690F88B0020F03C01C54813
:1059B00080F88B10B0F88E006FF30900C01CC1494D
:1059C000A1F88E00084690F8990020F03801BD48F3
:1059D00080F89910B0F8990020F47071B948A0F8D7
:1059E00099104FF44D71B0F89E0061F38C00B549E9
:1059F000A1F89E0040F2EA21B248B0F89F0061F39E
:105A00004F10B049A1F89F0040F24941AD48B0F8AD
:105A1000A20061F38C00AB49A1F8A20040F2EA2198
:105A2000A848B0F8A30061F34F10A649A1F8A3005D
:105A3000084690F89A0020F03C01A24880F89A109D
:105A4000B0F89D006FF30900001D9E49A1F89D006C
:105A50009D48C07820F0380038309B49C87008460F
:105A6000B0F8030020F47070A1F8030014219648E8
:105A7000808861F38E109449888040F245319248C5
:105A8000008961F38C009049088140F286318E488C
:105A9000B0F8090061F34F108B49A1F809000846DE
:105AA000007920F03C000C30087106218648B0F8DF
:105AB000050061F3CF108449A1F805000846B0F84D
:105AC00007006FF30900801CA1F807007FA17E4842
:105AD0000F30EAF72EFD7C4890F8300020F03800B7
:105AE0003830794981F830000846008E20F4707112
:105AF000754801861421B0F8310061F38E107249A7
:105B0000A1F8310040F2FA316F48B0F8350061F386
:105B10008C006D49A1F8350040F226216A48C08EFC
:105B200061F34F106849C886084690F8310020F0AC
:105B30003C000C3081F8310003216348408E61F352
:105B4000CF10614948860846808E6FF30900801C9B
:105B5000888660A15C483C30EAF7EBFC5A4890F834
:105B60005D0020F038003830574981F85D00084664
:105B7000B0F85D0020F470715348A0F85D10142156
:105B8000B0F85E0061F38E104F49A1F85E0040F25C
:105B9000E7214D48B0F8620061F38C004A49A1F852
:105BA000620040F257314848B0F8630061F34F108B
:105BB0004549A1F86300084690F85E0020F03C00DB
:105BC0000C3081F85E000B213F48B0F85F0061F3B4
:105BD000CF103D49A1F85F000846B0F861006FF3AF
:105BE0000900801CA1F861003BA137486930EAF741
:105BF000A0FC354890F88A0020F03800383032494F
:105C000081F88A000846B0F88A0020F470712E48A6
:105C1000A0F88A101421B0F88B0061F38E102A4985
:105C2000A1F88B004FF47E712748B0F88F0061F324
:105C30008C002549A1F88F0040F259312248B0F874
:105C4000900061F34F102049A1F89000084690F8A9
:105C50008B0020F03C000C3081F88B0006211A48A4
:105C6000B0F88C0061F3CF101749A1F88C000846FA
:105C7000B0F88E006FF30900801CA1F88E0019A106
:105C800011489630EAF755FC0F4890F8B70020F01D
:105C9000380038300C4981F8B7000846B0F8B70032
:105CA00020F470710848A0F8B7101421B0F8B800BB
:105CB00061F38E100449A1F8B80040F24A3102485D
:105CC00014E000002C3D0024D13D00245355434BEB
:105CD000455200004F464600524F424F545F5354C6
:105CE000415445004E4F524D414C0000B0F8BC00AD
:105CF00061F38C006449A1F8BC004FF44B71624819
:105D0000B0F8BD0061F34F105F49A1F8BD0008462F
:105D100090F8B80020F03C015B4880F8B8100621EC
:105D2000B0F8B90061F3CF105749A1F8B90008469F
:105D3000B0F8BB006FF30900801CA1F8BB0053A1B1
:105D40005148C330EAF7F5FB002500242AE0C4EBF4
:105D50000411504A11448D70280AC4EB04111144F7
:105D60004870C5F30740C4EB04115054C4EB041051
:105D700011460844C07820F00700401CC4EB041111
:105D80001144C870C4EB0412424BD118C4EB041286
:105D9000414BD0180F22EAF70FFC01203F4908556C
:105DA0006D1C641C0B2CD2DB002438E0C4EB041106
:105DB00001EB4101344A11448D70280AC4EB0411EF
:105DC00001EB410111444870C5F30740C4EB0411D5
:105DD00001EB41015054C4EB041000EB40001146AC
:105DE0000844C07820F00700401CC4EB041101EB0C
:105DF00041011144C870C4EB041202EB4202224B71
:105E0000D118C4EB041202EB4202254BD0182D220C
:105E1000EAF7D2FB0120234908556D1C641C052CB0
:105E2000C4DB05200B211F4B174ACDE900101B498D
:105E3000184800F033F900200DE0C0EB0011154ABE
:105E40001144C97821F00701891CC0EB0012114BE5
:105E50001A44D170401C0B28EFDB002011E0C0EB8E
:105E6000001101EB4101084A1144C97821F00701F2
:105E7000891CC0EB001202EB4202034B1A44D170A2
:105E8000401C0528EBDB7CBDD13D0024484549473B
:105E9000485400002C3D0024BD3E0024B23E0024A6
:105EA000623F0024C805002410B50446A5202070D8
:105EB0001520A4F8010012480078E070104800781E
:105EC000401C0F49087004212046FBF7A5FE641D05
:105ED00004F8010C40F20130208040F20110608093
:105EE00008480088A0800748008800F58070E0809E
:105EF000641F1C212046FBF773FEA08310BD000029
:105F0000FC0300200004002010B50446A5202070EA
:105F10002420A4F8010012480078E07010480078AE
:105F2000401C0F49087004212046FBF775FE641DD4
:105F300004F8010C40F2013020804FF48170608041
:105F400008480088A0800748008800F58070E0803D
:105F5000641F2B212046FBF743FEA4F82B0010BD45
:105F6000FC0300200004002010B50446A52020708A
:105F70005120A4F8010012480078E0701048007821
:105F8000401C0F49087004212046FBF745FE641DA4
:105F900004F8010C40F20130208040F203106080D0
:105FA00008480088A0800748008800F58070E080DD
:105FB000641F58212046FBF713FEA4F8580010BDBB
:105FC000FC0300200004002010B50446A52020702A
:105FD0006F20A4F8010012480078E07010480078A3
:105FE000401C0F49087004212046FBF715FE641D74
:105FF00004F8010C40F2013020804FF48270608080
:1060000008480088A0800748008800F58070E0807C
:10601000641F76212046FBF7E3FDA4F8760010BD4F
:10602000FC0300200004002010B50446A5202070C9
:106030003320A4F8010017480078E0701548007874
:10604000401C1449087004212046FBF7E5FD641D3F
:1060500004F8010C40F2013020804FF48870608019
:106060000D480088A0800C48008800F58070E08012
:10607000641F04F11C00EAF780FA618A60F3CF1113
:1060800004F10D0061823A212046FBF7A9FD6087EB
:1060900010BD0000FC030020000400202DE9FF5F7C
:1060A000074688469A464FF0000B002006E018F895
:1060B0000010012901D10BF1010B401C0E998842FF
:1060C000F5DB0025A9460024CDE018F805000128DD
:1060D0007CD1072099FBF0F100FB11967EB9ABEB68
:1060E0000900052801DD072408E0022801DD052458
:1060F00004E0012801DD022400E0012400BF072C98
:106100000AD1C5EB0512D119C6EB06136A4A9818D5
:106110000F22EAF751FA23E0052C0AD1C5EB05124C
:10612000D119C6EB0613654A98180F22EAF744FA0C
:1061300016E0022C0AD1C5EB0512D119C6EB0613E5
:106140005F4A98180F22EAF737FA09E0C5EB051203
:10615000D119C6EB06135B4A98180F22EAF72CFAFE
:10616000701CA04203D009F10100584574D1701C85
:106170003AE0072C0CD1C0EB00124F491144C9780A
:1061800021F00702C0EB00134B491944CA702AE002
:10619000052C0CD1C0EB001248491144C97821F0FC
:1061A0000702C0EB001345491944CA701BE0022CDA
:1061B0000DD1C0EB001242491144C97821F0070209
:1061C000C0EB00133E491944CA700CE04AE0C0EB32
:1061D00000123C491144C97821F00702C0EB0013BA
:1061E00038491944CA70401C611C8842C1DB072C25
:1061F0000BD131480D38FFF7E7FEFF2378222E49F7
:106200000D393148F2F7D1FF26E0052C0BD12B4890
:106210000D38FFF7A9FEFF235A2228490D392A48D5
:10622000F2F7C3FF18E0022C0BD125480D38FFF719
:106230006BFEFF232D2222490D392348F2F7B5FFCB
:106240000AE020480D38FFF72FFEFF231E221D49CC
:106250000D391D48F2F7A9FF09F10109002008F8DE
:10626000050000BF6D1C0E988542FFF62EAF00247E
:106270001CE01AF80400012817D1C4EB041000EB4D
:106280004002029811182D221048EAF795F90F489C
:106290000D38FFF7C9FEFF233C220C490D390A488F
:1062A000F2F783FF00200AF80400641C0F98844270
:1062B000DFDBBDE8FF9F000028100020CE0F00208C
:1062C000A10F0020830F002054090024470F002055
:1062D0001CB500241AE0C4EB0412264BD118C4EB01
:1062E0000412254BD0180F22EAF7F7F868B1012005
:1062F00022490855C4EB04121F4BD118C4EB0412F9
:106300001C4BD0180F22EAF757F9641C0B2CE2DB68
:10631000002422E0C4EB041202EB4202184BD11815
:10632000C4EB041202EB4202164BD0182D22EAF7FE
:10633000D4F888B1012014490855C4EB041202EBCB
:106340004202104BD118C4EB041202EB42020C4B78
:10635000D0182D22EAF730F9641C052CDADB052071
:106360000B21094B074ACDE9001004490248FFF709
:1063700095FE1CBDBD3E00242C3D0024B23E0024F1
:10638000623F0024D13D0024C8050024B0EE401A2D
:1063900030EEC10AF0EE401AB0EE412A00EE100ACB
:1063A000B8EEC00A60EE212A01228A40521E00EE99
:1063B000102AB8EEC03A82EE830A30EE020A704725
:1063C00070B505460C46A27969882888FCF746FB1B
:1063D00078B1E1792888FCF735FB50B9217A288813
:1063E000FCF730FB28B92088401C20800120607217
:1063F00001E000206072A27969882888FCF72EFBF2
:1064000078B1E1792888FCF71DFB50B1217A288802
:10641000FCF718FB28B96088401C60800120A0723E
:1064200001E00020A072A27969882888FCF716FB99
:1064300078B1E1792888FCF705FB50B9217A2888E2
:10644000FCF700FB28B1A088401CA0800120E0726E
:1064500001E00020E07270BD70B505460C46A279DF
:1064600069882888FCF709FB78B1E1792888FCF76E
:10647000EFFA50B9217A2888FCF7EAFA28B920887F
:10648000401C20800120607201E000206072A2792F
:1064900069882888FCF7F1FA78B1E1792888FCF757
:1064A000D7FA50B1217A2888FCF7D2FA28B9608847
:1064B000401C60800120A07201E00020A072A2793F
:1064C00069882888FCF7D9FA78B1E1792888FCF73F
:1064D000BFFA50B9217A2888FCF7BAFA28B1A08807
:1064E000401CA0800120E07201E00020E07270BD3D
:1064F0002DE9F047ADF5126D04460D46174694EDB3
:10650000000BBDEEC00B10EE100A30B194ED020B83
:10651000BDEEC00B10EE100A00B9002495ED000B83
:10652000BDEEC00B10EE100A30B195ED020BBDEEC2
:10653000C00B10EE100A00B900256CB965B99FEDCB
:10654000610B87ED000B9FED5F0B87ED020B0120C8
:106550000DF5126DBDE8F087B4B9ADB195ED001B36
:1065600095ED022BB0EE000B01EE020BB2EE001B1C
:1065700020EE010BBCEEC00B10EE102A2946384667
:10658000EAF75FF80120E3E7B4B1ADB994ED001B81
:1065900094ED022BB0EE000B01EE020BB2EE001BED
:1065A00020EE010BBCEEC00B10EE102A214638463F
:1065B000EAF747F80120CBE74FF492610DF59260BE
:1065C000EAF771F84FF492616846EAF76CF894EDD7
:1065D000000BBDEEC00B10EE100A94ED020BBDEEE9
:1065E000C00B10EE101A4843801CC20021460DF566
:1065F0009260EAF726F895ED000BBDEEC00B10EEA9
:10660000100A95ED020BBDEEC00B10EE101A4843B8
:10661000801CC20029466846EAF713F894ED000B87
:10662000BDEEC00B10EE108A94ED020BBDEEC00B58
:1066300010EE106A95ED000BBDEEC00B10EE109A37
:1066400095ED020BBDEEC00B10EE10AAC84501D1AE
:10665000564501D000207BE7002022E000211DE00C
:1066600006FB00F2921C0A440DF5926303EBC20292
:1066700092ED000B06FB00F2921C0A446B4603EB02
:10668000C20292ED001B30EE010B06FB00F2921CE1
:106690000A4407EBC20282ED000B491CB142DFDB6A
:1066A000401C4045DADB00EE108AB8EEC00B87EDE7
:1066B000000B00EE106AB8EEC00B87ED020B012054
:1066C00046E7000000000000000000002DE9F34F45
:1066D0002DED048BADF6046DDDF8140E90ED000B7E
:1066E000BDEEC00B10EE100A40B1DDF8140E90EDB7
:1066F000020BBDEEC00B10EE100A10B90020CDF851
:10670000140EDDF8140E90B99FEDFE0BDDF8180E97
:1067100080ED000B9FEDFB0BDDF8180E80ED020BFA
:1067200001200DF6046DBDEC048BBDE8FC8FDDF897
:10673000140E90ED000BBDEEC00B10EE105ADDF8FC
:10674000140E90ED020BBDEEC00B10EE10BA5D45BD
:1067500001D10C2D01DD0020E3E74FF490610DF530
:106760001860E9F7A0FF4FF490610DF5A060E9F71C
:106770009AFF4FF4906120A8E9F795FF30210DA80A
:10678000E9F791FF302101A8E9F78DFF002016E01D
:10679000002111E00BFB0012921CDDF8143E03EB0C
:1067A000C20292ED000B01FB05020DF5186303EB2D
:1067B000C20282ED000B491C5945EBDB401CA8428C
:1067C000E6DB15B1BBF1000F13D105FB0BF700267B
:1067D0000CE00DF5186000EBC60090ED000B0DF518
:1067E000A06000EBC60080ED000B761CBE42F0DB23
:1067F00031E2AA4605FB0BF7002608E09FEDC10B2E
:106800000DF5A06000EBC60080ED000B761CBE42CB
:10681000F4DB05FB0BF700260BE00DF5186000EB31
:10682000C60090ED000B20A800EBC60080ED000B29
:10683000761CBE42F1DB1E9501200D90012702243B
:1068400005E07F1C601E0DA941F82070641C1E9895
:106850008442F6DD1B956F1E1995199DAF4200DC31
:1068600019974FF00009DCE0AAEB09001A900AF131
:10687000010009FB00F01F901B98401C09FB00F071
:106880001D901F98801C1C901A98012802DA4FF066
:10689000FF3725E000271A98012821DD20A91D983F
:1068A00001EBC00090ED000BB0EEC00BB0EE409BD2
:1068B000022412E01F982044401E20A901EBC000D2
:1068C00090ED000BB0EEC08BB4EEC98BF1EE10FA78
:1068D00002DD671EB0EE489B641C1A988442E9DD15
:1068E0001D98384420A901EBC00090ED000BB5EED7
:1068F000C00BF1EE10FA47D047B309EB07001E902A
:106900001E98401C0DA941F8290000241CE004FB3E
:106910000AF709EB070820A800EBC80090ED000B70
:10692000B0EE409B1E98C61920A800EBC60090ED63
:10693000000B20A800EBC80080ED000B20A800EBA6
:10694000C60080ED009B641C5445E0DB1A991D983D
:106950004618DDF8708015E0A8F1010020A901EBD0
:10696000C00090ED000B1D9801EBC00090ED001BE6
:1069700080EE012BA8F1010001EBC00080ED002B9F
:1069800008F10108B045E7DD1F9850441E901B999F
:106990001D9800EB010800201C903BE01C991E98FC
:1069A00001FB0A0720A800EBC70090ED000BB0EE3A
:1069B000409B20A800EBC70090ED000BB5EEC00B8C
:1069C000F1EE10FA22D008F102061A9840441F9006
:1069D000374618E0781E20A901EBC00090ED000BAF
:1069E0001D983844A0EB0800401E01EBC00090ED5C
:1069F000001BB1EE492B01EE020B781E01EBC0002B
:106A000080ED000B7F1C1F988742E3DDD0441C986B
:106A1000401C1C901A98801E1C998842BEDA09F10D
:106A2000010919988145FFF61FAF1E9501200190BD
:106A30000127022405E07F1C601E01A941F8207097
:106A4000641C1E988442F6DD2E46002418E00DA832
:106A500050F824001F90611C1F9888420FDD1F987A
:106A6000401E01A951F8207001A850F824101F9869
:106A7000401E01AA42F8201001A840F82470641CAE
:106A8000B442E4DB00245BE001A850F82460B7EED8
:106A9000000B701E05FB00400DF5A06101EBC0006E
:106AA00080ED000B04F1010947E0701E05FB00902A
:106AB000401E0DF5A06101EBC00090ED000BB5EE9E
:106AC000C00BF1EE10FA36D009F101001F90DDF88D
:106AD0007C802EE0701E05FB0080401E0DF5A0613D
:106AE00001EBC00090ED000B701E05FB0090401EF6
:106AF00001EBC00090ED001BA9F1010005FB008037
:106B0000401E03E0000000000000000020A901EB8F
:106B1000C00090ED002B01EE420B701E05FB0080C3
:106B2000401E0DF5A06101EBC00080ED000B08F1E7
:106B30000108D045CEDD09F10109D145B5DD641C60
:106B40005445A1DB4FF0000958E00AFB09F0471E4D
:106B500054464FE0601E00FB0AF0401E1E90E619EE
:106B60000DF5A06000EBC60090ED000BB5EEC00B7C
:106B7000F1EE10FA3DD00DF5A06000EBC60090EDEF
:106B8000000B1E98204420A901EBC00090ED001BD3
:106B900080EE012B0DF5A06000EBC60080ED002B10
:106BA0004FF0000822E008EB0700401C1F900DF595
:106BB000A0611F9801EBC00090ED000B084600EBB0
:106BC000C60090ED001B1E984044401C20A901EB1C
:106BD000C00090ED002B01EE420B0DF5A0611F9857
:106BE00001EBC00080ED000B08F10108A01E40453C
:106BF000D9DA641E012CADDA09F10109D145A4DB13
:106C0000002016E0002111E001FB05020DF5A06354
:106C100003EBC20292ED000B0BFB0012921CDDF89D
:106C2000183E03EBC20282ED000B491CA942EBDBCC
:106C3000401CA842E6DB00EE105AB8EEC00BDDF8AF
:106C4000180E80ED000B00EE10BAB8EEC00BDDF8A8
:106C5000180E80ED020B012063E500002DE9F047DE
:106C6000ADF5126D04460E46174694ED000BBDEED1
:106C7000C00B10EE100A30B194ED020BBDEEC00B4C
:106C800010EE100A00B9002496ED000BBDEEC00B0B
:106C900010EE100A30B196ED020BBDEEC00B10EEF7
:106CA000100A00B9002604B166B99FED510B87EDBB
:106CB000000B9FED4F0B87ED020B01200DF5126DC0
:106CC000BDE8F0874FF492610DF59260E9F7EBFCB7
:106CD0004FF492616846E9F7E6FC94ED000BBDEED7
:106CE000C00B10EE100A94ED020BBDEEC00B10EEBF
:106CF000101A4843801CC20021460DF59260E9F746
:106D0000A0FC96ED000BBDEEC00B10EE100A96ED48
:106D1000020BBDEEC00B10EE101A4843801CC200DF
:106D200031466846E9F78DFC94ED000BBDEEC00BD3
:106D300010EE108A94ED020BBDEEC00B10EE109A0F
:106D400096ED000BBDEEC00B10EE10AA96ED020BF7
:106D5000BDEEC00B10EE105AD14501D00020ADE7BA
:106D600000EE108AB8EEC00B87ED000B00EE105A53
:106D7000B8EEC00B87ED020B002035E0002130E0BB
:106D80009FED1B0B8A1C00FB052207EBC20282ED64
:106D9000000B002222E08B1C00FB053307EBC30332
:106DA00093ED000B8B1C02FB0533EC460CEBC3038D
:106DB00093ED001B00FB09F39B1C13440DF5926C33
:106DC0000CEBC30393ED002B02EE010B8B1C00FBBD
:106DD000053307EBC30383ED000B521C4A45DADB96
:106DE000491CA942CCDB401C4045C7DB012065E7BC
:106DF00000000000000000002DE9F047ADF5126D25
:106E000005460C46164695ED000BBDEEC00B10EE88
:106E1000100A30B195ED020BBDEEC00B10EE100A5A
:106E200000B9002594ED000BBDEEC00B10EE100A6A
:106E300030B194ED020BBDEEC00B10EE100A00B99C
:106E400000246DB964B99FED7B0B86ED000B9FEDBF
:106E5000790B86ED020B01200DF5126DBDE8F08770
:106E6000F5BBECB394ED001B94ED022BB0EE000BE0
:106E700001EE020BB2EE001B20EE010BBCEEC00BCC
:106E800010EE102A21463046E9F7DBFB002029E00E
:106E900000211CE094ED020BBDEEC00B10EE102A99
:106EA0004243921C0A4406EBC20292ED000BB1EE83
:106EB000401B94ED020BBDEEC00B10EE102A4243B6
:106EC000921C0A4406EBC20282ED001B491C94EDA1
:106ED000020BBDEEC00B10EE102A8A42DADC00E095
:106EE0000AE0401C94ED000BBDEEC00B10EE101A32
:106EF0008142CDDC0120AFE7B5B1ACB995ED001B07
:106F000095ED022BB0EE000B01EE020BB2EE001B72
:106F100020EE010BBCEEC00B10EE102A29463046C5
:106F2000E9F78FFB012097E74FF492610DF592602E
:106F3000E9F7B9FB4FF492616846E9F7B4FB95EDC8
:106F4000000BBDEEC00B10EE100A95ED020BBDEE6E
:106F5000C00B10EE101A4843801CC20029460DF5E4
:106F60009260E9F76EFB94ED000BBDEEC00B10EEE6
:106F7000100A94ED020BBDEEC00B10EE101A484340
:106F8000801CC20021466846E9F75BFB95ED000BCB
:106F9000BDEEC00B10EE108A95ED020BBDEEC00BDE
:106FA00010EE107A94ED000BBDEEC00B10EE109AAF
:106FB00094ED020BBDEEC00B10EE10AAC84501D136
:106FC000574501D0002047E7002022E000211DE0C6
:106FD00007FB00F2921C0A440DF5926303EBC20218
:106FE00092ED000B07FB00F2921C0A446B4603EB88
:106FF000C20292ED001B30EE410B07FB00F2921C27
:107000000A4406EBC20282ED000B491CB942DFDBE9
:10701000401C4045DADB00EE108AB8EEC00B86ED6E
:10702000000B00EE107AB8EEC00B86ED020B0120CB
:1070300012E700000000000000000000F0B5ADF213
:10704000944D04460D4694ED000BBDEEC00B10EEC2
:10705000100A30B194ED020BBDEEC00B10EE100A19
:1070600000B900245CB99FED2B0B85ED000B9FED63
:10707000290B85ED020B01200DF2944DF0BD4FF46C
:1070800092616846E9F70FFB94ED000BBDEEC00B73
:1070900010EE100A94ED020BBDEEC00B10EE101AAC
:1070A0004843801CC20021466846E9F7CAFA94EDBD
:1070B000000BBDEEC00B10EE106A94ED020BBDEE9E
:1070C000C00B10EE107A002014E000210FE007FB47
:1070D0000012921C6B4603EBC20292ED000B821C65
:1070E00001FB062205EBC20282ED000B491CB942EE
:1070F000EDDB401CB042E8DB00EE107AB8EEC00BCE
:1071000085ED000B00EE106AB8EEC00B85ED020BAA
:107110000120B1E7000000000000000009490968F3
:10712000088800EBD0714910A0EB4101012904D17E
:107130007820054981F8240003E05A20024981F8AB
:107140002400704700030020780C00200C48807E4B
:10715000022813D10B48807E02280FD19FED0A0B25
:107160000B4880ED020B9FED080B80ED000B9FEDAF
:10717000060B80ED040B01200649C877704700001C
:10718000883C0024A83C002400000000000000000F
:10719000580C0020780C0020084890ED080A084898
:1071A000D0ED000A30EEC00A0648D0ED080A30EEF5
:1071B000600A054880ED000A70470000780700204B
:1071C000DC030020CC070020BC03002002494FF064
:1071D000000000F008B800BF0000F87F4FF04070DA
:1071E000E1EE100A70470CF00F03092B08BF0820CE
:1071F00000F059800A2B0BD0082B18BF704708BF2E
:107200001CF0400F0AD04FF000004FF00001704713
:107210001CF0400F18BF4FF0004070471CF0100FDB
:1072200008D020F0704300F07F4242EAD3014FEAD9
:107230004370704700F0604021F07F4242EA000254
:1072400001F07F4040EA727070474FF0FF0C4CF441
:10725000E06C1CEA11531CBF9CEA030C9445C2BFAE
:10726000DA4201EB02517047002B0DD0BCF1000F48
:107270000FD0002A01F00041A4BF41F0E04141F0ED
:107280007F614FF00000704701F000414FF00000B7
:10729000704750EA01334FF09B0C18BF4CF0806CE4
:1072A0007FF494AF70471CF4801F11D01CF4E02FC2
:1072B00003D06FEACC31490070474FF04050EFF3F4
:1072C000008222F0704242EA000282F30088704796
:1072D0004FF0000070470006101600061016000060
:1072E0000001020304050607080C101418203040A2
:1072F000000000000000000000000000000000008E
:107300000000000001000000020000000300000077
:107310000400000000000000050000000000000064
:107320000000000000000000060000000000000057
:107330000000000000000000070000000100020043
:107340000400060008000A000C00100020004000A5
:10735000800000010101010307010000080402048C
:1073600008010101000000000102030401020304FE
:1073700006070809FF005EBCE2613FDD83C29C7E18
:1073800020A3FD1F419DC3217FFCA2401E5F01E39E
:10739000BD3E6082DC237D9FC1421CFEA0E1BF5D3B
:1073A0000380DE3C62BEE0025CDF81633D7C22C084
:1073B0009E1D43A1FF4618FAA427799BC584DA389D
:1073C00066E5BB5907DB856739BAE406581947A556
:1073D000FB7826C49A653BD987045AB8E6A7F91BFF
:1073E00045C6987A24F8A6441A99C7257B3A64863C
:1073F000D85B05E7B98CD2306EEDB3510F4E10F269
:10740000AC2F7193CD114FADF3702ECC92D38D6F05
:1074100031B2EC0E50AFF1134DCE90722C6D33D1D2
:107420008F0C52B0EE326C8ED0530DEFB1F0AE4CEB
:107430001291CF2D73CA947628ABF517490856B42C
:10744000EA6937D58B5709EBB536688AD495CB29CD
:1074500077F4AA4816E9B7550B88D6346A2B759786
:10746000C94A14F6A8742AC896154BA9F7B6E80AB3
:1074700054D7896B35000000891112239B322446B2
:10748000AD573665BF74488CC19D5AAFD3BE6CCA28
:10749000E5DB7EE9F7F88110080193331A22A5563F
:1074A0002C47B7753E64C99C408DDBBF52AEEDDA08
:1074B00064CBFFF976E802218B301002991326671E
:1074C000AF763444BD554AADC3BC588ED19F6EEBE8
:1074D000E7FA7CC8F5D983310A2091121803A777FF
:1074E0002E66B5543C45CBBD42ACD99E508FEFFBC8
:1074F00066EAFDD874C904428D5316619F7020045A
:10750000A9153227BB364CCEC5DF5EEDD7FC6888A7
:10751000E1997AABF3BA85520C4397711E60A114BE
:107520002805B3373A26CDDE44CFDFFD56ECE99887
:107530006089FBBB72AA06638F7214409D5122259D
:10754000AB343006B9174EEFC7FE5CCCD5DD6AA967
:10755000E3B8788AF19B87730E6295501C41A3357E
:107560002A24B1163807CFFF46EEDDDC54CDEBB947
:1075700062A8F99A708B088481951AA793B62CC2D9
:10758000A5D33EE1B7F04008C919522BDB3A644E4F
:10759000ED5F766DFF7C899400859BB712A6ADD216
:1075A00024C3BFF136E0C1184809D33B5A2AE55E2F
:1075B0006C4FF77D7E6C0AA583B4188691972EE3F5
:1075C000A7F23CC0B5D14229CB38500AD91B666F0F
:1075D000EF7E744CFD5D8BB502A499961087AFF3D6
:1075E00026E2BDD034C1C3394A28D11A580BE77FEF
:1075F0006E6EF55C7C4D0CC685D71EE597F4288031
:10760000A1913AA3B3B2444ACD5B5669DF78600CCE
:10761000E91D722FFB3E8DD604C79FF516E4A99095
:107620002081BBB332A2C55A4C4BD7795E68E11CAE
:10763000680DF33F7A2E0EE787F61CC495D52AA174
:10764000A3B03882B193466BCF7A5448DD59622D8E
:10765000EB3C700EF91F8FF706E69DD414C5ABB155
:1076600022A0B9923083C77B4E6AD5585C49E33D6E
:107670006A2CF11E780F000000000000000010408E
:10768000000000000000F03F0000000000000000CB
:1076900000000000000000000000000000000000EA
:1076A000000000000000000000000000000010408A
:1076B0000000000000001040000000000000F03F4B
:1076C00000000000000000000000000000000000BA
:1076D00000000000000000000000000000000000AA
:1076E000000000000000F03F00000000000000006B
:1076F000000000000000000000000000000000008A
:107700000000000000000000000000000000F03F4A
:107710000000000000000000000000000000000069
:107720000000000000000000000000000000000059
:10773000000000000000F03F555555555555C53F18
:107740007D6FEB0312D6D4BF5544880E55C1C93F97
:107750003B8F68B52882A4BF88B20175E0EF493F2E
:1077600009F7FD0DE13D023F4B2D8A1C273A03C06E
:10777000C88A599CE52A004059018D1B6C06E6BF5A
:1077800082922EB1C5B8B33F000000000000F03F68
:10779000000000000000F83F0000000000000000B2
:1077A0000000004003B8E23F0000000000000000BD
:1077B00006D0CF43EBFD4C3E033333333333E33F4B
:1077C000FFAB6FDBB66DDB3F4D268F515555D53F77
:1077D00001411DA96074D13F65DBC9934A86CD3F45
:1077E000EF4E454A287ECA3F3E5555555555C53F33
:1077F00093BDBE166CC166BF2CDE25AF6A56113F25
:10780000F16BD2C541BDBBBED0A4BE726937663E26
:107810004FBB610567ACDD3F182D4454FB21E93FA8
:107820009BF681D20B73EF3F182D4454FB21F93F97
:10783000E2652F227F2B7A3C075C143326A6813C1D
:10784000BDCBF07A8807703C075C143326A6913CC8
:10785000C4EB98999999C9BF711623FEC671BCBF34
:107860006D9A74AFF2B0B3BF9AFDDE522DDEADBF9C
:107870002F6C6A2C44B4A2BF0D5555555555D53FB4
:10788000FF8300922449C23F6E204CC5CD45B73FCF
:10789000513DD0A0660DB13FEB0D76244B7BA93F47
:1078A00011DA22E33AAD903F4C5555555555A53F59
:1078B0007751C1166CC156BF9015CB19A001FA3E85
:1078C000AD529C804F7E92BEC4B1B4BD9EEE213EAF
:1078D000D43888BEE9FAA8BD00000000000000000E
:1078E00000004054FB21F93F3163621A61B4D03D7E
:1078F0000000601A61B4D03D7370032E8A19A33B57
:107900000000002E8A19A33BC14920259A837B39A8
:1079100000000000000000006E83F9A22915444E0B
:10792000D15727FCC0DD34F5999562DB4190433C8B
:10793000AB6351FE61C5BBDE3A6E24B7E0D24D4267
:10794000EA2E49061C92D1091CEB1DFE3EA729B167
:10795000F53582E88444BB2E26709CE9417E5FB4F5
:1079600039D69139F43953838B5F849C3B28F9BD18
:10797000FF97F81F0F9805DE8B112FEF1F6D0A5A26
:10798000CF7E366DB709CB27663F464F2DEA5F9E07
:10799000C7BA27757BF1E5EBF739073DEA92528AC2
:1079A000B15FFB6B085D8D1FA6F810111111813FAF
:1079B000D561C119A0012ABF7DFEB157E31DC73EA5
:1079C000EB9C2B8AE6E55ABE7CD5CF5A3AD9E53DE9
:1079D000107A0108000000200404000008030008D9
:1079E000D07B010800000024D00500000803000837
:1079F000D07B010804040020A44C000064030008AC
:107A0000DC7C0108D0050024E8D1000064030008F4
:107A1000411311D11B0859041A69041A95041AD587
:107A20000413DDD01B0821084113120114020202C5
:107A300016408304405726020102030114050F0C6F
:107A40001C0107101721071A040309041A031375F0
:107A50000E1B0871041A2D041A99041AC104014856
:107A600010274FE4FD374777BCBA28CDFE44977DF9
:107A700059BB091C55DA7FD6083CDC9C31936CEC71
:107A80008FBC3A31C985B67C1058BDAF3A41EAA0E7
:107A9000F5963DA188833D8961E2BD2AD50289E33F
:107AA0004385BEAD8922BF0D19E73EE53C2F7030FE
:107AB0009821BF7475AF0361EEA6BFF5E0F2A53063
:107AC000517B4043E95F815B6C30BD8A96A215D83B
:107AD000A6DC3D4EA3884A89BD74BE9BFDF7ED5FD1
:107AE0001520923F06EE216060BD7CBFB98DF5B9CF
:107AF000F063ED3FCF49C823EE784FC0C4AA82F9A6
:107B00009B869D40267D2B0BA69F1D3D988BB728FD
:107B1000048F893D77D4FF03885802BE96CD94FB2D
:107B2000DD2675BE20F70FBF28D4CC3E26BBEDAABC
:107B30000FCB63BFC5F15391184D72BF9EF0E53670
:107B4000481B674021BD779D754DC4BEFC74CA0EAD
:107B5000634263BF5F265177322CEDBF2F20DF6871
:107B60002F0C66C040E018C9A0A0D0C0C47B092972
:107B70001C0524C12364C3034EC843940E04059A14
:107B80000F0C9A0A0C9A0C0C9A0B0C9A0D0C9A0872
:107B90000C9A090C016A5A0104811320021B202C43
:107BA000041A38041A44041A50041A5C041A6804AB
:107BB0001A7404C105429A99193F0B3E80BFC0094F
:107BC000321C911668656C6C6F82022909000000F6
:107BD0000114321042012C90D00304130A06320221
:107BE0002A401413D9C71408D5C5140823CA42085B
:107BF00013A9C61408C9C41B088D14C11A4D281A2C
:107C000009041A95041AF924140902431302011DE8
:107C1000C03209045D1A020B130524161001052455
:107C20000110090104240202052406170107058238
:107C30000308151009040133020A2E07050102404A
:107C4000072A810704168101820312FFFF000D221B
:107C5000F7CC923924977FBBE02D90BA1A085F4188
:107C60000B9CF03F286908014809BE58031EF03FED
:107C7000092620D9580B1C408FB80927200965B068
:107C800001510A143458157D04017C160240AB03DF
:107C9000411009055308065804070F1608108209F9
:107CA00011160A15800B16052D0C18010D940E04E3
:107CB000059A0F0C9A0A0C9A0C0C9A0B0C9A0D0C44
:107CC0009A080C9A090C018764E085405A5908010A
:0C7CD000303A69385AFF01011C00000026
:04000005080002CD20
:00000001FF
