:020000040800F2
:1000000030C900207504000849E6000825A9000849
:1000100091D5000883150008A91701080000000009
:10002000000000000000000000000000B503000810
:10003000B92D0008000000001104000819FC000898
:100040009304000893040008930400089304000834
:100050009304000893040008930400089304000824
:10006000930400089304000893040008E5260008A0
:10007000F526000805270008152700082527000891
:10008000352700084527000893040008412F000881
:10009000512F0008930400089304000893040008FB
:1000A00093040008930400089304000893040008D4
:1000B00021FE00089304000893040008930400083C
:1000C00093040008930400089304000893040008B4
:1000D000D1F900086517010875170108851701088F
:1000E0009304000893040008000000009304000833
:1000F000930400089304000893040008552700089F
:100100009304000893040008930400089304000873
:100110009304000859090108930400089304000897
:10012000652700087527000885270008952700081F
:10013000A52700089304000893040008930400080E
:1001400000000000000000000000000000000000AF
:100150009304000893040008930400089304000823
:100160009304000893040008930400089304000813
:1001700093040008930400089304000800000000A2
:100180009304000893040008850C010893040008F8
:1001900093040008930400089304000893040008E3
:1001A0009304000893040008930400080000000072
:1001B00093040008930400089304000893040008C3
:1001C00093040008930400080000000000000000F1
:1001D0000000000000000000930400080000000080
:1001E000000000000000000000000000000000000F
:1001F00000000000000000009304000893040008C1
:100200009304000893040008000000009304000811
:100210009304000893040008930400089304000862
:100220009304000800000000930400080000000090
:1002300093040008930400080000000093040008E1
:100240009304000893040008930400089304000832
:100250009304000893040008930400089304000822
:100260009304000893040008930400089304000812
:1002700093040008930400089304000800000000A1
:1002800093040008930400089304000893040008F2
:100290000000000093040008930400080000000020
:1002A0000000000093040008930400089304000871
:1002B000551701089304000893040008612F0008F3
:1002C00093040008930400089304000800F002F867
:1002D00000F060F80AA090E8000C82448344AAF180
:1002E0000107DA4501D100F055F8AFF2090EBAE87E
:1002F0000F0013F0010F18BFFB1A43F0010318475A
:1003000054BF010084BF01000A444FF0000C10F8F4
:10031000013B13F0070408BF10F8014B1D1108BF83
:1003200010F8015B641E05D010F8016B641E01F823
:10033000016BF9D113F0080F1EBF10F8014BAD1C73
:100340000C1B09D16D1E58BF01F801CBFAD505E091
:1003500014F8016B01F8016B6D1EF9D59142D6D3EB
:10036000704700000023002400250026103A28BF13
:1003700078C1FBD8520728BF30C148BF0B60704717
:100380001FB51AF0F5F89DE8030000F051FA1FBD03
:1003900010B510BD00F0DEFA1146FFF7F1FF18F0BE
:1003A00087FC00F0FCFA03B4FFF7F2FF03BC00F097
:1003B0002DFB00002C4B19680868B0E8F04F80F363
:1003C0000988BFF36F8F4FF0000080F311887047EA
:1003D0000000000008480068006880F308884FF0BB
:1003E000000080F3148862B661B6BFF34F8FBFF38D
:1003F0006F8F00DF00BF00BF08ED00E0DFF80C00EA
:10040000016841F470010160704700BF88ED00E0B1
:10041000EFF30980BFF36F8F134B1A681EF0100FB4
:1004200008BF20ED108A20E9F04F106009B44FF0AA
:10043000500080F31188BFF34F8FBFF36F8F19F017
:10044000B5FD4FF0000080F3118809BC19680868F9
:10045000B0E8F04F1EF0100F08BFB0EC108A80F328
:100460000988BFF36F8F7047F8030020EFF3058012
:10047000704700000A4880470A4880470A480047FA
:10048000FEE7FEE7FEE7FEE7FEE7FEE7FEE7FEE744
:10049000FEE7FEE705480649064A074B704700009D
:1004A0001D2F000815FD0008CD020008306900204E
:1004B00030C90020308900203089002070B5064600
:1004C00000F09AF9056806F10B0020F00704B44229
:1004D0009CBF002070BD2B466A68BAB11068A0426C
:1004E00010D304F1080188423CBF5068586007D31C
:1004F0005168101941601168091B0160586014604F
:10050000101D70BD13465268002AE7D121462846C7
:1005100000F07AF90028DED170BD53EA020C00F039
:1005200069802DE9F04B4FF00006002B1FBFB3FA96
:1005300083F503FA05F424FA05F65E4012BF16436C
:10054000B2FA82F502FA05F4C5F120051EBF22FABF
:1005500005FC44EA0C04203556EA044C4FEA1444E6
:1005600018BF641C4FF000084FF00009904271EB77
:10057000030C39D3002919BFB1FA81F701FA07F644
:10058000B0FA80F700FA07F6C7F120071EBF20FA7D
:1005900007FC46EA0C062037B6FBF4FCA7EB050780
:1005A000103F07F01F0BCBF120060CFA0BFB2CFAC7
:1005B00006F644BFB3460026202FA4BF5E464FF088
:1005C000000B5BEA060C08BF4FF0010B19EB0B099F
:1005D000ABFB027C48EB0608C01B06FB02CC0BFB06
:1005E00003CC71EB0C01C1E70B460246414648467D
:1005F000BDE8F08B13B54FF000004FF00001AFF3F2
:100600000080BDE81C40704740EA010310B59B071D
:100610000FD1042A0DD310C808C9121F9C42F8D06C
:1006200020BA19BA884201D9012010BD4FF0FF301D
:1006300010BD1AB1D30703D0521C07E0002010BD33
:1006400010F8013B11F8014B1B1B07D110F8013BBF
:1006500011F8014B1B1B01D1921EF1D1184610BDA0
:10066000032A40F2308010F0030C00F0158011F8DE
:10067000013BBCF1020F624498BF11F801CB00F8B6
:10068000013B38BF11F8013BA2F1040298BF00F80A
:1006900001CB38BF00F8013B11F0030300F02580C7
:1006A000083AC0F0088051F8043B083A51F804CBEE
:1006B000A0E80810F5E7121D5CBF51F8043B40F8B4
:1006C000043BAFF30080D20724BF11F8013B11F8BF
:1006D00001CB48BF11F8012B24BF00F8013B00F803
:1006E00001CB48BF00F8012B704710B5203AC0F08D
:1006F0000B80B1E81850203AA0E81850B1E8185023
:10070000A0E81850BFF4F5AF5FEA027C24BFB1E85F
:100710001850A0E8185044BF18C918C0BDE81040D0
:100720005FEA827C24BF51F8043B40F8043B08BFD9
:100730007047D20728BF31F8023B48BF11F8012BA0
:1007400028BF20F8023B48BF00F8012B704702F099
:10075000FF0343EA032242EA024200F002B84FF0EC
:1007600000020429C0F0128010F0030C00F01B807E
:10077000CCF1040CBCF1020F18BF00F8012BA8BF8C
:1007800020F8022BA1EB0C0100F00DB85FEAC17C50
:1007900024BF00F8012B00F8012B48BF00F8012B03
:1007A00070474FF0000200B5134694469646203934
:1007B00022BFA0E80C50A0E80C50B1F12001BFF41A
:1007C000F7AF090728BFA0E80C5048BF0CC05DF880
:1007D00004EB890028BF40F8042B08BF704748BFCE
:1007E00020F8022B11F0804F18BF00F8012B704742
:1007F000704770477047000000487047D468002079
:10080000704770477047704738B504460A46002065
:100810006946AFF30080002808BF38BD0246009942
:10082000204600F075F8012038BD012000F08AB89C
:10083000F8B5AFF30080054600200C46102000BF3D
:100840000646A819A0420DD9324669460020AFF3EA
:100850000080070008BF00F075F80098A04218BF9C
:100860000546C419FFF7C8FF05600746F01D20F0D4
:1008700007004619284600F00AF8B44208BFF8BD40
:10088000A21B31463868BDE8F84000F041B80021AD
:100890000160C0E9011070471020704770B5044630
:1008A000051FFFF7A9FF0068002C14BF446870BD46
:1008B000002C18BFAC423CBF20466468F8D30168E6
:1008C0000A18AA4218BF456003D12A680546114498
:1008D000016028684119A1421CBF6C6070BD61684D
:1008E000696021680844286070BD10B500F00CF8FC
:1008F000006810BD10B5044600F006F8046010BD95
:1009000000487047CC68002000487047CC68002041
:10091000034640688C46002818BF88423CBF034607
:100920004068F8D318681844884207D00CF10300D7
:1009300020F00700001D411A521A0146081D0A60E6
:10094000FFF7ACBF10B500F039F8BDE8104000F07B
:100950002FB870477546FFF7D3FFAE4605006946CE
:10096000534620F00700854618B020B5FFF792FDEA
:10097000BDE820404FF000064FF000074FF00008A0
:100980004FF0000B21F00701AC46ACE8C009ACE821
:10099000C009ACE8C009ACE8C0098D46704710B585
:1009A0000446AFF300802046BDE81040FFF7FBBCD3
:1009B000002801D000F02AB87047000010B50128C7
:1009C00005D0002103A000F027F8012010BD09A1E7
:1009D000F8E7000053494752544D454D3A204F75B2
:1009E00074206F662068656170206D656D6F727927
:1009F000000000003A2048656170206D656D6F72DF
:100A00007920636F727275707465640001491820F3
:100A1000ABBEFEE72600020070B505460C460A2074
:100A200000E06D1C00F011F835B128780028F8D1ED
:100A300002E0641C00F009F814B120780028F8D115
:100A4000BDE870400A20AFF3008008B569468DF814
:100A500000000320ABBE08BD9FED201AB5EE002AB2
:100A600000EE012A9FED1E1ABDEEC20AB5EEC02AA5
:100A7000F1EE10FA10EE100AB8BF013800EE100ABD
:100A80000020B8EEC00A32EE400A9FED162A20EE92
:100A9000010ABCEEC01A11EE101A30EE021AB0EBC9
:100AA000512F18BF002102EE101A4BF6502000FE05
:100AB000010AC0F60100B8EE422A00EB810090ED79
:100AC000011A30EE420AB7EE002A32EE402A20EE3A
:100AD000010A90ED001A02EE010A704783F9223EE6
:100AE00000000044000000C4B0B503880D88AB428C
:100AF00056D145884C88A54252D11488A3424FD183
:100B00005488A5424CD105FB03FC43680025496885
:100B1000B5EB9C0F506831D04FEA9C02524200BFA7
:100B200093ED000A91ED001A30EE010A03F1100E68
:100B300001F1100400F1100580ED000A013293ED7F
:100B4000010A91ED011A30EE010A80ED010A93EDE0
:100B5000020A91ED021A30EE010A80ED020A93EDCD
:100B6000030A91ED031A30EE010A7346214680ED27
:100B7000030A2846D4D12146284673461CF00302B6
:100B80000CD05242B3EC010AB1EC011A30EE010A6A
:100B9000051D013280ED000A2846F3D1002000E057
:100BA000FD2040B2B0BD018042804360704700002C
:100BB0002DE9F04F8BB0B0F800B0B0F802E0F3458B
:100BC00040F051810B88FD229B4540F04D814F88BC
:100BD000BB4240F04981BBF1000F436800F029811E
:100BE0006FF003004C6800EB8B08CDF81CE0002789
:100BF00000934FF07E5906945E462046BBEB0600FC
:100C000009D0B9002046FFF7CCFD00200130874213
:100C100004F10404FAD104F1040AC4F80090751E2A
:100C200010D0A8EB87015046FFF7BBFD01205446CA
:100C30000130864204F10404FAD1002D07F10107C6
:100C40002E46DBD1BBF1000F009BDDF81CE000F06D
:100C5000F0800420CDF814B000EB8E00019018460F
:100C6000ABF1010603EB8E044FEA8E021D1DCEF19F
:100C70000001002308919FED800A7746814600BF5E
:100C80005B4580F0F58003FB0EF0B0EE403A09EBD7
:100C900080010A9191ED001A0699B0EE414A01EBEC
:100CA000800009902146304606E000BF91ED004AE1
:100CB0000138B0EE423A1144B5EEC04AF1EE10FAF6
:100CC0000ADDB4EEC34AB0EE442AF1EE10FAD8BF02
:100CD000B0EE432A09E000BFB1EE442AB4EEC23AB6
:100CE000F1EE10FA01DBB0EE432A0028DED1B5EEBA
:100CF000402AF1EE10FA00F0BB80B0EEC13AB4EE3B
:100D0000423AF1EE10FA1CBFD84310EB0B0004D0AE
:100D1000002000BF01308642FCD1B5EE401AF1EE52
:100D200010FA00F0A580CDE90346AEEB030C0A995A
:100D3000BCF1010F4FF07E5008600AD00120294617
:100D400091ED002A82EE012A01308742A1EC012AAE
:100D5000F6D1DDE9080100BF91ED002A82EE012AFB
:100D60000C1D013081ED002A2146F5D1ACF1010BBB
:100D700005994FF00008DDF818A04846CDF8089016
:100D8000984505D100EB8C060AEB8E0A33E000BFD4
:100D900090ED001A0A9CB0EE413ABBF1000F94EDC1
:100DA000002A01EE423A00F1040680ED003A15D027
:100DB0000120002406EB040905EB040E99ED002A3E
:100DC0009EED003A01EE432A0130874204F104040B
:100DD00089ED002AEED12644DDF81CE0DDE90804A7
:100DE0009AED002A94ED003A01EE432A04340130D2
:100DF000AAEC012AF4D106EB8300013908F10108BD
:100E0000BED1DDF80890013F049E09F10409039C5E
:100E100003F101030198A6F101060444DDF814B0C2
:100E200005447FF42DAFB5EE401A009BF1EE10FAA9
:100E300020D10EFB0BF1002000294FF000020BD057
:100E400093ED000AB5EE400AF1EE10FA04D101323A
:100E50008A4203F10403F3D38A4208BF6FF004000F
:100E60000BB0BDE8F08FFD2250B20BB0BDE8F08FA3
:100E7000FB22F9E70022F7E7000000002DE9F04F20
:100E800088B0B0F802C00B889C4540F08880B0F86C
:100E900000E013889E4540F08280B1F802905388AC
:100EA00099457CD14FEA9C04476804FB09F04968E6
:100EB0000CF00305029101EB0010019000202CF0D2
:100EC0000303A0EB9C0107EB830607914FEA89031C
:100ED0005168C5F1000A00919FED330ACDE9039CEA
:100EE000CDE9050E0099CE4601EB8008DDE901BC95
:100EF000002CB0EE401AE146384627D062460799EA
:100F00003846B0EE401A00BF92ED002A90ED003A4C
:100F100003EE021A1A4490ED014A92ED002A04EE03
:100F2000021A1A4490ED025A92ED002A05EE021AB6
:100F30001A4490ED036A92ED002A06EE021A01317E
:100F400000F110001A44DFD1D946304655B1514660
:100F500090ED002A99ED003A02EE031A04300131B7
:100F60009944F5D108F1040088ED001ABEF1010E94
:100F70000CF1040C0BF1040B8046B9D1DDF80C9098
:100F80000598DDF810C04844DDF818E007EB8C0741
:100F9000BEF1010E06EB8C06A2D1002000E0FD2080
:100FA00040B208B0BDE8F08F00000000B0B5038883
:100FB0000D88AB4256D145884C88A54252D1148841
:100FC000A3424FD15488A5424CD105FB03FC436892
:100FD00000254968B5EB9C0F506831D04FEA9C0260
:100FE000524200BF93ED000A91ED001A30EE410A23
:100FF00003F1100E01F1100400F1100580ED000A5C
:10100000013293ED010A91ED011A30EE410A80EDB3
:10101000010A93ED020A91ED021A30EE410A80EDC9
:10102000020A93ED030A91ED031A30EE410A73466A
:10103000214680ED030A2846D4D12146284673462E
:101040001CF003020CD05242B3EC010AB1EC011ABD
:1010500030EE410A051D013280ED000A2846F3D129
:10106000002000E0FD2040B2B0BD00002DE9F04FAF
:1010700083B002884B889A424DD144880B889C42A9
:1010800049D10023D1F804804FEA940C416804F060
:10109000030ECDF80080A3EB940402941401960093
:1010A0000194CEF1000B4046BCF1000F1ED0474624
:1010B000029C00BF08683D4638603744486807EB2B
:1010C0000609A85101F11000D1F808A0013447F831
:1010D00006A009EB0607C968374449F8061001461F
:1010E000E8D101996C18014603E000BF009800EBBD
:1010F0008304BEF1000F07D05D4600BF51F8040B1A
:10110000013520603444F9D10133013A08F1040873
:10111000CAD1002000E0FD2040B203B0BDE8F08F4E
:101120009FED1F1A20EE010A9FED1F2ABDEEC01A87
:10113000B5EEC00AF1EE10FA11EE100AB8BF013890
:1011400001EE100A0020B8EEC11A30EE410A9FED00
:10115000151A20EE010ABCEEC01A11EE101A30EE7C
:10116000021AB0EB512F18BF002102EE101A4BF6F5
:10117000502000FE010AC0F60100B8EE422A00EB42
:10118000810090ED011A30EE420AB7EE002A32EEED
:10119000402A20EE010A90ED001A02EE010A704783
:1011A00083F9223E00000044000000C410B5012273
:1011B0001146024805F006F910BD0000000802586B
:1011C00010B500220121024805F0FCF810BD000016
:1011D000000802587047000010B50122082102489B
:1011E00005F0F0F810BD00000008025810B500220C
:1011F0000821024805F0E6F810BD0000000802587A
:10120000704710B50446204618F02EFE10BD10B5EC
:101210000446204616F046FA10BD10B50024FFF72C
:10122000D9FFFFF7EDFF12F021FD044312F0B2FDEC
:101230000443204610BD00002DE9FC4105460E4642
:101240001746002000900190FFF7BAFF922000F0AF
:10125000D1F806226946122000F0ACF8FFF7A6FF8D
:101260009DF80100000200B29DF8001040EA010460
:1012700000EE104AB8EEC00A4C48D0ED000A20EE4D
:10128000200A86ED000A9DF80300000200B29DF8D6
:10129000021040EA010400EE104AB8EEC00A4348CA
:1012A000D0ED000A20EE200A86ED010A9DF8050027
:1012B000000200B29DF8041040EA010400EE104A5A
:1012C000B8EEC00A3948D0ED000A20EE200A86EDBB
:1012D000020AFFF78BFF08226946002000F06AF837
:1012E000FFF77AFF9DF800000F2838D19DF8030022
:1012F000000200B29DF8021040EA010400EE104A1C
:10130000B8EEC00A2A48D0ED000A20EE200A85ED8A
:10131000000A9DF80500000200B29DF8041040EAA2
:10132000010400EE104AB8EEC00A2148D0ED000AD0
:1013300020EE200A85ED010A9DF80700000200B2A8
:101340009DF8061040EA010400EE104AB8EEC00A0B
:101350001748D0ED000A20EE200A85ED020AFFF7BB
:101360002FFFA22000F046F802226946222000F05A
:1013700021F8FFF71BFF9DF80000C0009DF8011049
:1013800040EA6114B4F5806F02DBA4F5006004B29A
:1013900000EE104AF8EEC00AB4EE001AB3EE070AE7
:1013A00000EE810A87ED000ABDE8FC819C03002065
:1013B000A003002070B506460C46154646F0800096
:1013C00000F018F806E0552000F014F82070641CB6
:1013D000681EC5B2002DF6D170BD70B504460D462D
:1013E00044F0800000F006F8552000F003F8287063
:1013F00070BD000001B582B04FF47A70012301AADC
:1014000002A90090024807F0B9FB9DF804000EBD48
:101410007C16002070B505460C462846FFF7EAFF0B
:101420002046FFF7E7FF70BDD2ED020A92ED021AE7
:10143000B6EE000A00EEC10AD2ED030A92ED031ADD
:1014400000EEC10AD0ED000A20EE200AD2ED010A1A
:1014500092ED021A60EE810A92ED001AD2ED031AA3
:1014600041EE610A90ED011A00EE810AD2ED010A07
:1014700092ED031A60EE810A92ED001AD2ED021A83
:1014800041EE210A90ED021A00EE810AF0EE000A08
:1014900020EE200A81ED000A92ED010AD2ED020A47
:1014A00020EE200AD2ED000A92ED031A00EE810A26
:1014B000D0ED000A60EE200A92ED011AD2ED011A79
:1014C000B6EE000A01EE610AD2ED031A92ED032A8C
:1014D000B0EE401A01EEC21AD0ED011AB0EE600A69
:1014E00001EE210AD2ED020A92ED031A60EE810AA2
:1014F00092ED001AD2ED011A41EE610A90ED021A46
:1015000000EE810AF0EE000A20EE200A81ED010AC9
:1015100092ED010AD2ED030A20EE200AD2ED000A74
:1015200092ED021A00EEC10AD0ED000A20EE200A68
:10153000D2ED020A92ED031A60EE810A92ED001AD2
:10154000D2ED011A41EE210A90ED011A00EE810A56
:1015500092ED011AD2ED011AF6EE000A41EE610A8F
:1015600092ED021AD2ED021A41EE610A90ED021AD2
:1015700000EE810AF0EE000A20EE200A81ED020A58
:10158000704700BFFEE7000010B52DED028BB0EEF6
:10159000408A0120194908600020486088600820BE
:1015A000C8600020086148618861C86108629FEDD9
:1015B000141ADFED140AB0EE480A01F0E8FBB0EEB1
:1015C000408A0C209FED0E1ADFED0E0AB0EE480A9D
:1015D00001F0A6FB044600200B4908704870887093
:1015E000C8700871487120128871CC710A4603498D
:1015F000064803F0E7FCBDEC028B10BD681000202C
:1016000000005842000058C23E0300203C15002054
:1016100010B501200E49086000204860886008204D
:10162000C8600020086148618861C8610862FF20C5
:101630000849087048708870C870087148718871CE
:10164000FC20C8710A460249034803F0BBFC10BDE8
:10165000681000203E0300203C15002010B501203A
:101660000E4908600020486088600820C86000209B
:10167000086148618861C8610862FF2008490870F4
:1016800048708870C870087148718871FB20C871F3
:101690000A460249034803F095FC10BD681000207B
:1016A0003E0300203C15002010B52DED028BB0EE5E
:1016B000408A02201949086000204860886008209C
:1016C000C8600020086148618861C86108629FEDB8
:1016D000141ADFED140AB0EE480A01F058FBB0EE20
:1016E000408A0C209FED0E1ADFED0E0AB0EE480A7C
:1016F00001F016FB044600200B4908704870887002
:10170000C8700871487120128871CC710A4603496B
:10171000064803F057FCBDEC028B10BD681000209A
:1017200000005842000058C23E0300203C15002033
:1017300010B502200E49086000204860886008202B
:10174000C8600020086148618861C8610862FF20A4
:101750000849087048708870C870087148718871AD
:10176000FC20C8710A460249034803F02BFC10BD57
:10177000681000203E0300203C15002010B5022018
:101780000E4908600020486088600820C86000207A
:10179000086148618861C8610862FF2008490870D3
:1017A00048708870C870087148718871FB20C871D2
:1017B0000A460249034803F005FC10BD68100020EA
:1017C0003E0300203C15002010B52DED028BB0EE3D
:1017D000408A03201949086000204860886008207A
:1017E000C8600020086148618861C86108629FED97
:1017F000141ADFED140AB0EE480A01F0C8FAB0EE90
:10180000408A0C209FED0E1ADFED0E0AB0EE480A5A
:1018100001F086FA044600200B4908704870887071
:10182000C8700871487120128871CC710A4603494A
:10183000064803F0C7FBBDEC028B10BD681000200A
:1018400000005842000058C23E0300209C140020B3
:1018500010B503200E490860002048608860082009
:10186000C8600020086148618861C8610862FF2083
:101870000849087048708870C8700871487188718C
:10188000FC20C8710A460249034803F09BFB10BDC7
:10189000681000203E0300209C14002010B5032097
:1018A0000E4908600020486088600820C860002059
:1018B000086148618861C8610862FF2008490870B2
:1018C00048708870C870087148718871FB20C871B1
:1018D0000A460249034803F075FB10BD681000205A
:1018E0003E0300209C14002010B52DED028BB0EEBD
:1018F000408A042019490860002048608860082058
:10190000C8600020086148618861C86108629FED75
:10191000141ADFED140AB0EE480A01F038FAB0EEFE
:10192000408A0C209FED0E1ADFED0E0AB0EE480A39
:1019300001F0F6F9044600200B49087048708870E1
:10194000C8700871487120128871CC710A46034929
:10195000064803F037FBBDEC028B10BD6810002079
:1019600000005842000058C23E0300209C14002092
:1019700010B504200E4908600020486088600820E7
:10198000C8600020086148618861C8610862FF2062
:101990000849087048708870C8700871487188716B
:1019A000FC20C8710A460249034803F00BFB10BD36
:1019B000681000203E0300209C14002010B5042075
:1019C0000E4908600020486088600820C860002038
:1019D000086148618861C8610862FF200849087091
:1019E00048708870C870087148718871FB20C87190
:1019F0000A460249034803F0E5FA10BD68100020CA
:101A00003E0300209C14002010B504464FF40070E3
:101A10000E4908600020486088600820C8600020E7
:101A2000086148618861C8610862200A0849087035
:101A30004C7000208870C870087148718871C87136
:101A40000A460249034803F0BDFA10BD68100020A1
:101A50003E0300209C14002010B504464FF4007093
:101A60000E4908600020486088600820C860002097
:101A7000086148618861C861086209490870487056
:101A8000200A8870CC700020087148718871C87174
:101A90000A460249034803F095FA10BD6810002079
:101AA0003E0300203C150020B0F90010B0F90820DA
:101AB000891A00EE101AB8EEC00B9FED1F1BB4EE92
:101AC000C10BF1EE10FA03DD8169491E816112E05C
:101AD000B0F90010B0F90820891A00EE101AB8EE1B
:101AE000C00B9FED171BB4EEC10BF1EE10FA02D242
:101AF0008169491C81618169C1EB4131B0F90020E4
:101B0000114400EE101AB8EEC00ADFED0F0A80EEA5
:101B1000201A9FED0E0A21EE000AF0EE000A20EED8
:101B2000200ADFED0B0A80EE201AB3EE010A21EE47
:101B3000000A80ED050A70470000000000FFAF407A
:101B40000000000000FFAFC000F8FF45DA0F494079
:101B5000000086432DE9F041DFF810C4BCF90C7099
:101B6000002F01DBBC4601E0C7F1000C00EE10CAFB
:101B7000B8EEC00ADFEDFE0A20EE200AF3EE040AFA
:101B800020EE200A9FEDFB1AC0EE010ADFF8DCC34D
:101B9000DCF800C0BCF90260002E01DBB44601E0B5
:101BA000C6F1000C00EE10CAB8EEC01A9FEDF20AA2
:101BB00000EE810ADFF8B4C3BCF92050002D01DB30
:101BC000AC4601E0C5F1000C00EE90CAF8EEE00A68
:101BD0009FEDE71A60EE810AB3EE041A60EE810A07
:101BE000DFEDE41A80EEA11ADFF880C3DCF814C040
:101BF000BCF90240002C01DBA44601E0C4F1000C5A
:101C000000EE90CAF8EEE00A01EE200ADFF85CC3AD
:101C1000BCF90C30002B01DB9C4601E0C3F1000C49
:101C200000EE90CAF8EEE00A9FEDD41A60EE810A49
:101C3000B3EE041A60EE810ADFEDCE1A80EEA11A2F
:101C4000DFF828C3BCF90C20002A01DB944601E030
:101C5000C2F1000C00EE90CAF8EEE00A61EE200A34
:101C6000B3EE041A60EE810A9FEDC21AC0EE811A2B
:101C700070EE210ADFF8F4C2BCF92010002901DB64
:101C80008C4601E0C1F1000C00EE10CAB8EEC00AAB
:101C90009FEDBA1A20EE010AB3EE041A20EE010AF3
:101CA000DFEDB41A80EE211ADFF8C0C2BCF92000C3
:101CB000002801DB844601E0C0F1000C00EE10CAF0
:101CC000B8EEC00A21EE000AB3EE041A20EE010AB3
:101CD0009FEDA81AC0EE011A30EEA10ADFEDA80AA6
:101CE00030EE200ADFEDA60A30EE200ADFF894C2BB
:101CF0008CED6B0A6046D0ED6B0AA348408B00EE7A
:101D0000100AB8EE400AF4EEC00AF1EE10FA0BDB4E
:101D10009E48807A642807DA604690ED610AB5EE45
:101D2000C00AF1EE10FA03D09848807A32287DDAA2
:101D300001208E4981F8BC05084690EDB21B00F5E4
:101D40009B6090ED082B924890ED000AB7EEC00A18
:101D500032EE402B9FED8F0B01EE020B084690ED0B
:101D6000B61B00F59B6090ED0A2B01EE020B0846B6
:101D700090EDC21B00F59B6090ED162B01EE020B5F
:101D8000084690EDC61B00F59B6090ED182B01EE08
:101D9000020BB7EEC00B814880ED000A084690EDBB
:101DA000FE1B00F59B6090ED082B794890ED000A32
:101DB000B7EEC00A32EE402B9FED760B01EE020B20
:101DC00001F56A7090ED181B00F5987090ED0A2BE4
:101DD00001EE020BA0F5987090ED241B00F59870B1
:101DE00090ED162B01EE020BA0F5987090ED281BDC
:101DF00000F5987090ED182B11EE420BB7EEC00B6A
:101E0000674880ED000A5F4890ED5E0A654880ED06
:101E1000000A084690EDBA0BB1EE401B00F59B603E
:101E200090ED102B604890ED000A00E0FDE3B7EE66
:101E3000C00A30EE420B21EE000B084690EDBE2B9F
:101E400000F59B6090ED123B584890ED001AB7EEFC
:101E5000C11A31EE431B02EE010BB7EEC00B544822
:101E600080ED000A01F56A7090ED1C0BB1EE401B8D
:101E700000F5987090ED102B4B4890ED000AB7EEEE
:101E8000C00A30EE420B21EE000B01F56A7090EDB6
:101E9000202B00F5987090ED123B444890ED001A0D
:101EA000B7EEC11A31EE431B02EE010BB7EEC00BC9
:101EB000404880ED000A394890ED000ADFED3E0A07
:101EC00020EE200AF2EE0E0A20EE200ADFED3B0A99
:101ED00080EE201A3A4880ED001A314890ED000A51
:101EE000DFED350A20EE200AF2EE0E0A20EE200A7F
:101EF000DFED320A80EE201A324880ED001A304CB5
:101F000094ED000AB7EEC00AB0EEC00B9FED2E1B99
:101F100020EE010BB3EE041B20EE010B9FED2C2BEA
:101F200080EE021B0C462468B4F90230002B01DB62
:101F30001C4600E05C4200EE104AB8EEC02B9FED5C
:101F4000150B01EE020B1F4C94ED001AB7EEC11AEF
:101F5000B0EEC11B9FED1C2B21EE021BB3EE042B38
:101F600021EE021B9FED1A3B36E0000080040020AA
:101F70008600E03A0000804600000000158CCA3D53
:101F8000DBF90241800800200C11002048110020DC
:101F9000A80000200000000000000000C000002099
:101FA000BC000020CC00002054000020580000207D
:101FB000C4000020C8000020548061453D0A5F41F4
:101FC000E0000020E4000020000000C010005C3FA2
:101FD000000000000000D04081EE032BFE4C64693D
:101FE000B4F90220002A01DB144600E0544201EE5D
:101FF000104AB8EEC13BB0EE401B02EE031BF74C9B
:1020000094ED000AB7EEC00AB0EEC00B9FEDF42BC2
:1020100020EE020BB3EE042B20EE020B1FED143B5F
:1020200080EE032BEC4CB4F90C10002901DB0C46BC
:1020300000E04C4200EE104AB8EEC00B22EE000B5E
:10204000B3EE042B20EE020B1FED1F2B80EE023BA4
:1020500031EE031BE44C94ED000AB7EEC00AB0EE7B
:10206000C00B9FEDDF2B20EE020BB3EE042B20EE16
:10207000020B1FED293B80EE032BD74CB4F9200057
:10208000002801DB044600E0444200EE104AB8EEAE
:10209000C00B22EE000BB3EE042B20EE020B1FED63
:1020A000342B80EE023B31EE030B9FEDD01B30EE64
:1020B000010B9FEDCE1B30EE010BB7EEC00BCD4CEC
:1020C00084ED000ACC4890ED000A5FED450A20EE51
:1020D000200AF2EE0E0A20EE200A5FED480A80EE9A
:1020E000201AC64880ED001AC54890ED000A5FED41
:1020F0004E0A20EE200AF2EE0E0A20EE200A5FEDD4
:10210000510A80EE201ABF4880ED001ABB4C94EDB6
:10211000000AB7EEC00AB0EEC00B1FED551B20EE53
:10212000010BB3EE041B20EE010B1FED572B80EECD
:10213000021BA94C2468B4F90230002B01DB1C46B9
:1021400000E05C4200EE104AB8EEC02B1FED6F0BB2
:1021500001EE020BAB4C94ED001AB7EEC11AB0EED3
:10216000C11B1FED672B21EE021BB3EE042B21EEEA
:10217000021B1FED693B81EE032B974C6469B4F998
:102180000220002A01DB144600E0544201EE104A0E
:10219000B8EEC13BB0EE401B02EE031B974C94ED32
:1021A000000AB7EEC00AB0EEC00B9FED8D2B20EEFB
:1021B000020BB3EE042B20EE020B1FED7B3B80EEF7
:1021C000032B854CB4F90C10002901DB0C4600E010
:1021D0004C4200EE104AB8EEC00B22EE000BB3EEFC
:1021E000042B20EE020B1FED862B80EE023B31EE1E
:1021F000032B844C94ED000AB7EEC00AB0EEC00B7E
:102200009FED771B20EE010BB3EE041B20EE010BBC
:102210001FED913B80EE031B6F4CB4F920000028AA
:1022200001DB044600E0444200EE104AB8EEC00B69
:1022300021EE000BB3EE041B20EE010B1FED9C1BE7
:1022400080EE013B32EE030BB7EEC00B6E4C84ED1B
:10225000000A6E4890ED000A5FEDA90A20EE200A00
:10226000F2EE0E0A20EE200A5FEDAC0A80EE201A94
:10227000674880ED001A044694ED000AF0EE000A6B
:1022800080EE201AB7EEC10AB0EEC00B1FEDB21BF4
:1022900020EE010BB3EE041B20EE010B1FEDB42B5F
:1022A00080EE021B4C4C2468B4F90230002B01DB99
:1022B0001C4600E05C4200EE104AB8EEC02B1FED59
:1022C000CB0B01EE020B524C94ED001AF0EE001A0B
:1022D00081EE212AB7EEC21AB0EEC11B1FEDC62B4C
:1022E00021EE021BB3EE042B21EE021B1FEDC83BB7
:1022F00081EE032B384C6469B4F90220002A01DB1B
:10230000144600E0544201EE104AB8EEC13BB0EE74
:10231000401B02EE031B3E4C94ED000AF0EE000A57
:1023200080EE202AB7EEC20AB0EEC00B9FED2C2B38
:1023300020EE020BB3EE042B20EE020B1FEDDC3B74
:1023400080EE032B244CB4F90C10002901DB0C4661
:1023500000E04C4200EE104AB8EEC00B22EE000B3B
:10236000B3EE042B20EE020B1FEDE72B80EE023BB9
:1023700031EE031B264C94ED000AF0EE000A80EECD
:10238000202AB7EEC20AB0EEC00B9FED152B20EE4F
:10239000020BB3EE042B20EE020B1FEDF33B80EE9D
:1023A000032B0D4CB4F92000002801DB044600E0AB
:1023B000444200EE104AB8EEC00B22EE000BB3EE22
:1023C000042B20EE020B9FED132B80EE023B31EE2F
:1023D000030BB7EEC00B21E080040020E0000020DA
:1023E000000000A08251B93FE4000020000000601E
:1023F0003B5F2040D0000020C4000020EC00002003
:10240000C8000020F0000020D8000020CC000020F0
:10241000E8000020000000000000D040A24C84ED45
:10242000000AA24890ED6B0AA148D0ED000A30EEF8
:10243000600AA04880ED000A90ED000AB5EEC00ADF
:10244000F1EE10FA03D29FED9C0A80ED000A9B4842
:1024500090ED000A9448D0ED000A70EE200A9848EA
:1024600090ED001A81EE200A9248D0ED000A60EE4D
:10247000200A944890ED000AB6EE001A00EE810A98
:10248000914890ED001AF0EE001AC1EE210A8B4837
:1024900090ED001A8448D0ED001A71EE211A80EEFA
:1024A000A11A8448D0ED000A61EE200AB6EE001AA7
:1024B00000EEC10A854880ED040A804890ED000ACC
:1024C0007948D0ED000A70EE200A814890ED001A9C
:1024D00081EE200A7748D0ED000A60EE200A7D48A0
:1024E00090ED000AB6EE001A00EE810A764890EDF3
:1024F000001AF0EE001AC1EE210A704890ED001AA1
:102500006948D0ED001A31EE211AC0EE811A6948EF
:10251000D0ED000A61EEA00AB6EE001A00EEC10A84
:10252000B7EEC00A6148583880ED2C0B583090ED5A
:10253000610AB5EEC00AF1EE10FA6ED15F4890ED77
:10254000000A5948D0ED000A70EE200A5C4890ED70
:10255000001A81EE200A5748D0ED000A60EE200AEA
:10256000584890ED000A9FED541A00EE810A564833
:1025700090ED001AF0EE001AC1EE210A4F4890EDDE
:10258000001A4948D0ED001A31EE211AC0EE811A26
:102590004848D0ED000A61EEA00AB7EE001A00EE3E
:1025A000C10A4A4880ED040A444890ED000A3E48BA
:1025B000D0ED000A70EE200A454890ED001A81EE39
:1025C000200A3C48D0ED000A60EE200A414890ED18
:1025D000000A9FED391A00EE810A3B4890ED001A7F
:1025E000F0EE001AC1EE210A344890ED001A2E4890
:1025F000D0ED001A71EE211A80EEA11A2D48D0ED0F
:10260000000A61EE200AB7EE001A00EEC10AB7EE2A
:10261000C00A2648583880ED2C0B2C48D0ED040A0F
:10262000B0EE600ADFED2C0A00E03AE016F0F9FAAD
:10263000264880ED040AD0ED090AB0EE600ADFED0D
:10264000260A16F0EEFA214880ED090A90ED040AF8
:10265000DFED220A20EE200AF2EE0E0A20EE200A1A
:10266000DFED1F0A80EE201ABDEEC10A10EE100A3F
:1026700000B216498881084690ED090ADFED170A75
:1026800020EE200AF2EE0E0A20EE200ADFED140AF8
:1026900080EE201ABDEEC10A10EE100A01B20B48FE
:1026A0000184BDE8F0810000DC00002080080020EB
:1026B000D0000020D400002000000000D80000203E
:1026C000C4000020C0000020CC00002080040020B6
:1026D000C8000020BC0000203333534054806145C3
:1026E0003D0A5F4110B5024801F00EFA10BD00002E
:1026F000041C002010B5024801F006FA10BD0000CD
:10270000D41E002010B5024801F0FEF910BD0000F3
:102710004C1F002010B5024801F0F6F910BD000072
:10272000C41F002010B5024801F0EEF910BD0000F2
:102730007C1C002010B5024801F0E6F910BD000035
:10274000F41C002010B5024801F0DEF910BD0000B5
:102750005C1E002010B5024801F0D6F910BD000043
:102760000417002010B5024801F0CEF910BD00009A
:102770007C17002010B5024801F0C6F910BD00001A
:102780003C20002010B5024801F0BEF910BD000049
:10279000B420002010B5024801F0B6F910BD0000C9
:1027A0006C1D002010B5024801F0AEF910BD00000C
:1027B000E41D00200146374A0868904249D0354A56
:1027C00018320868904244D0324A30320868904249
:1027D0003FD0304A4832086890423AD02D4A6032A1
:1027E0000868904235D02B4A78320868904230D041
:1027F000284A9032086890422BD0264AA8320868AE
:10280000904226D0244A0868904222D0224A1832A8
:10281000086890421DD0204A30320868904218D093
:102820001D4A48320868904213D01B4A603208683B
:1028300090420ED0184A78320868904209D0164A61
:1028400090320868904204D0134AA8320868904237
:1028500001D1012000E00020B0B10A78103A18231D
:10286000B2FBF3F000F007020C4B9A5CCA65032838
:1028700005D90A686FF30902121D8A6503E00A6828
:102880006FF309028A6503E0086820F0FF0088659D
:10289000886D7047100002401004024028B60108FD
:1028A00010B502682B4C0368A34222D0294C143483
:1028B0000368A3421DD0274C28340368A34218D0D4
:1028C000244C3C340368A34213D0224C5034036898
:1028D000A3420ED01F4C64340368A34209D01D4CA0
:1028E00078340368A34204D01A4C8C340368A342A2
:1028F00001D1012300E000238BB10378083B1424AD
:10290000B3FBF4F1144B03EB81030366124B8033EA
:10291000436601F01F040123A340836618E0037897
:10292000103B1824B3FBF4F10C4B9A4204D80B4B28
:10293000A83B9A4200D30831094B03EB810303669D
:10294000074B8033436601F01F040123A3408366D5
:1029500010BD00000854025800580258B804024044
:10296000000802400179A9B3082940D8204B026829
:102970009A4222D01E4B143302689A421DD01C4B3F
:10298000283302689A4218D0194B3C3302689A42A5
:1029900013D0174B503302689A420ED0144B643355
:1029A00002689A4209D0124B783302689A4204D0E6
:1029B0000F4B8C3302689A4201D1012200E00022C1
:1029C0004AB14A1E0B4B03EB8202C266094A4032EF
:1029D000026708E00BE04A1E074B03EB8202C26667
:1029E000054A403202674A1E0123934043677047FD
:1029F00008540258005902580009024001460020BC
:102A00008A69D2B98A6A32B1012A0DD0022A03D06A
:102A1000032A10D10EE000BFCA6A02F08072B2F140
:102A2000807F00D1012007E0CA6AB2F1C07F00D1E7
:102A3000012001E000E000BF36E08A69B2F5005FE6
:102A40001BD18A6A32B1012A07D0022A03D0032A95
:102A500011D10AE000BF01200EE0CA6A02F08072C4
:102A6000B2F1807F00D1012006E0CA6AB2F1C07FD6
:102A700000D1012000E000BF16E08A6A32B1012ACD
:102A800005D0022A04D0032A0CD103E000BF00BF06
:102A9000012008E0CA6A02F08072B2F1807F00D1A2
:102AA000012000E000BF00BF70470000F0B5856D59
:102AB000846D984F0668BE4270D0964F18370668EE
:102AC000BE426BD0934F30370668BE4266D0914FFE
:102AD00048370668BE4261D08E4F60370668BE42F6
:102AE0005CD08C4F78370668BE4257D0894F9037FC
:102AF0000668BE4252D0874FA8370668BE424DD006
:102B0000854F0668BE4249D0834F18370668BE42DB
:102B100044D0814F30370668BE423FD07E4F4837A1
:102B20000668BE423AD07C4F60370668BE4235D058
:102B3000794F78370668BE4230D0774F90370668B5
:102B4000BE422BD0744FA8370668BE4226D0734FC2
:102B50000668BE4222D0714F14370668BE421DD0AF
:102B60006E4F28370668BE4218D06C4F3C37066857
:102B7000BE4213D0694F50370668BE420ED0674F31
:102B800064370668BE4209D0644F78370668BE4293
:102B900004D0624F8C370668BE4201D1012600E0A6
:102BA00000263EB1D0E919767E60C66E16B1D0E936
:102BB0001C767E60574F0668BE4249D0554F183785
:102BC0000668BE4244D0534F30370668BE423FD0FD
:102BD000504F48370668BE423AD04E4F60370668BD
:102BE000BE4235D04B4F78370668BE4230D0494F91
:102BF00090370668BE422BD0464FA8370668BE42C3
:102C000026D0454F0668BE4222D0434F183706688B
:102C1000BE421DD0404F30370668BE4218D03E4FEE
:102C200048370668BE4213D03B4F60370668BE4245
:102C30000ED0394F78370668BE4209D0364F9037EC
:102C40000668BE4204D0344FA8370668BE4201D1A0
:102C5000012600E00026DEB190F85C6006F01F0758
:102C60003F26BE40AE600668366826F480260768B8
:102C70003E60066873608668402E04D10668B260C4
:102C80000668F16044E00668B1600668F2603FE003
:102C9000224F0668BE4222D0204F14370668BE423B
:102CA0001DD01E4F28370668BE4218D01B4F3C3738
:102CB0000668BE4213D0194F50370668BE420ED088
:102CC000164F64370668BE4209D0144F783706683D
:102CD000BE4204D0114F8C370668BE4201D1012696
:102CE00000E00026A6B190F85C6006F01F07012600
:102CF000BE406660066873608668402E04D1066830
:102D0000B2600668F16003E00668B1600668F260D0
:102D1000F0BD0000100002401004024008540258A8
:102D2000014671EE602AF0EE621AB0EE602A70EE93
:102D3000422A82EEA13A01208840401E02EE900A0B
:102D4000F8EEE22A63EE222AFCEEE22A12EE900A64
:102D500080B27047B0EE401A30EEC10AF0EE401A71
:102D6000B0EE412A00EE100AB8EEC00A60EE212A49
:102D700001228A4000EE102AB8EEC00AB7EE003AEF
:102D800030EE433A82EE830A30EE020A7047F0EEEC
:102D9000401AF4EEC11AF1EE10FA02DDB0EE410A6B
:102DA0007047F4EEE01AF1EE10FA02D2B0EE600ACB
:102DB000F6E7B0EE610AF3E77047D2ED020A92ED52
:102DC000021AB6EE000A00EEC10AD2ED030A92ED35
:102DD000031A00EEC10AD0ED000A20EE200AD2ED5F
:102DE000010A92ED021A60EE810A92ED001AD2ED0C
:102DF000031A41EE210A90ED011A00EE810AD2ED8C
:102E0000010A92ED031A60EE810A92ED001AD2EDEA
:102E1000021A41EE610A90ED021A00EE810AF0EE0C
:102E2000000A20EE200A81ED000A92ED010AD2ED9F
:102E3000020A20EE200AD2ED000A92ED031A00EEFB
:102E4000C10AD0ED000A60EE200A92ED011AD2ED1F
:102E5000011AB6EE000A01EE610AD2ED031A92EDF4
:102E6000032AB0EE401A01EEC21AD0ED011AB0EEFC
:102E7000600A01EE210AD2ED020A92ED031A60EE19
:102E8000810A92ED001AD2ED011A41EE210A90ED6D
:102E9000021A00EE810AF0EE000A20EE200A81ED0F
:102EA000010A92ED010AD2ED030A20EE200AD2EDCA
:102EB000000A92ED021A00EE810AD0ED000A20EE1F
:102EC000200AD2ED020A92ED031A60EE810A92ED19
:102ED000001AD2ED011A41EE610A90ED011A00EEDE
:102EE000810A92ED011AD2ED011AF6EE000A41EEC6
:102EF000610A92ED021AD2ED021A41EE610A90EDDA
:102F0000021A00EE810AF0EE000A20EE200A81ED9E
:102F1000020A704772B600BFFEE70000074800686B
:102F200040F002000549086000BF04480838006806
:102F300000F400500028F8D0704700000C480258F8
:102F400010B5024802F0F4F910BD00009C140020F6
:102F500010B5024802F0ECF910BD00003C1500204D
:102F600010B5024802F0E4F910BD0000DC150020A5
:102F700010B501464A6B0868D0F884004FF6FC741F
:102F8000A04340EA82000C68C4F884000868D0F8C6
:102F9000840020F47F04088F44EA00400C68C4F8E1
:102FA0008400886B02440868D0F888004FF6FC74EF
:102FB000A04340EA82000C68C4F888000868D0F892
:102FC000880020F4FE04888F44EA00400C68C4F8AE
:102FD0008800C86B02EB40020868D0F8A0004FF6EA
:102FE000FC74A04340EA82000C68C4F8A0000868A2
:102FF000D0F8A00020F4FE044020405A44EA0040EB
:103000000C68C4F8A000D1E9104004FB0022086855
:10301000D0F8B0004FF6FC74A04340EA82000C6880
:10302000C4F8B0000868D0F8B00020F4FE04B1F88D
:10303000480044EA00400C68C4F8B000D1E91240EE
:1030400004FB00220868D0F8AC004FF6FC74A043E3
:1030500040EA82000C68C4F8AC00D1E9144004FBDB
:1030600000220868D0F8F0004FF6FC74A04340EA54
:1030700082000C68C4F8F0000868D0F8F00020F472
:103080007C14B1F8580044EA00400C68C4F8F00021
:10309000886D02EB40020868D0F8C0004FF6FC745F
:1030A000A04340EA82000C68C4F8C0000868D0F869
:1030B000C00020F47C14B1F85C0044EA00400C68C5
:1030C000C4F8C0000868D0F8C00020F07C5491F823
:1030D000600044EA00600C68C4F8C0002A4C486BE9
:1030E00004EB8000C866CC6E886B04EB80040C6730
:1030F0000C6FC86B04EBC0044C67D1E9100460434B
:103100004C6F04EB80048C67D1E9120460438C6F30
:1031100004EB8004CC67D1E914046043CC6F04EB6A
:103120008004802044504458886D04EBC0048420FF
:1031300044508C6EC86D60438424645804EB800452
:10314000882044508C6E086E60438824645804EBD9
:1031500080049020445040580C4CA04209D998312A
:10316000486840F020004860032001F898090120D9
:1031700010BDCB6E02E0002018601B1D902040584F
:103180009842F8D80020F3E700AC0040FCD30040A0
:103190002DE9F041054614461E46D1F804C0BCF1A5
:1031A000000F0AD1D1F810C0D1F808804CEA080C01
:1031B000B1F800804CEA88430BE0D1F810C04CF025
:1031C000804CD1F808804CEA080CD1F800804CEA19
:1031D000080391F82080D1F81CC04CEA086CD1F8A3
:1031E00018804CEA080CD1F814804CEA080CB1F8AD
:1031F0000C804CEA0847D5F868C00CFB06FCD5F8F3
:10320000848008EB8C021360121D1760121D0020D1
:1032100019E000F1030C14F80CC04FEA0C6800F13F
:10322000020C14F80CC048EA0C4800F1010C14F828
:103230000CC048EA0C2C14F800804CEA080CC2F8C8
:1032400000C0121D001DDFF81480D1F80CC018F862
:103250000CC08445DDD8BDE8F081000030B601081F
:1032600030B5034613B94FF6FF7030BD09E013F8CF
:10327000014B82EA0400C0B2054D35F8100080EA27
:103280002222081EA1F10101F1D11046EDE7000054
:10329000CEA701082DE9F041044603F099F88046D5
:1032A00014B90120BDE8F08194F83500022808D057
:1032B0008020606500BF002084F8340000BF01203A
:1032C000F0E7FE492068884249D0FC49183120685F
:1032D000884244D0F9493031206888423FD0F749CC
:1032E0004831206888423AD0F449603120688842E9
:1032F00035D0F24978312068884230D0EF4990319A
:10330000206888422BD0ED49A8312068884226D019
:10331000EB492068884222D0E94918312068884268
:103320001DD0E74930312068884218D0E44948313F
:103330002068884213D0E2496031206888420ED06C
:10334000DF4978312068884209D0DD499031206812
:10335000884204D0DA49A8312068884201D101208E
:1033600000E0002068B12068006820F01E0021689D
:1033700008602068406920F0800021684861256865
:1033800006E02068006820F00E00216808602568CB
:10339000CA492068884270D0C849183120688842DC
:1033A0006BD0C64930312068884266D0C349483165
:1033B0002068884261D0C1496031206888425CD071
:1033C000BE4978312068884257D0BC499031206886
:1033D000884252D0B949A831206888424DD0B849B6
:1033E0002068884249D0B64918312068884244D0C4
:1033F000B3493031206888423FD0B1494831206814
:1034000088423AD0AE4960312068884235D0AC4914
:1034100078312068884230D0A949903120688842AC
:103420002BD0A749A8312068884226D0A54920681A
:10343000884222D0A3491431206888421DD0A14976
:1034400028312068884218D09E493C312068884243
:1034500013D09C495031206888420ED0994964317C
:103460002068884209D0974978312068884204D082
:1034700094498C312068884201D1012000E000206D
:1034800028B1206E006820F48070216E08608B499E
:103490002068884249D0894918312068884244D040
:1034A00086493031206888423FD0844948312068BD
:1034B00088423AD0814960312068884235D07F49BE
:1034C00078312068884230D07C4990312068884229
:1034D0002BD07A49A8312068884226D078492068C4
:1034E000884222D076491831206888421DD074491C
:1034F00030312068884218D07149483120688842AC
:1035000013D06F496031206888420ED06C49783101
:103510002068884209D06A4990312068884204D0E6
:103520006749A8312068884206D12068006820F0E9
:1035300001002168086005E02068006820F00100B3
:103540002168086011E002F043FFA0EB08000528A5
:103550000BD920206065032084F8350000BF0020CF
:1035600084F8340000BF01209CE6286800F00100C8
:103570000028E8D151492068884249D04F49183184
:103580002068884244D04D493031206888423FD07D
:103590004A494831206888423AD048496031206819
:1035A000884235D0454978312068884230D0434937
:1035B0009031206888422BD04049A8312068884249
:1035C00026D03F492068884222D03D4918312068E2
:1035D00088421DD03A4930312068884218D0384995
:1035E00048312068884213D03549603120688842CC
:1035F0000ED0334978312068884209D03049903163
:103600002068884204D02E49A8312068884201D120
:10361000012000E0002040B1A66D94F85C0000F0AD
:103620001F013F208840B06007E0A76D94F85C0060
:1036300000F01F01012088407860204920688842FE
:1036400076D01E4918312068884271D01B4930312C
:10365000206888426CD0194948312068884267D078
:10366000164960312068884262D014497831206858
:1036700088425DD0114990312068884258D00F4966
:10368000A8312068884253D00D49206888424FD025
:103690000B491831206888424AD0094930312068E6
:1036A000884245D0064948312068884240D00449C4
:1036B0006031206888423BD0014905E0100002409B
:1036C00010040240085402587831206888422FD0F4
:1036D0002549206888422BD0234918312068884228
:1036E00026D022492068884222D0204914312068FF
:1036F00088421DD01D4928312068884218D01B49B6
:103700003C312068884213D01849503120688842E3
:103710000ED0164964312068884209D013497831A7
:103720002068884204D011498C312068884201D138
:10373000012000E0002068B1D4E919104860E06E73
:1037400040B1E06E006820F48070E16E0860D4E95A
:103750001C104860012084F8350000BF002084F868
:10376000340000BF00BF9DE5A00402400854025889
:1037700070B504460CB9012070BD94F835000228DC
:1037800003D0802060650120F6E7DC49206888428C
:1037900049D0DA4918312068884244D0D7493031BD
:1037A000206888423FD0D5494831206888423AD0C5
:1037B000D24960312068884235D0D04978312068BC
:1037C000884230D0CD499031206888422BD0CB49F7
:1037D000A8312068884226D0C9492068884222D072
:1037E000C7491831206888421DD0C549303120684A
:1037F000884218D0C24948312068884213D0C04955
:103800006031206888420ED0BD49783120688842F6
:1038100009D0BB4990312068884204D0B849A8310A
:103820002068884201D1012000E00020F0B304208C
:1038300084F83500B149206888424BD0AF4918312F
:103840002068884246D0AD4930312068884241D056
:10385000AA494831206888423CD0A8496031206894
:10386000884237D0A54978312068884232D0A349B0
:103870009031206888422DD0A049A8312068884224
:1038800028D09F492068884224D09D49183120685B
:1038900088421FD09A493031206888421AD098490E
:1038A00048312068884215D0954900E020E0603119
:1038B000206888420ED0924978312068884209D029
:1038C0008F4990312068884204D08D49A831206802
:1038D000884206D12068006820F001002168086055
:1038E00009E12068006820F001002168086002E119
:1038F0002068006820F00E00216808607F49206879
:10390000884249D07D4918312068884244D07B499B
:103910003031206888423FD0784948312068884259
:103920003AD0764960312068884235D07349783181
:103930002068884230D071499031206888422BD06D
:103940006E49A8312068884226D06D492068884297
:1039500022D06B491831206888421DD06849303127
:103960002068884218D0664948312068884213D0C0
:1039700063496031206888420ED0614978312068FF
:10398000884209D05E4990312068884204D05C4961
:10399000A8312068884206D12068006820F0010024
:1039A0002168086005E02068006820F001002168B7
:1039B000086052492068884270D050491831206808
:1039C00088426BD04D4930312068884266D04B49DF
:1039D00048312068884261D0484960312068884277
:1039E0005CD0464978312068884257D043499031AD
:1039F0002068884252D04149A831206888424DD081
:103A00003F492068884249D03D49183120688842A2
:103A100044D03B493031206888423FD03849483152
:103A2000206888423AD0364960312068884235D0D3
:103A3000334978312068884230D03149903120684C
:103A400088422BD02E49A8312068884226D02D49A3
:103A50002068884222D02B491431206888421DD02A
:103A6000284928312068884218D026493C312068EE
:103A7000884213D023495031206888420ED0214912
:103A800064312068884209D01E4978312068884214
:103A900004D01C498C312068884201D1012000E00B
:103AA0000020D8B1206E006820F48070216E08607C
:103AB000A56D94F85C0000F01F010120884068604B
:103AC000D4E919104860E06E40B1E06E006820F45F
:103AD0008070E16E0860D4E91C104860012084F811
:103AE000350000BF002084F8340000BF206D10B105
:103AF0002046216D884700203EE60000100002406D
:103B000010040240085402582DE9F84F04460020E2
:103B10000090FE4800684FF41651B0FBF1FAA66D14
:103B2000D4F858803768D8F80090F949206888425E
:103B300049D0F74918312068884244D0F4493031DF
:103B4000206888423FD0F2494831206888423AD004
:103B5000EF4960312068884235D0ED4978312068DE
:103B6000884230D0EA499031206888422BD0E84919
:103B7000A8312068884226D0E6492068884222D0B1
:103B8000E4491831206888421DD0E249303120686C
:103B9000884218D0DF4948312068884213D0DD4977
:103BA0006031206888420ED0DA4978312068884236
:103BB00009D0D84990312068884204D0D549A8312D
:103BC0002068884201D1012000E0002000287DD03B
:103BD00094F85C0000F01F0108208840384000285D
:103BE00068D0CB492068884249D0C949183120683B
:103BF000884244D0C6493031206888423FD0C44909
:103C00004831206888423AD0C149603120688842F2
:103C100035D0BF4978312068884230D0BC499031D6
:103C2000206888422BD0BA49A8312068884226D023
:103C3000B8492068884222D0B649183120688842A5
:103C40001DD0B44930312068884218D0B14948317C
:103C50002068884213D0AF496031206888420ED076
:103C6000AC4978312068884209D0AA49903120684F
:103C7000884204D0A749A8312068884204D120682E
:103C8000006800F0040003E02068006800F008000D
:103C900080B12068006820F004002168086094F872
:103CA0005C0000F01F0108208840B060606D40F0AB
:103CB0000100606594F85C0000F01F01012088405D
:103CC0003840E8B392492068884200E0B7E24BD020
:103CD0008F4918312068884246D08D49303120689C
:103CE000884241D08A494831206888423CD088497E
:103CF00060312068884237D0854978312068884211
:103D000032D083499031206888422DD08049A83133
:103D10002068884228D07F492068884224D07D4985
:103D20001831206888421FD07A4930312068884293
:103D30001AD0784948312068884215D0754900E08A
:103D400026E06031206888420ED0724978312068C0
:103D5000884209D06F4990312068884204D06D496B
:103D6000A8312068884204D12068406900F08000B2
:103D700002E020680068002050B194F85C0000F078
:103D80001F0101208840B060606D40F00200606556
:103D900094F85C0000F01F01042088403840E8B32C
:103DA0005B49206888424BD05949183120688842C5
:103DB00046D0574930312068884241D05449483173
:103DC000206888423CD0524960312068884237D010
:103DD0004F4978312068884232D04D49903120686F
:103DE00088422DD04A49A8312068884228D04949C4
:103DF0002068884224D047491831206888421FD063
:103E000044493031206888421AD0424948312068FC
:103E1000884215D03F496031206800E024E08842A4
:103E20000ED03C4978312068884209D03949903118
:103E30002068884204D03749A8312068884204D1DC
:103E40002068006800F0020002E02068006800209E
:103E500050B194F85C0000F01F0104208840B0606D
:103E6000606D40F00400606594F85C0000F01F0194
:103E7000102088403840E8B325492068884251D056
:103E800023491831206888424CD0214930312068BC
:103E9000884247D01E4948312068884242D01C4998
:103EA0006031206888423DD01949783120688842C5
:103EB00038D0174990312068884233D01449A8314E
:103EC000206888422ED01349206888422AD01149A0
:103ED00018312068884225D00E4930312068884248
:103EE00020D00C494831206888421BD009496031F4
:103EF000206800E04DE0884214D0064978312068FF
:103F000088420FD003499031206805E0F00300207B
:103F10001000024010040240884203D0FE4920688D
:103F2000884204D12068006800F0080003E020689F
:103F3000006800F0040060B394F85C0000F01F011A
:103F400010208840B0602068006800F4802080B1B4
:103F50002068006800F4002028B9206CC8B1204611
:103F6000216C884715E0A06C98B12046A16C884769
:103F70000FE02068006800F4807028B920680068AD
:103F800020F0080021680860206C10B12046216CE8
:103F9000884794F85C0000F01F01202088403840DA
:103FA00000287DD0DD492068884249D0DB4918319E
:103FB0002068884244D0D9493031206888423FD0B7
:103FC000D6494831206888423AD0D44960312068C7
:103FD000884235D0D14978312068884230D0CF49E5
:103FE0009031206888422BD0CC49A8312068884283
:103FF00026D0C949A8392068884221D0C6499039BD
:10400000206888421CD0C44978392068884217D07B
:10401000C14960392068884212D0BF4948392068B8
:1040200088420DD0BC4930392068884208D0BA494E
:1040300018392068884203D0B7492068884204D1E3
:104040002068006800F0100003E02068006800F0BD
:10405000020028B394F85C0000F01F012020884083
:10406000B06094F8350004282DD12068006820F055
:104070001600216808602068406920F080002168EF
:104080004861206C08B9A06C28B12068006820F055
:1040900008002168086094F85C0000F01F0100E04F
:1040A0003FE03F208840B060012084F8350000BF29
:1040B000002084F8340000BF206D10B12046216D2F
:1040C0008847BDE8F88F2068006800F4802080B140
:1040D0002068006800F4002028B9606C08B320460E
:1040E000616C88471DE0E06BD8B12046E16B8847E2
:1040F00017E02068006800F4807068B920680068E4
:1041000020F0100021680860012084F8350000BF0D
:10411000002084F8340000BFE06B10B12046E16B52
:104120008847606D00287AD0606D00F00100E8B328
:10413000042084F835007949206888424BD07749BB
:1041400018312068884246D074493031206888424E
:1041500041D072494831206888423CD06F49603173
:104160002068884237D06D4978312068884232D043
:104170006A499031206888422DD06849A83120686A
:10418000884228D06449A8392068884223D06249EF
:104190009039206888421ED05F497839206888426B
:1041A00019D05D4960392068884200E040E012D0B3
:1041B00059494839206888420DD05749303920681C
:1041C000884208D0544918392068884203D052499F
:1041D0002068884206D12068006820F0010021682C
:1041E000086005E02068006820F001002168086090
:1041F00000BF0098401C0090504500D905E02068A1
:10420000006800F001000028F3D100BF20680068BA
:1042100000F0010020B1032084F8350003E00DE038
:10422000012084F8350000BF002084F8340000BF6E
:10423000E06C002802D02046E16C8847D9E138497B
:104240002068884222D036491431206888421DD027
:10425000334928312068884218D031493C312068E0
:10426000884213D02E495031206888420ED02C4904
:1042700064312068884209D0294978312068884211
:1042800004D027498C312068884201D1012000E008
:1042900000200028D2D02068056894F85C0000F067
:1042A0001F010420884000EA0900D8B305F004008B
:1042B000C0B394F85C0000F01F0104208840C8F8E7
:1042C000040005F4004080B105F4803030B9A06CE2
:1042D0000028B3D02046A16C88478AE1206C0028D2
:1042E000ACD02046216C884783E105F02000E8BB74
:1042F0000A492068884253D008491831206888420A
:104300004ED0064930312068884249D003494831AF
:104310002068884244D006E0B80402401000024001
:10432000085402584FE0B44960312068884237D0C1
:10433000B14978312068884232D0AF499031206845
:1043400088422DD0AC49A8312068884228D0AB499A
:104350002068884224D0A9491831206888421FD09B
:10436000A6493031206888421AD000E025E0A349F0
:1043700048312068884213D0A049603120688842C3
:104380000ED09E4978312068884209D09B499031EF
:104390002068884204D09949A8312068884206D113
:1043A0002068006820F008002168086005E02068A7
:1043B000006820F0040021680860206C10B32046DB
:1043C000216C884715E194F85C0000F01F01022081
:1043D000884000EA0900E8B305F00200D0B394F881
:1043E0005C0000F01F0102208840C8F8040005F4BA
:1043F000004070B105F4803028B9606C10B12046DF
:10440000616C8847F5E0E06BF0B32046E16B8847CC
:10441000EFE005F02000C0BB7749206888424ED00D
:10442000754918312068884249D073493031206875
:10443000884244D070494831206888423FD06E4954
:104440006031206888423AD06B49783120688842D0
:1044500035D000E04EE068499031206888422ED087
:104460006549A8312068884229D06449206888427B
:1044700025D0624918312068884220D05F49303108
:10448000206888421BD001E06EE02DE05B49483196
:104490002068884213D059496031206888420ED084
:1044A000564978312068884209D0544990312068B3
:1044B000884204D05149A8312068884206D120683A
:1044C000006820F014002168086005E0206800689A
:1044D00020F00A0021680860012084F8350000BF40
:1044E000002084F8340000BFE06BE8B32046E16BA5
:1044F00088477EE094F85C0000F01F0108208840A7
:1045000000EA090080B305F0080068B33A49206862
:1045100088424BD0384918312068884246D0364905
:1045200030312068884241D0334948312068884280
:104530003CD0314960312068884237D02E497831EB
:104540002068884232D02C499031206888422DD092
:104550002949A8312068884228D028492068884203
:1045600024D02649183100E043E0206888421DD05D
:10457000224930312068884218D0204948312068CB
:10458000884213D01D496031206888420ED01B49F3
:1045900078312068884209D01849903120688842D3
:1045A00004D01649A8312068884206D120680068E6
:1045B00020F01C002168086005E02068006820F0F9
:1045C0000E002168086094F85C0000F01F010120D3
:1045D0008840C8F804000120606584F8350000BFF9
:1045E000002084F8340000BFE06C10B12046E16C7C
:1045F000884700BF65E5000010000240100402403B
:104600002DE9F041044601F0E3FE804614B9012093
:10461000BDE8F081FE492068884249D0FC49183144
:104620002068884244D0FA493031206888423FD01F
:10463000F7494831206888423AD0F549603120680E
:10464000884235D0F24978312068884230D0F0492C
:104650009031206888422BD0ED49A83120688842EB
:1046600026D0EC492068884222D0EA4918312068D7
:1046700088421DD0E74930312068884218D0E5498A
:1046800048312068884213D0E2496031206888426E
:104690000ED0E04978312068884209D0DD49903158
:1046A0002068884204D0DB49A8312068884201D1C3
:1046B000012000E00020002873D0606A00B100BF34
:1046C000022084F8350000BF002084F8340000BFC9
:1046D000CF492068884249D0CD49183120688842A6
:1046E00044D0CB493031206888423FD0C849483156
:1046F000206888423AD0C64960312068884235D067
:10470000C34978312068884230D0C149903120684F
:1047100088422BD0BE49A8312068884226D0BD49A6
:104720002068884222D0BB491831206888421DD0B9
:10473000B84930312068884218D0B64948312068DD
:10474000884213D0B3496031206888420ED0B14905
:1047500078312068884209D0AE499031206888427B
:1047600004D0AC49A8312068884206D1206800688E
:1047700020F001002168086005E02068006820F052
:104780000100216808600DE001F022FEA0EB0800A6
:10479000052807D920206065032084F83500012012
:1047A00036E769E02068006800F001000028EBD1DE
:1047B0002068056898480540D4E90201084321694A
:1047C000084361690843A1690843E1690843216A14
:1047D00008430543606A042803D1D4E90B01084368
:1047E00005436068292802D360682E2817D96068BD
:1047F0003F2802D36068422811D96068472802D355
:10480000606848280BD960684F2802D36068522836
:1048100005D96068742804D36068772801D801201E
:1048200000E0002008B145F480152068056020688C
:10483000456925F00705606A0543606A04280DD1C3
:10484000A06A0543E06A48B12046FEF7D7F828B1D0
:1048500040206065012084F83500D9E62068456174
:104860002046FDF7A7FF064694F85C0000F01F0104
:104870003F208840B0609EE068492068884222D08E
:1048800066491431206888421DD064492831206867
:10489000884218D061493C312068884213D05F4972
:1048A0005031206888420ED05C49643120688842CB
:1048B00009D05A4978312068884204D057498C3150
:1048C0002068884201D1012000E00020E0B3534974
:1048D0002068884222D051491431206888421DD076
:1048E0004E4928312068884218D04C493C31206814
:1048F000884213D049495031206888420ED0474938
:1049000064312068884209D044497831206888425F
:1049100004D042498C312068884201D1012000E056
:10492000002000B100BF022084F8350000BF002045
:1049300084F8340000BF2068056839480540A06845
:10494000402802D1102106E02EE0A068802801D185
:10495000C10100E00021E06841EAD001206941EA9C
:10496000D001606941EAD001A06941EAD001E06963
:1049700041EAD001206A41EA101005432068056031
:1049800026492068401A1421B0FBF1F08000E06550
:104990002046FDF70FFF074694F85C0000F01F016A
:1049A00001208840786006E040206065032084F89C
:1049B000350001202CE61649206888427AD0144937
:1049C00018312068884275D01149303120688842FA
:1049D00070D00F494831206888426BD00C49603153
:1049E0002068884266D00A4978312068884261D0C0
:1049F00007499031206888425CD00549A831206879
:104A0000884257D003492068884253D0014909E0C1
:104A100010000240100402403F8010FE085402586B
:104A20000F00FEFF18312068884243D037492068C4
:104A300088423FD035491831206888423AD03349FE
:104A400030312068884235D030494831206888426A
:104A500030D02E496031206888422BD02B497831E4
:104A60002068884226D02A492068884222D02849D6
:104A70001431206888421DD0254928312068884299
:104A800018D023493C312068884213D02049503146
:104A9000206888420ED01E4964312068884209D0BF
:104AA0001B4978312068884204D019498C3120682C
:104AB000884201D1012000E0002000B32046FDF72C
:104AC000EFFEA068802801D1002060602079216E6F
:104AD0000860D4E919104860606860B1606808280F
:104AE00009D82046FDF73EFF0020E16E0860D4E9BA
:104AF0001C10486003E00020E0662067606700202B
:104B00006065012084F83500002081E54004024002
:104B1000085402582DE9F04104460D4616461F463A
:104B20004FF0000814B90120BDE8F08100BF94F8EF
:104B30003400012801D10220F6E7012084F8340076
:104B400000BF94F8350001287ED1022084F835009A
:104B500000206065E4492068884249D0E249183164
:104B60002068884244D0E0493031206888423FD0F4
:104B7000DD494831206888423AD0DB4960312068FD
:104B8000884235D0D84978312068884230D0D6491B
:104B90009031206888422BD0D349A83120688842C0
:104BA00026D0D2492068884222D0D04918312068C6
:104BB00088421DD0CD4930312068884218D0CB4979
:104BC00048312068884213D0C84960312068884243
:104BD0000ED0C64978312068884209D0C349903147
:104BE0002068884204D0C149A8312068884206D193
:104BF0002068006820F001002168086005E0206856
:104C0000006820F00100216808603B4632462946D2
:104C10002046FDF74BFFB449206888424BD0B2498B
:104C200018312068884246D0AF4930312068884228
:104C300041D0AD494831206888423CD0AA49603112
:104C40002068884237D000E042E1A74978312068E7
:104C5000884230D0A4499031206888422BD0A249A4
:104C6000A8312068884226D0A0492068884222D0F6
:104C70009E491831206888421DD09C4930312068F7
:104C8000884218D0994948312068884213D0974902
:104C90006031206888420ED094497831206888427B
:104CA00009D0924990312068884204D08F49A831B8
:104CB0002068884201D1012000E0002080B12068F6
:104CC000006820F01E0040F0160021680860206C8B
:104CD000B0B12068006840F00800216808600FE06B
:104CE0002068006820F00E0040F00A00216808608B
:104CF000206C28B12068006840F00400216808603A
:104D000079492068884270D07749183120688842F4
:104D10006BD0754930312068884266D0724948317D
:104D20002068884261D070496031206888425CD038
:104D30006D4978312068884257D06B49903120689E
:104D4000884252D06849A831206888424DD06749CE
:104D50002068884249D0654918312068884244D08B
:104D600062493031206888423FD06049483120682C
:104D700088423AD05D4960312068884235D05B492D
:104D800078312068884230D0584990312068884274
:104D90002BD05649A8312068884226D05449206833
:104DA000884222D052491431206888421DD050498F
:104DB00028312068884218D04D493C31206888420B
:104DC00013D04B495031206888420ED04849643195
:104DD0002068884209D0464978312068884204D04A
:104DE00043498C312068884201D1012000E0002035
:104DF00090B1206E006800F4803028B1206E006809
:104E000040F48070216E0860E06E28B1E06E0068AA
:104E100040F48070E16E086033492068884249D0D0
:104E2000314918312068884244D02F4930312068F8
:104E300088423FD02C494831206888423AD02A49DC
:104E400060312068884235D027497831206888420F
:104E500030D025499031206888422BD02249A83192
:104E60002068884226D021492068884222D01F49E4
:104E70001831206888421DD01C4930312068884292
:104E800018D01A4948312068884213D01749603138
:104E9000206888420ED0154978312068884209D0B0
:104EA000124990312068884204D01049A831206806
:104EB000884206D12068006840F00100216808603F
:104EC00010E02068006840F001002168086009E0F7
:104ED0004FF40060606500BF002084F8340000BF1C
:104EE0004FF0010840461FE6100002401004024047
:104EF0000854025870B5044601F06AFA0646254681
:104F0000681C10B104480078054400BF01F060FA45
:104F1000801BA842FAD370BDEC03002030B50346D5
:104F200093F89840012C01D0022C3ED11868806D76
:104F3000084030B91868C06D40F001001D68E86590
:104F40000EE01868806D0840884206D11868C06D70
:104F500040F002001D68E86502E003201D68E86576
:104F600001F4007030B11868D0F8E00010431D68FB
:104F7000C5F8E00001F4806030B11868D0F8E400B2
:104F800010431D68C5F8E40000BF1868406D0B4D64
:104F90000D4028431D6868650948006840EA917023
:104FA000074D286000BF002030BDD3F89C0040F0C2
:104FB0000200C3F89C000120F6E70000FFFFCF3F8E
:104FC00014A800402DE9F04104460E4617467068CB
:104FD00000B900E000BF94F89800022832D12068A0
:104FE000D0F8C00000F07C5040B9D4F89C0040F0EC
:104FF0002000C4F89C000120BDE8F0812068D0F8B2
:10500000C40000F4001038B1D4F89C0040F40070E3
:10501000C4F89C000120EFE72068D0F8C400C0F37A
:1050200004452B463A4631462046FEF7B1F80120AA
:10503000A8402168C1F8D0000120A840C4F894001D
:105040000020D9E7D4F89C0040F00800C4F89C0088
:105050000120D1E77047F0B5024692F89860012E22
:1050600001D0022E43D1C868072800D100BF0868CC
:1050700018BBC868072800D000BFC86807280BD134
:10508000088A4FF0605747EA0040CF6940EA07209E
:105090008F6940EA07040AE0087A80070F7B40EA3C
:1050A000C7600F8A40EA07404F6940EA0704D76E9D
:1050B000486807EB80031C6017E0C868072800D029
:1050C00000BF0F7B086940EA4774C868072801D110
:1050D0008D6903E00F7A486940EA8775176F486861
:1050E00007EBC0031C601B1D1D600020F0BDD2F843
:1050F0009C0040F00200C2F89C000120F6E770B569
:105100000446049D94F8980001280AD1080140EA59
:10511000820040EA430028432668C6F88000002049
:1051200070BDD4F89C0040F00400C4F89C0001203D
:10513000F6E77047704700002DE9F04304460D463E
:105140009C46002394F89880B8F1020F74D1402D4A
:1051500038D12068D0F8A00000F4FE0040B9D4F89F
:105160009C0040F02000C4F89C000120BDE8F083C2
:105170002068D0F8A40000F07F0038B9D4F89C0073
:1051800040F48070C4F89C000120EFE72068D0F85C
:10519000A400C0F3006040B12068D0F8A0004FF038
:1051A0000109B9EBD07F00D101232068D0F8A40019
:1051B000C0F305200344606C5843D4F8749009EBA5
:1051C00080014BE0412D38D12068D0F8B00000F4C8
:1051D000FE0038B9D4F89C0040F02000C4F89C00D0
:1051E0000120C3E72068D0F8B40000F07F0038B990
:1051F000D4F89C0040F48070C4F89C000120B5E70E
:105200002068D0F8B400C0F3006040B12068D0F846
:10521000B0004FF00109B9EBD07F00D10123206825
:10522000D0F8B400C0F305200344E06C5843D4F830
:10523000789009EB800111E06DE0206DA84207D85D
:10524000D4F89C0040F02000C4F89C0001208DE7B9
:10525000606D6843D4F87C9009EB8001086800F029
:1052600080405060506820B90868C0F38A401060E0
:1052700003E0086820F060401060086800F000500B
:105280009060086800F000401061091D088880B235
:10529000D0610868C0F30340D060086800F4801053
:1052A0005061086800F4001090610868C0F306605F
:1052B00010620868C00F5062091D0F46002603E007
:1052C000B85D0CF80600761CDFF85C90D06819F821
:1052D0000000B042F4D8402D03D12068C0F8A830B7
:1052E00017E0412D03D12068C0F8B83011E0202D1F
:1052F00006D20120A840D4F80090C9F8980008E030
:1053000005F01F09012000FA09F0D4F80090C9F84F
:105310009C0000202AE7D4F89C0040F00800C4F864
:105320009C00012022E7000030B601087047000011
:105330002DE9F04F8DB00446EF4800688707EE482E
:10534000001D006807EA80772068006D00F470484F
:105350002068406D00EA08082068006D00F00F0921
:105360002068406D00EA09092068006D00F0F00A2D
:105370002068406D00EA0A0A2068006D00F0715B49
:105380002068406D00EA0B0B2068006D00F0607033
:105390000C902068406D0C9908400C902068456D79
:1053A0002068066DC5F3002070B1C6F3002058B127
:1053B00000BF4FF48070216808650020CE49086066
:1053C00000BF2046FFF7B2FFC5F38020C8B1C6F387
:1053D0008020B0B12068D0F8DC000A902068D0F8B6
:1053E000E4000A9908400A9000BF4FF480602168E9
:1053F00008650020C049086000BF20460A9900F0F7
:10540000E4FE67B100BFBD48384021680865B80FA9
:10541000B949086000BF39462046FFF71BFEB8F1C6
:10542000000F0ED000BFB54808EA000021680865EB
:105430004FEA9870B049086000BF4146204600F02E
:10544000C6FEB9F1000F0ED000BFAC4809EA00005B
:10545000216808654FEA9970A749086000BF49466E
:10546000204600F09BFBBAF1000F0ED000BFA3480E
:105470000AEA0000216808654FEA9A709E490860B0
:1054800000BF5146204600F07FFEC5F3C02070B13A
:10549000C6F3C02058B100BF4FF400602168086512
:1054A00000209549086000BF204600F091FEC5F33A
:1054B0004020C8B1C6F34020B0B12068D0F8D80071
:1054C0000B902068D0F8E0000B9908400B9000BFCB
:1054D0004FF400702168086500208749086000BF0C
:1054E00020460B9900F072FEC5F3C04070B1C6F3C0
:1054F000C04058B100BF4FF400202168086500206B
:105500007D49086000BF204600F046FBC5F300401F
:1055100070B1C6F3004058B100BF4FF4803021682D
:10552000086500207449086000BF204600F04CFE6A
:10553000C5F3804070B1C6F3804058B100BF4FF44E
:1055400080202168086500206B49086000BF204664
:1055500000F039FEC5F3404088B1C6F3404070B159
:1055600000BF4FF4003021680865002062490860E0
:1055700000BFD4F89C0040F08000C4F89C000C9858
:1055800070B100BF5D490C980840216808650C980F
:10559000800F5949086000BF20460C99FFF7CAFDEB
:1055A000BBF1000F10D000BF54480BEA0000216887
:1055B00008654FEA9B705049086000BFD4F89C0012
:1055C00040EA0B00C4F89C004D49206888427DD118
:1055D0006068806800F00300002877D06068006A87
:1055E00000F00F0009906068406A0999084009902E
:1055F0006068006A00F0300008906068406A0899AE
:10560000084008906068006A00F4C0700790606805
:10561000406A0799084007906068006A00F4FC40FF
:1056200006906068406A0699084006906068006AC3
:1056300000F4F02005906068406A059908400590E4
:105640006068406A02906068006A0190099830B111
:105650000998616808622046099900F0B1FD089830
:1056600030B10898616808622046089900F0AAFDE8
:105670000298C0F38010A0B10198C0F3801080B1EF
:105680006068C06B000C04906068C06B00F03F0065
:1056900003904020616808622046DDE9032100F0A4
:1056A00090FD079830B10798616808622046079915
:1056B00000F085FD069840B1069861680862D4F84C
:1056C0009C0006990843C4F89C0000E00AE0059895
:1056D00040B1059861680862D4F89C0005990843B8
:1056E000C4F89C00D4F89C0010B12046FFF721FDBF
:1056F0000DB0BDE8F08F000010A80040FFFFCF3FC5
:1057000000A0004070B594B004464C22B34901A8F3
:10571000FAF7EBFF14B9012014B070BDB04920684E
:10572000884203D1206800F580706060A068B0F501
:10573000407F00D100BF206C00B100BFA06C00B161
:1057400000BF206D00B100BF206E00B100BFD4E9E2
:105750001710084400B100BF94F8980028B9002041
:1057600084F89900204600F03DF92068806920F017
:1057700010002168886100F02BFE05460EE000F065
:1057800027FE401B0A2809D99834606840F00100C0
:105790006060032004F898090120BDE72068806953
:1057A00000F008000828EAD02068806940F0010075
:1057B0002168886100F00CFE05460EE000F008FE4E
:1057C000401B0A2809D99834606840F001006060E5
:1057D000032004F8980901209EE72068806900F002
:1057E00001000028EAD02068806940F002002168AA
:1057F0008861207C012806D12068806920F0400063
:105800002168886105E02068806940F040002168D7
:105810008861607C012806D12068806940F480405E
:105820002168886105E02068806920F48040216853
:105830008861A07C012806D12068806920F480500E
:105840002168886105E02068806940F48050216803
:1058500088612068806920F44070A168084321684D
:1058600088612068806920F0A40021688861206830
:10587000006920F0100021680861E068012806D165
:105880002068806940F004002168886120E0E068B9
:10589000F0B1E068022815D02068806940F08000EF
:1058A000216888612068006940F010002168086163
:1058B000E06803280CD12068806940F0200021684E
:1058C000886105E02068806940F0200021688861D7
:1058D000207E401E4106E069401E41EA0020216A08
:1058E000491E0843A18A491E40EA01402168C86157
:1058F000A068B0F5407F0FD1A06A401EE16A491E42
:1059000040EA0121206B401E41EA0011A08C401E9C
:1059100041EA00402168C860206E38B12068D0F8A4
:10592000C000616E08432168C1F8C000D4E91710B7
:10593000084460B12068D0F8C80020F0070001AA30
:10594000A16E52F8211008432168C1F8C800206CEC
:1059500060B12068D0F8BC0020F0070001AA616C9B
:1059600052F8211008432168C1F8BC00A06C68B14E
:105970002068D0F8BC0020F0700101AAE06C52F859
:10598000200041EA00102168C1F8BC00206D68B118
:105990002068D0F8BC0020F4E06101AA606D52F8E4
:1059A000200041EA00202168C1F8BC000C492068B1
:1059B000884205D16068806820F0030061688860D3
:1059C000002044F8940FA06001202071943C2046F0
:1059D000FDF7CEFA064630469EE6000040B60108C6
:1059E00000A0004010B586B00446142101A8FAF7C3
:1059F000D8FE6249206888423CD161480068401C5A
:105A00005F4908600846006801280DD100BF5D4865
:105A1000006840F480705B4908600846006800F444
:105A20008070009000BF00BF00BF56480C3800686F
:105A300040F0080053490C3908600846006800F03F
:105A40000800009000BF00BF0320019002200290D8
:105A50000020039004900920059001A94A4800F015
:105A6000B9FB00220521132000F070FD132000F087
:105A700059FD81E04549206888423CD14048006892
:105A8000401C3F4908600846006801280DD100BF4E
:105A90003C48006840F480703A4908600846006855
:105AA00000F48070009000BF00BF00BF35480C3884
:105AB000006840F0020033490C390860084600686D
:105AC00000F00200009000BF00BF602001900220A3
:105AD00002900020039004900920059001A92C4811
:105AE00000F078FB00220521142000F02FFD142087
:105AF00000F018FD40E02749206888423CD120484A
:105B00000068401C1E4908600846006801280DD145
:105B100000BF1C48006840F480701A4908600846BD
:105B2000006800F48070009000BF00BF00BF1548FF
:105B30000C38006840F0080012490C39086008462B
:105B4000006800F00800009000BF00BF4FF4405014
:105B500001900220029000200390049005200590FF
:105B600001A9094800F036FB002205219F2000F022
:105B7000EDFC9F2000F0D6FC06B010BD00A0004058
:105B8000E0030020EC440258000C025800A400403E
:105B90000004025800D40040704700002DE9F04195
:105BA0008EB00446884602AB04AA40212046FFF787
:105BB000C3FA049851287CD008DC01287AD0022846
:105BC00079D0032878D0042877D1AEE1812875D028
:105BD000822874D0A0F2012010B10128F4D175E020
:105BE000FE480088FD4908819DF80E0088719DF8E7
:105BF00009009DF8081040EA012000B2F74908802A
:105C00009DF80B009DF80A1040EA012000B2F3490C
:105C100048809DF80D009DF80C1040EA012000B26C
:105C2000EE4988800846B0F9040000EE100AB8EE8C
:105C3000C00ADFEDEB0A80EE201AB3EE040A21EE73
:105C4000000ADFEDE80A60EE200A9FEDE71A80EE19
:105C5000810ADFEDE60A20EE200ADFEDE50A20EEFC
:105C6000200AF3EE010A80EE201A084680ED031A9E
:105C7000B0F9020000EE100AB8EEC00B9FEDDD1B7C
:105C800020EE011BB3EE0E2B81EE020B9FEDDB2B02
:105C900080EE021BB3EE010B21EE000BB7EEC00B42
:105CA000084680ED040AFBF7FFFECC4890ED050A9C
:105CB00006E039E278E0B7E0F6E058E276E1E7E1C5
:105CC00080ED070A012011F029FD51E2C348018C43
:105CD00001859DF80E1080F826109DF809009DF8AA
:105CE000081040EA012000B2BC4908849DF80B006E
:105CF0009DF80A1040EA012001B2B84841849DF89D
:105D00000D009DF80C1040EA012001B2B3488184D7
:105D1000B0F9240000EE100AF8EEC00A9FEDB01AA8
:105D200080EE810AF3EE040A20EE200ADFEDAD0AD0
:105D300020EE200A9FEDAC1AC0EE010A9FEDAB0ADF
:105D400020EE800ADFEDAA0A20EE200AF3EE010A17
:105D500080EE201AA14880ED0B1AB0F9220000EE67
:105D6000100AB8EEC00B9FEDA31B20EE011BB3EE93
:105D70000E2B81EE020B9FEDA12B80EE021BB3EEEA
:105D8000010B21EE000BB7EEC00B944880ED0C0A1E
:105D90002030FBF789FE914890ED0D0A80ED0F0A47
:105DA000022011F0BBFCE3E19DF80A009DF8091008
:105DB00040EA012085B29DF80B0000019DF80C100F
:105DC00040EA21169DF80D009DF80C1001F00F011E
:105DD00040EA01279DF8080000098A49087010214F
:105DE000DFED890A9FED890A2846FCF7B3FF854855
:105DF00080ED010A0C21DFED860A9FED860A304610
:105E0000FCF7A8FF7F4880ED020A0C21DFED820A33
:105E10009FED820A3846FCF79DFF7A4880ED030A21
:105E2000032011F07BFCA3E19DF80A009DF8091006
:105E300040EA012085B29DF80B0000019DF80C108E
:105E400040EA21169DF80D009DF80C1001F00F019D
:105E500040EA01279DF8080000096A4908741021EA
:105E6000DFED690A9FED690A2846FCF773FF654874
:105E700080ED050A0C21DFED660A9FED660A3046CB
:105E8000FCF768FF5F4880ED060A0C21DFED620A2F
:105E90009FED620A3846FCF75DFF5A4880ED070A1D
:105EA000042011F03BFC63E19DF80A009DF8091005
:105EB00040EA012085B29DF80B0000019DF80C100E
:105EC00040EA21169DF80D009DF80C1001F00F011D
:105ED00040EA01279DF8080000094A4981F820009E
:105EE0001021DFED490A9FED490A2846FCF732FFF1
:105EF000444880ED090A0C21DFED450A9FED450A73
:105F00003046FCF727FF3F4880ED0A0A0C21DFED01
:105F1000420A9FED420A3846FCF71CFF394880EDE3
:105F20000B0A052011F0FAFB22E19DF80A009DF80A
:105F3000091040EA012085B29DF80B0000019DF890
:105F40000C1040EA21169DF80D009DF80C1001F090
:105F50000F0140EA01279DF808000009294981F84E
:105F600030001021DFED280A9FED280A2846FCF7B3
:105F7000F1FE244880ED0D0A0C21DFED250A9FED8E
:105F8000250A3046FCF7E6FE1E4880ED0E0A0C217D
:105F9000DFED210A9FED210A3846FCF7DBFE1948A8
:105FA00080ED0F0A062011F0B9FBE1E09DF8080032
:105FB00040B200EE100AB8EEC00ADFED190A20EE7A
:105FC000200A184880ED000A9DF8090040B200EE52
:105FD000100AB8EEC00ADFED120A25E08C1000208E
:105FE000000080469A99993E0070604500003B434E
:105FF000000086436E861BF0F92109400000000076
:1060000000C07040CC100020C3F54840C3F548C024
:1060100000003442000034C200005842000058C260
:10602000CDCCCC3D0C11002020EE200A524880ED52
:10603000010A9DF80A0040B200EE100AB8EEC00A4C
:10604000DFED4E0A20EE200A4B4880ED030A9DF852
:106050000B00494908749DF80C0008729DF80D006A
:1060600000069DF80E1040EA01409DF80F1040EA2E
:10607000012000EE100AB8EEC00ADFED410A20EE62
:10608000200A3D4880ED050A002011F047FB6FE033
:106090009DF809009DF8081040EA21203649488300
:1060A0009DF80B009DF80A1040EA21203249088330
:1060B0009DF80C0040B200EE100AB8EEC00ADFED09
:1060C0002F0A20EE200A084680ED080A9DF80D00F0
:1060D00040B200EE100AB8EEC00A5FED2F0A20EEC3
:1060E000200A084680ED070A9DF80E0040B200EE37
:1060F000100AB8EEC00ADFED210A20EE200A084699
:1061000080ED0A0A9DF80F0040B200EE100AB8EECA
:10611000C00A5FED3D0A20EE200A084680ED090A1C
:10612000002011F0FBFA23E09DF8080015490870E3
:106130009DF809008DF804009DF80A008DF805000F
:106140009DF80B008DF806009DF80C008DF80700F7
:106150000846019941609DF80D009DF80E1040EA37
:106160000120084908819DF80F00887200E000BFF7
:1061700000BF0EB0BDE8F0810C1100200AD7233C0F
:10618000BD378635481100207047014691F89800C8
:1061900001280CD1022081F898000868806920F05D
:1061A00001000A6890610020C1F89C007047D1F896
:1061B0009C0040F00400C1F89C000120F6E7704705
:1061C0007047704770477047704770477047704717
:1061D00070470000F8B502460B4600216D4DD2E035
:1061E00001278F401E6806EA0704002C72D01E7932
:1061F00006F00306012E04D01E7906F00306022ED7
:1062000013D190684F000326BE40B0434F00DE68B4
:10621000BE4030439060506801268E40B0431E79E6
:10622000C6F300168E40304350601E7906F0030618
:10623000032E09D0D0684F000326BE40B0434F0064
:106240009E68BE403043D0601E7906F00306022EE1
:1062500013D1CF0802F1200656F827004E07F70E9B
:106260000F26BE40B0434F07FF0E1E69BE403043AD
:10627000CF0802F1200646F8270010684F000326D9
:10628000BE40B0431E7906F003064F00BE403043C7
:1062900010605E6806F44036002E73D000BF3E4E9C
:1062A000366846F002063C4F3E603E46366806F0D1
:1062B0000206009600BF00BF384E8F0856F8270030
:1062C0008E07370F0F26BE40B043354EB24202D183
:1062D000002629E056E0334EB24201D1012623E0E8
:1062E000314EB24201D102261EE0304EB24201D1FF
:1062F000032619E02E4EB24201D1042614E02D4EA1
:10630000B24201D105260FE02B4EB24201D1062642
:106310000AE02A4EB24201D1072605E0284EB242D9
:1063200001D1092600E00A268F073F0FBE40304307
:106330001A4E8F0846F827004FF0B0463068A04349
:106340005E6806F4801606B120434FF0B046306018
:106350007068A0435E6806F4001606B120434FF053
:10636000B04670606868A0435E6806F4003606B107
:10637000204368602868A0435E6806F4803606B152
:1063800020432860491C1E68CE40002E7FF428AFB1
:10639000F8BD000080000058F4440258080400587A
:1063A000000002580004025800080258000C02586D
:1063B000001002580014025800180258001C02581D
:1063C000002402580AB1816101E00B048361704727
:1063D0000148006870470000E4030020034800689B
:1063E000034909780844014908607047E403002024
:1063F000EC03002010B5032000F0E6F801F0DEFB0E
:1064000010490968C1F303210F4A515C01F01F01D3
:1064100020FA01F40B48006800F00F001146085CF8
:1064200000F01F0024FA00F00849086008480460E2
:106430000F2000F00FF808B1012010BD00F05AF84D
:106440000020FAE718440258B4B60108F40300200B
:10645000F0030020F0B58BB00446102C0AD20022C5
:1064600021461C2000F072F81C2000F05BF81D484B
:10647000046002E001200BB0F0BD00BF1A480068C4
:1064800040F00100184908600846006800F001006B
:10649000019000BF00BF02A903A801F00FFB089EF6
:1064A0001EB901F067FB054602E001F063FB450001
:1064B0000E48B5FBF0F0471E4FF080400C490860D5
:1064C00040F2E7310A48C160476000210161816004
:1064D00002F000FE18B9064802F0ACFECBE701203E
:1064E000C9E70000E8030020E844025840420F00DA
:1064F0002C21002008B500BF0948006840F00200C8
:10650000074908600846006800F00200009000BFDC
:1065100000BF00220F21901E00F018F808BD0000F7
:10652000F44402580146084600280DDB00BF00BFB6
:1065300000F01F0301229A4043099B0003F1E0236E
:10654000C3F8002100BF00BF00BF70472DE9F05F16
:1065500080460D4616460BF04FFB074639462A4645
:10656000334601F00700C0F1070ABAF1040F02D95F
:106570004FF0040A01E0C0F1070AD14600F1040A15
:10658000BAF1070F02D24FF0000A01E0A0F1030AAE
:10659000D4464FF0010A0AFA09FAAAF1010A0AEAF6
:1065A000020A0AFA0CFA4FF0010B0BFA0CFBABF1E2
:1065B000010B0BEA030B4AEA0B04214640460BF0A1
:1065C00023FBBDE8F09F000000BF00F00702064B70
:1065D00019684FF6FF031940044B0B4343EA0221AD
:1065E000014B196000BF70470CED00E00000FA0598
:1065F00070B5044615480068C0F3800048B91348D8
:10660000006800F00700A04201D0012070BD00200A
:10661000FCE70E48006820F0070020430B490860A3
:10662000FFF7D6FE054607E0FFF7D2FE401BB0F5A8
:106630007A7F01D90120E9E7044808380068C0F3EF
:1066400040300028F0D00020E0E700000C4802585D
:1066500010B501F069FA05490968C1F30211044A4D
:10666000515C01F01F01C84010BD000020440258D9
:10667000B4B6010870B50146844D2D6805F00303DA
:10668000824D2D68C5F30530804D2D1D2D68C5F355
:1066900000147E4D14352D68C5F3CC0515FB04F5AB
:1066A00001EE105AB8EE411AF0EE410A00286FD000
:1066B00023B1012B4ED0022B6BD16BE0734D283DE3
:1066C0002D68C5F340153DB3704D283D2D68C5F3C9
:1066D000C1066F4D25FA06F201EE102AF8EE411AB6
:1066E00001EE100AB8EE411A81EE812A9FED691A77
:1066F000C0EE811A654D10352D68C5F3080501EE11
:10670000105AB8EE411A31EE811AF7EE001A31EE46
:10671000211A22EE010A1CE001EE100AB8EE411A1D
:10672000DFED5D1A81EE812A9FED5A1AC0EE811AC3
:10673000564D10352D68C5F3080501EE105AB8EE18
:10674000411A31EE811AF7EE001A31EE211A22EECB
:10675000010A5BE001EE100AB8EE411ADFED4F1AB4
:1067600081EE812A9FED4B1AC0EE811A474D1035FC
:106770002D68C5F3080501EE105AB8EE411A31EE46
:10678000811AF7EE001A31EE211A22EE010A3DE0DD
:1067900077E01DE001EE100AB8EE411A9FED402AA5
:1067A000C2EE011A9FED3B1A80EE812A374D10355B
:1067B0002D68C5F3080501EE105AB8EE411A32EE05
:1067C000011AB7EE002A31EE021A21EE810A1DE00D
:1067D00001EE100AB8EE411ADFED301A81EE812A7F
:1067E0009FED2C1AC0EE811A284D10352D68C5F387
:1067F000080501EE105AB8EE411A31EE811AF7EE93
:10680000001A31EE211A22EE010A00BF00BF1F4D0F
:1068100010352D68C5F3462501EE105AB8EE411A21
:10682000F7EE001A31EE211AC0EE011ABCEEE11AA1
:1068300081ED001A154D10352D68C5F3064501EEA2
:10684000105AB8EE411AF7EE001A31EE211AC0EED6
:10685000011ABCEEE11A81ED011A0C4D10352D68BC
:10686000C5F3066501EE105AB8EE411AF7EE001AAC
:1068700031EE211AC0EE011ABCEEE11A81ED021AC6
:1068800003E000250D604D608D6070BD2844025806
:106890000090D003000000460024744C0024744A89
:1068A000001BB74B70B50146844D2D6805F00303FE
:1068B000824D2D68C5F30550804D2D1D2D68C5F303
:1068C00000247E4D1C352D68C5F3CC0515FB04F561
:1068D00001EE105AB8EE411AF0EE410A00286FD0CE
:1068E00023B1012B4ED0022B6BD16BE0734D283DB1
:1068F0002D68C5F340153DB3704D283D2D68C5F397
:10690000C1066F4D25FA06F201EE102AF8EE411A83
:1069100001EE100AB8EE411A81EE812A9FED691A44
:10692000C0EE811A654D18352D68C5F3080501EED6
:10693000105AB8EE411A31EE811AF7EE001A31EE14
:10694000211A22EE010A1CE001EE100AB8EE411AEB
:10695000DFED5D1A81EE812A9FED5A1AC0EE811A91
:10696000564D18352D68C5F3080501EE105AB8EEDE
:10697000411A31EE811AF7EE001A31EE211A22EE99
:10698000010A5BE001EE100AB8EE411ADFED4F1A82
:1069900081EE812A9FED4B1AC0EE811A474D1835C2
:1069A0002D68C5F3080501EE105AB8EE411A31EE14
:1069B000811AF7EE001A31EE211A22EE010A3DE0AB
:1069C00077E01DE001EE100AB8EE411A9FED402A73
:1069D000C2EE011A9FED3B1A80EE812A374D183521
:1069E0002D68C5F3080501EE105AB8EE411A32EED3
:1069F000011AB7EE002A31EE021A21EE810A1DE0DB
:106A000001EE100AB8EE411ADFED301A81EE812A4C
:106A10009FED2C1AC0EE811A284D18352D68C5F34C
:106A2000080501EE105AB8EE411A31EE811AF7EE60
:106A3000001A31EE211A22EE010A00BF00BF1F4DDD
:106A400018352D68C5F3462501EE105AB8EE411AE7
:106A5000F7EE001A31EE211AC0EE011ABCEEE11A6F
:106A600081ED001A154D18352D68C5F3064501EE68
:106A7000105AB8EE411AF7EE001A31EE211AC0EEA4
:106A8000011ABCEEE11A81ED011A0C4D18352D6882
:106A9000C5F3066501EE105AB8EE411AF7EE001A7A
:106AA00031EE211AC0EE011ABCEEE11A81ED021A94
:106AB00003E000250D604D608D6070BD28440258D4
:106AC0000090D003000000460024744C0024744A57
:106AD000001BB74B2DE9F04104460025A8464FF0B6
:106AE0000062D4E900101140002013465940404094
:106AF000014331D1606E48B1B0F5801F0DD0B0F5C3
:106B0000001F11D0B0F5401F16D114E0FE480068F8
:106B100040F40030FC49086010E0022104F1080054
:106B200007F08AFE054609E0022104F1280007F07B
:106B300035FF054602E001E0012500BF00BF55B961
:106B4000F1482430006820F44010616E0843EE499B
:106B50002431086000E0A8464FF48072D4E90010A8
:106B60001140002013465940404001432ED1A06DF2
:106B700005281BD2DFE800F0030A11181900E248CB
:106B8000006840F40030E049086011E0002104F1A1
:106B9000080007F051FE05460AE0002104F1280034
:106BA00007F0FCFE054603E002E001E0012500BF1E
:106BB00000BF55B9D4482430006820F00700A16D0B
:106BC0000843D1492431086000E0A8464FF48062B0
:106BD000D4E90010114000201346594040400143C1
:106BE0003DD1D4F8A400B0F5C00F24D007DC68B1C3
:106BF000B0F5001F11D0B0F5800F1FD114E0B0F533
:106C0000000F19D0B0F5200F18D116E0BE4800686B
:106C100040F40030BC49086012E0002104F1080093
:106C200007F00AFE05460BE0002104F1280007F0FA
:106C3000B5FE054604E003E002E001E0012500BFE7
:106C400000BF5DB9B0482C30006820F46000D4F873
:106C5000A4100843AC492C31086000E0A8464FF46A
:106C60000062D4E900011040002113465840494019
:106C700008433DD1D4F8A800B0F1407F24D007DC10
:106C800068B1B0F1807F11D0B0F1007F1FD114E066
:106C9000B0F1806F19D0B0F1A06F18D116E09A480A
:106CA000006840F400309849086012E0002104F1C7
:106CB000080007F0C1FD05460BE0002104F12800A3
:106CC00007F06CFE054604E003E002E001E0012568
:106CD00000BF00BF5DB98C482C30006820F0E06038
:106CE000D4F8A810084388492C31086000E0A84671
:106CF0004FF00073D4E90010194000205940404083
:106D0000014328D1E06CA8B1102804D0202809D074
:106D1000302810D10DE07C48006840F400307A49FA
:106D200008600AE0022104F1080007F085FD05462D
:106D300003E002E001E0012500BF00BF55B9724841
:106D40002030006820F03000E16C08436E492031AB
:106D5000086000E0A8464FF48053D4E900101940C1
:106D6000002059404040014337D1E06DB0F5005F4D
:106D70001AD004DC50B1B0F5805F1ED10DE0B0F543
:106D8000405F18D0B0F5804F17D115E05E4800681D
:106D900040F400305C49086011E0002104F1080073
:106DA00007F04AFD05460AE0002104F1280007F03B
:106DB000F5FD054603E002E001E0012500BF00BF4C
:106DC00055B951482430006820F4E040E16D084393
:106DD0004D492431086000E0A8464FF40053D4E93F
:106DE00000101940002059404040014335D1206E29
:106DF000B0F5403F1ED007DC68B1B0F5803F0BD046
:106E0000B0F5003F19D10EE0B0F5802F13D0B0F5EA
:106E1000A02F12D110E012E0012104F1080007F0C8
:106E20000BFD05460BE0012104F1280007F0B6FD3B
:106E3000054604E003E002E001E0012500BF00BFD9
:106E400055B931482430006820F4E020216E084311
:106E50002D492431086000E0A8464FF48042D4E96F
:106E6000000110400021134658404940084337D1E3
:106E7000D4F8AC00B0F1405F1ED007DC68B1B0F1CF
:106E8000805F0BD0B0F1005F19D10EE0B0F1804F00
:106E900013D0B0F1A04F12D110E012E0012104F1A3
:106EA000080007F0C9FC05460BE0012104F12800A9
:106EB00007F074FD054604E003E002E001E001256F
:106EC00000BF00BF5DB910482C30006820F0E040E2
:106ED000D4F8AC1008430C492C31086000E0A846F7
:106EE0004FF40043D4E900011840002158404940C4
:106EF00008432AD1E06EB8B1B0F1805F06D0B0F19E
:106F0000005F12D109E000002C440258F9480068E3
:106F100040F40030F749086009E0012104F108005D
:106F200007F08AFC054602E001E0012500BF00BF32
:106F300055B9F0482430006820F04050E16E084315
:106F4000EC492431086000E0A8464FF08073D4E992
:106F500000101940002059404040014328D1A06C46
:106F6000A8B1012804D0022809D0032810D10DE0CF
:106F7000E048006840F40030DE4908600AE0022181
:106F800004F1080007F058FC054603E002E001E0C8
:106F9000012500BF00BF55B9D6482030006820F059
:106FA0000300A16C0843D3492031086000E0A846E3
:106FB0004FF48003D4E900101940002059404040AC
:106FC00001437DD1CC48006840F48070CA49086014
:106FD000FFF7FEF9064606E0FFF7FAF9801B642882
:106FE00001D9032505E0C448006800F4807000283A
:106FF000F2D000BF85BBBF484430006800F4407049
:10700000B4F8B01001F44071884213D0B94844304C
:10701000006820F44077B7484430006840F480307E
:10702000B449443108600846006820F480300860A4
:1070300008460760D4F8B000B0F5807F15D1FFF79F
:10704000C7F9064609E0FFF7C3F9801B41F2883112
:10705000884202D9032507E038E0A648443000689A
:10706000C0F340000028EED000BF55BB00BFB4F80D
:10707000B00000F44070B0F5407F0ED19D481C3840
:10708000006820F47C519D4AD4F8B000104041EAD9
:10709000101098491C39086007E096481C380068B1
:1070A00020F47C5093491C390860924844300068B1
:1070B000B4F8B010C1F30B0108438E49443101E02C
:1070C00005E001E0086002E0A84600E0A8460122D1
:1070D000D4E90001104000211346584049400843BC
:1070E00030D1A06F18281AD005DC48B1082808D084
:1070F000102817D10CE0202812D0282812D110E037
:1071000012E0012104F1080007F096FB05460BE0B0
:10711000012104F1280007F041FC054604E003E0EA
:1071200002E001E0012500BF00BF55B971482830D9
:10713000006820F03800A16F08436E4928310860CC
:1071400000E0A8460223D4E900101940002059406D
:107150004040014329D1606F062816D2DFE800F0D5
:1071600003040B12131412E0012104F1080007F0CC
:1071700063FB05460BE0012104F1280007F00EFC3B
:10718000054604E003E002E001E0012500BF00BF86
:1071900055B958482830006820F00700616F08434F
:1071A00054492831086000E0A8460422D4E90010C0
:1071B0001140002013465940404001432BD1D4F8E0
:1071C0009000062816D2DFE800F003040B12131417
:1071D00012E0012104F1080007F02EFB05460BE048
:1071E000012104F1280007F0D9FB054604E003E083
:1071F00002E001E0012500BF00BF5DB93D482C3031
:10720000006820F00700D4F89010084339492C3169
:10721000086000E0A8462023D4E9000118400021BE
:1072200058404940084337D1D4F88C00B0F1405F52
:107230001ED007DC68B1B0F1805F0BD0B0F1005F09
:1072400019D10EE0B0F1804F13D0B0F1A04F12D1A0
:1072500010E012E0002104F1080007F0EDFA054605
:107260000BE0022104F1280007F098FB054604E03A
:1072700003E002E001E0012500BF00BF5DB91D4849
:107280002830006820F0E040D4F88C1008431949F9
:107290002831086000E0A8464023D4E900101940D6
:1072A00000205940404001433CD1D4F89800B0F54B
:1072B000406F25D007DC68B1B0F5806F0BD0B0F51A
:1072C000006F20D10EE0B0F5805F1AD0B0F5A05F5E
:1072D00019D117E019E0002104F1080007F0ACFA19
:1072E000054612E0022104F1280007F057FB05468D
:1072F0000BE000002C44025800480258FFFCFF0F2E
:1073000003E002E001E0012500BF00BF4DB9FE48E7
:10731000006820F4E050D4F898100843FA49086057
:1073200000E0A8468023D4E900101940002059400D
:107330004040014335D1D4F89C00B0F5C04F1ED079
:1073400007DC68B1B0F5005F0BD0B0F5804F19D104
:107350000EE0B0F5004F13D0B0F5204F12D110E081
:1073600012E0002104F1080007F066FA05460BE080
:10737000022104F1280007F011FB054604E003E0B8
:1073800002E001E0012500BF00BF4DB9DE48006802
:1073900020F46040D4F89C100843DB49086000E00A
:1073A000A8460823D4E9000118400021584049406C
:1073B000084317D1D4F88000B0F5805F07D10221CF
:1073C00004F1280007F0EAFA08B14FF00108CE48AE
:1073D000001F006820F44050D4F880100843CA49C8
:1073E000091F08601023D4E900011840002158400B
:1073F0004940084315D1D4F89400B0F5807F07D1F7
:10740000022104F1280007F0C9FA08B14FF0010881
:10741000BD48006820F44070D4F894100843BA497D
:1074200008604FF40023D4E90001184000215840BF
:107430004940084327D1D4F8A00030B1B0F5803FCF
:107440000AD0B0F5003F0FD10DE0002104F1080093
:1074500007F0F2F9054609E0022104F1280007F0DF
:107460009DFA054602E001E0012500BF00BF4DB9CD
:10747000A548006820F44030D4F8A0100843A24981
:10748000086000E0A8464FF48023D4E900011840CA
:1074900000215840494008432DD1D4F88400B0F56C
:1074A000801F06D0B0F5001F0CD0B0F5401F11D1E1
:1074B0000FE095482C38006840F4003092492C3990
:1074C000086009E0012104F1280007F067FA054689
:1074D00002E001E0012500BF00BF5DB98A48001F3E
:1074E000006820F44010D4F8841008438649091F2E
:1074F000086000E0A8464FF48032D4E90001104053
:107500000021134658404940084325D1206D18B149
:10751000B0F5803F10D108E07B482C38006840F47B
:10752000003079492C39086008E0022104F1080094
:1075300007F082F9054601E0012500BF00BF55B9FB
:1075400071480C38006820F48030216D08436E4982
:107550000C39086000E0A8464FF00053D4E9001051
:107560001940002059404040014307D1022104F155
:10757000280007F013FA08B14FF001084FF4003269
:10758000D4E9000110400021134658404940084307
:1075900027D1E06FA0B1B0F5807F06D0B0F5007FB5
:1075A0000CD0B0F5407F0CD109E057482C3800686A
:1075B00040F4003054492C39086004E003E002E054
:1075C00001E0012500BF00BF55B94F48001F00680A
:1075D00020F44070E16F08434B49091F086000E048
:1075E000A8464FF48012D4E9001011400020134641
:1075F00059404040014309D143480838006820F011
:107600000040216F08434049083908604FF40013D7
:10761000D4E900011840002158404940084309D1ED
:1076200039480838006820F08070A16E0843364958
:10763000083908604FF08043D4E900101940002059
:1076400059404040014311D100BF2F4848380068DD
:1076500020F400402C494839086008460068D4F8F6
:10766000B410084328494839086000BF4FF0004271
:10767000D4E9000110400021134658404940084316
:1076800009D121480C38006820F04050616D084352
:107690001D490C3908604FF40002D4E90010114074
:1076A000002013465940404001430AD11648001FAC
:1076B000006820F44000D4F8881008431249091FDC
:1076C0000860012200216068104049405040014399
:1076D00006D104F1080007F0AFF8054605B1A84649
:1076E000022200216068104049405040014307D108
:1076F000012104F1080007F09FF8054605B1A846EE
:1077000004230020616801E0584402581940042213
:1077100040405140084307D1022104F1080007F01E
:107720008BF8054605B1A84608230020616819407A
:10773000082240405140084307D1002104F12800AD
:1077400007F02CF9054605B1A84610230020616812
:107750001940102240405140084307D1012104F153
:10776000280007F01BF9054605B1A8462022002194
:107770006068104049405040014307D1022104F1A4
:10778000280007F00BF9054605B1A846B8F1000F2F
:1077900002D10020BDE8F0810120FBE72DE9F04196
:1077A00004460D4614B90120BDE8F081BD480068CB
:1077B00000F00F00A8420ED2BA48006820F00F0077
:1077C0002843B84908600846006800F00F00A84246
:1077D00001D00120E8E7207800F0040004280ED151
:1077E000B1492069096801F07001884207D9AE48A3
:1077F000006820F0700021690843AB4908602078D8
:1078000000F00800082811D1A749091D606909681E
:1078100001F07001884209D9A348001D006820F0DA
:10782000700061690843A049091D0860207800F0D4
:107830001000102811D19C49091DA069096801F4A4
:10784000E061884209D99848001D006820F4E06092
:10785000A16908439449091D0860207800F02000C0
:10786000202811D190490831E069096801F07001C0
:10787000884209D98C480830006820F07000E1691E
:107880000843894908310860207800F00200022886
:107890000ED18549E068096801F00F01884207D9D7
:1078A0008148006820F00F00E16808437E490860C5
:1078B000207800F00100002850D07B48006820F4B8
:1078C0007060A1680843784908606068022807D1A1
:1078D000754818380068C0F34040F8B9012063E7E4
:1078E0006068032807D1704818380068C0F340600A
:1078F000A0B9012058E76068012807D16A48183804
:107900000068C0F3002048B901204DE766481838E8
:107910000068C0F3800008B9012045E762480838D4
:10792000006820F00700616808435F490839086073
:10793000FEF74EFD064608E0FEF74AFD801B41F2C9
:107940008831884201D903202EE75748083800685B
:1079500000F038006168B0EBC10FEDD1207800F085
:10796000020002280ED15049E068096801F00F01B9
:10797000884207D24C48006820F00F00E1680843B5
:10798000494908604748006800F00F00A8420ED936
:107990004448006820F00F00284342490860084628
:1079A000006800F00F00A84201D00120FCE620781A
:1079B00000F0040004280ED13B492069096801F059
:1079C0007001884207D23848006820F070002169B1
:1079D000084335490860207800F00800082811D1D4
:1079E0003149091D6069096801F07001884209D2B6
:1079F0002D48001D006820F07000616908432A4985
:107A0000091D0860207800F01000102811D12649C7
:107A1000091DA069096801F4E061884209D2224881
:107A2000001D006820F4E060A16908431E49091D9B
:107A30000860207800F02000202811D11A49083170
:107A4000E069096801F07001884209D216480830DF
:107A5000006820F07000E1690843134908310860AC
:107A600000F0ACF810490968C1F303210F4A515CDA
:107A700001F01F0120FA01F70B48006800F00F0029
:107A80001146085C00F01F0027FA00F00849086062
:107A90000848076008480068FEF7DCFC804640465E
:107AA00082E600000020005218440258B4B60108D3
:107AB000F4030020F0030020E80300203F220260CE
:107AC000174A126802F007024260154A083212682B
:107AD00002F470628260124A0832126802F00F02E9
:107AE000C2600F4A0832126802F0700202610C4A4A
:107AF0000C32126802F070024261094A0C321268BC
:107B000002F4E0628261064A1032126802F07002EA
:107B1000C261044A126802F00F020A607047000056
:107B2000104402580020005210B500F047F80D49EB
:107B30000968C1F303210C4A515C01F01F0120FACE
:107B400001F40848006800F00F001146085C00F0DE
:107B50001F0024FA00F00549086005480460084643
:107B6000006810BD18440258B4B60108F4030020A0
:107B7000F003002000B5FFF7D7FF05490968C1F3FE
:107B80000211044A515C01F01F01C84000BD000011
:107B90001C440258B4B6010800B5FFF7C5FF0549FB
:107BA0000968C1F30221044A515C01F01F01C84079
:107BB00000BD00001C440258B4B60108F0B5824E66
:107BC000366806F0380636B1082E15D0102E15D0BE
:107BD000182E7DD114E07C4E103E3668C6F3401658
:107BE00046B1794E103E3668C6F3C107774E26FA85
:107BF00007F000E07548E5E07548E3E07548E1E02E
:107C0000714E1836366806F003046F4E1836366823
:107C1000C6F305116C4E1C36366806F001056A4E37
:107C200024363668C6F3CC0616FB05F601EE106A5C
:107C3000B8EE410A002971D024B1012C50D0022C99
:107C40006DD16DE0604E103E3668C6F340163EB30F
:107C50005D4E103E3668C6F3C1075C4E26FA07F348
:107C600001EE103AF8EE411A01EE101AB8EE411A80
:107C700081EE812A9FED581AC0EE011A524E20362D
:107C80003668C6F3080601EE106AB8EE411A31EE06
:107C9000811AF7EE001A31EE211A62EE010A1EE097
:107CA00001EE101AB8EE411ADFED4C1A81EE812A6E
:107CB0009FED491AC0EE011A434E20363668C6F3CE
:107CC000080601EE106AB8EE411A31EE811A00E0A2
:107CD00076E0F7EE001A31EE211A62EE010A5BE05F
:107CE00001EE101AB8EE411A9FED3D2AC2EE011ABC
:107CF0009FED391A80EE012A334E20363668C6F3DE
:107D0000080601EE106AB8EE411A32EE011AB7EE1B
:107D1000002A31EE021A61EE810A3DE04EE01DE0DC
:107D200001EE101AB8EE411ADFED2E1A81EE812A0B
:107D30009FED291AC0EE011A234E20363668C6F38D
:107D4000080601EE106AB8EE411A31EE811AF7EE1C
:107D5000001A31EE211A62EE010A1DE001EE101A3E
:107D6000B8EE411A9FED1E2AC2EE011A9FED1A1AB3
:107D700080EE012A144E20363668C6F3080601EE5E
:107D8000106AB8EE411A32EE011AB7EE002A31EE4F
:107D9000021A61EE810A00BF00BF0B4E2036366822
:107DA000C6F34626721C01EE102AB8EE411AC0EE48
:107DB000811ABCEEE11A11EE100A00E0002001E089
:107DC000034800BF00BFF0BD104402580090D0032C
:107DD00000093D0000366E01000000460024744C8E
:107DE0000024744A001BB74B2DE9F047044614B930
:107DF0000120BDE8F087207800F00100002870D055
:107E0000F948006800F03808F7481830D0F80090BA
:107E1000B8F1100F06D0B8F1180F0FD109F0030018
:107E200002280BD1F04810380068C0F34040002809
:107E30006AD06068002867D10120DAE700BF606877
:107E4000B0F5803F08D1E8481038006840F4803031
:107E5000E549103908602EE0606868B9E2481038DA
:107E6000006820F48030E049103908600846006856
:107E700020F4802008601EE06068B0F5A02F0DD1CE
:107E8000D9481038006840F48020D749103908607C
:107E90000846006840F4803008600CE0D248103892
:107EA000006820F48030D049103908600846006826
:107EB00020F48020086000BF606898B1FEF788FA5F
:107EC000054606E0FEF784FA401B642801D903202A
:107ED0008FE7C54810380068C0F340400028F1D053
:107EE00012E012E0FEF774FA054606E0FEF770FABB
:107EF000401B642801D903207BE7BB481038006889
:107F0000C0F340400028F1D100BF207800F002000B
:107F1000022879D1B448006800F03808B248183017
:107F2000D0F80090B8F1000F05D0B8F1180F35D196
:107F300009F0030088BBAC4810380068C0F380002B
:107F400018B1E06808B9012053E7A7481038006865
:107F500020F01900E1680843A34910390860FEF7D2
:107F600037FA054606E0FEF733FA401B022801D92E
:107F700003203EE79C4810380068C0F380000028CA
:107F8000F1D099480C38006820F0FE40217C40EA8E
:107F9000016095490C39086045E0FFE7E06838B3B7
:107FA00091481038006820F01900E16808438E49B4
:107FB00010390860FEF70CFA054606E0FEF708FAED
:107FC000401B022801D9032013E7874810380068B6
:107FD000C0F380000028F1D083480C38006820F0FE
:107FE000FE40217C40EA01607F490C3908601AE0BC
:107FF0007D481038006820F001007B491039086086
:10800000FEF7E6F9054607E00EE0FEF7E1F9401B52
:10801000022801D90320ECE6734810380068C0F349
:1080200080000028F1D100BF207800F01000102857
:108030006FD16D48006800F038086B481830D0F8F0
:108040000090B8F1080F06D0B8F1180F1CD109F054
:108050000300012818D1644810380068C0F30020DC
:1080600020B1E069802801D00120C2E600BF5E484F
:10807000001F006820F07C5094F8201040EA016056
:108080005949091F086043E0E06938B35648103881
:10809000006840F08000544910390860FEF798F9F4
:1080A000054606E0FEF794F9401B022801D903209B
:1080B0009FE64D4810380068C0F300200028F1D03A
:1080C00000BF4948001F006820F07C5094F8201041
:1080D00040EA01604449091F086019E0424810382D
:1080E000006820F08000404910390860FEF770F900
:1080F000054606E0FEF76CF9401B022801D9032073
:1081000077E6394810380068C0F300200028F1D124
:1081100000BF207800F00800082836D16069D0B18F
:1081200031486430006840F001002F496431086034
:10813000FEF74EF9054606E0FEF74AF9401B022815
:1081400001D9032055E6284864300068C0F3400098
:108150000028F1D019E024486430006820F00100C4
:10816000214964310860FEF733F9054606E0FEF761
:108170002FF9401B022801D903203AE61A4864303F
:108180000068C0F340000028F1D1207800F0200002
:10819000202838D1A069D0B113481038006840F4C5
:1081A0008050114910390860FEF712F9054606E0C3
:1081B000FEF70EF9401B022801D9032019E60A48F0
:1081C00010380068C0F340300028F1D01BE00648AA
:1081D0001038006820F48050034910390860FEF719
:1081E000F7F8054609E0000010440258FEF7F0F8E1
:1081F000401B022801D90320FBE5D0480068C0F3EA
:1082000040300028F2D1207800F0040004287DD10D
:10821000CB48006840F48070C9490860FEF7D8F880
:10822000054606E0FEF7D4F8401B642801D9032078
:10823000DFE5C348006800F480700028F2D000BF7A
:10824000A068012808D1BD487030006840F00100E6
:10825000BA49703108602DE0A06868B9B74870303D
:10826000006820F00100B5497031086008460068D8
:1082700020F0040008601DE0A06805280DD1AF487B
:108280007030006840F00400AC4970310860084666
:10829000006840F0010008600CE0A84870300068F9
:1082A00020F00100A549703108600846006820F000
:1082B0000400086000BFA068A0B1FEF789F8054679
:1082C00008E0FEF785F8401B41F28831884201D969
:1082D00003208EE5994870300068C0F34000002804
:1082E000EFD013E0FEF774F8054608E0FEF770F8EB
:1082F000401B41F28831884201D9032079E58F483B
:1083000070300068C0F340000028EFD1606A002898
:108310007DD08A481030006800F03800182877D0E7
:10832000606A022875D18548006820F08070834912
:108330000860FEF74DF8054606E0FEF749F8401BD9
:10834000022801D9032054E57C480068C0F340604E
:108350000028F2D100BFD4E90A1041EA00107749A1
:108360002831096840F2F3329143084373492831B8
:108370000860208E401EC0F30800616B491E4FF458
:108380007E4202EA41210843218F491ED20102EABE
:10839000014108433C21095D491E120202EA0161C4
:1083A000084366493031086000BF081F006820F0AC
:1083B0000100091F08606148343000684FF6F87109
:1083C0008843A16C40EAC1005C49343108605B48D5
:1083D0002C30006820F00C00216C084357492C31E8
:1083E00008600846006820F00200616C08435349A9
:1083F0002C3108600846006840F480300860084668
:10840000006840F4003008600846006802E092E02E
:1084100038E01FE040F4802008600846006840F023
:10842000010008604548006840F0807043490860DA
:10843000FDF7CEFF054606E0FDF7CAFF401B022808
:1084400001D90320D5E43D480068C0F3406000280E
:10845000F2D070E03948006820F080703749086039
:10846000FDF7B6FF054606E0FDF7B2FF401B022808
:1084700001D90320BDE431480068C0F34060002802
:10848000F2D158E02D48283007682C483030066873
:10849000606A012821D007F00301A06A81421CD143
:1084A000C7F30511E06A884217D1C6F30801206BB3
:1084B000401E814211D1606B401EC6F346218842A6
:1084C0000BD1A06B401EC6F30641884205D1E06B7C
:1084D000401EC6F30661884201D0012089E4174896
:1084E00034300068C0F3CC07A06CB84223D01348E6
:1084F0002C30006820F0010010492C310860FDF795
:1085000067FF054600BFFDF763FF401BFBD00B482C
:10851000343000684FF6F8718843A16C40EAC1001E
:1085200006493431086005482C30006840F00100ED
:1085300002492C31086000205BE40000004402582E
:10854000004802582DE9F04104460D4616461F46E4
:1085500014B90120BDE8F081D4F8880028B90020C2
:1085600084F88400204601F095FD2420C4F888009A
:108570002068006820F0010021680860A06A10B13E
:10858000204608F0B3FB204608F07AFD012800D110
:10859000E0E72068806840F48040216888602068B7
:1085A000806820F400402843216888604FEA4658DC
:1085B00048EA0748206800680749084040EA080080
:1085C000216808602068006840F0010021680860A8
:1085D000204608F007FCBDE7FFFF00FC70470000E5
:1085E0002DE9F0470446206807692068D0F8148018
:1085F00007EA08052068D0F808904FF0000A94F8C0
:10860000816008F40060B0F5006F0ED107F008003B
:1086100008280AD12068806940F4006021688861D8
:10862000204600F0AAFABDE8F08705F0400070B9D6
:1086300005F0200058B905F00400042807D12046B1
:10864000616F88472046216F88474FF0010A05F087
:10865000400050B905F0010038B105F0040020B920
:108660002046216F88474FF0010A05F0200058B9D5
:1086700005F00200022807D105F0040020B92046C9
:10868000616F88474FF0010ABAF1000F00D0CAE7C6
:1086900005F00800082863D12068806940F00800D0
:1086A000216888612068806940F010002168886135
:1086B0002068806940F40060216888612068006952
:1086C00020F00800216808612068806800F44040BC
:1086D00038BB22E0E0680F2807D92068006B616E84
:1086E0000860606E001D606612E0E068072807D928
:1086F0002068008E616E0880606E801C606607E0F6
:10870000206890F83000616E0870606E401C6066F2
:10871000B4F86A00401EA4F86A00B4F86A000028A1
:10872000D8D1204607F05CF9012084F88100D4F804
:10873000840018B12046FFF751FF74E7052E03D1DE
:10874000204600F046FC0AE0042E03D1204600F04B
:1087500013FA04E0032E02D1204600F039FC62E750
:1087600005F4587000287DD005F0400058B1D4F8C9
:10877000840040F00400C4F884002068806940F060
:1087800040002168886105F4007058B1D4F8840075
:1087900040F00100C4F884002068806940F4007053
:1087A0002168886105F4807058B1D4F8840040F0E5
:1087B0000800C4F884002068806940F48070216853
:1087C000886105F0200058B1D4F8840040F08000A2
:1087D000C4F884002068806940F020002168886126
:1087E000D4F88400A8B32068006820F00100216854
:1087F00008602068006940F26B3188432168086195
:1088000009F44040B0F5404F25D12068806820F43D
:10881000404021688860E06F60B11348E16F0865EF
:10882000E06FFAF7A5FF28B1D4F8840040F04000CB
:10883000C4F88400A06F60B10B48A16F0865A06FF9
:10884000FAF796FF28B1D4F8840040F04000C4F84D
:10885000840006E006E0012084F881002046FFF74E
:10886000BDFEE0E600BFDEE6B7FA000870B50446DC
:108870000CB9012070BD606A00B900BF0021A1627F
:108880006349206888420CD062492068884208D039
:1088900061492068884204D0E0680F2801D901208E
:1088A000E8E7204607F015F905465949206888424F
:1088B00009D058492068884205D057492068884225
:1088C00001D0082D0DD852492068884207D051495F
:1088D0002068884203D050492068884203D1102D77
:1088E00001D90120C6E794F8810028B9002084F856
:1088F0008000204600F092F8022084F88100206871
:10890000006820F00100216808602068806800F499
:10891000F816A069B0F1806F11D16068B0F5800FD2
:1089200001D1A06B28B1606848B9A06BB0F1805F3D
:1089300005D12068006840F48050216808606068B4
:1089400000F48000B0F5800F0BD1E068072808D351
:108950002068006820F48070216D08432168086059
:1089600005E02068006820F4807021680860A16A32
:10897000E06908433043E16B0843E168084321683C
:108980008860616A606B0843A16B0843A169084372
:108990002169084361690843216A08436168084303
:1089A000E16C0843A1680843A16C0843A16D08432A
:1089B0002168C860606878B92068806820F4C05079
:1089C00040F40060216888602068806820F4C060FE
:1089D00040F48060216888602068006D20F001000C
:1089E00021680865606800F48000B0F5800F07D149
:1089F0002068C06820F00040616D08432168C860AD
:108A00000020C4F88400012084F88100002031E7B0
:108A10000030014000380040003C004010B586B0F6
:108A20000446142101A8F7F7BCFE4B492068884290
:108A30007ED100BF4948006840F480404749086043
:108A40000846006800F48040009000BF00BF00BFEF
:108A500042480838006840F004004049083908607E
:108A60000846006800F00400009000BF00BF00BF8F
:108A70000846006840F0020008600846006800F000
:108A80000200009000BF00BF06200190022002906B
:108A90000020039004900520059001A93048FDF7BF
:108AA00099FB4FF4005001900220029000200390A7
:108AB000032004900520059001A92A48FDF78AFBB0
:108AC00029482A49086027204860002127488160FA
:108AD000C1604FF480610161002141618161C16128
:108AE0004FF44031016200214162FBF789FD08B17A
:108AF000FAF710FA00BF1D48E067846300BF1C4806
:108B00001C4908602820486040211A4881600021E3
:108B1000C1604FF480610161002141618161C161E7
:108B20004FF40031016200214162FBF769FD00E072
:108B30000FE008B1FAF7EEF900BF0E48A0678463B2
:108B400000BF002205212420FDF700FD2420FDF7B1
:108B5000E9FC06B010BD000000380040E8440258AF
:108B60000008025800040258B80002400417002010
:108B7000100402407C170020704770472DE9FF4F1A
:108B800083B004469846109EE06B4009401C80B2BA
:108B90000290FDF71DFC83464746454694F8810048
:108BA000012803D0022007B0BDE8F08F049820B15F
:108BB000059810B1B8F1000F01D10120F3E700BF13
:108BC00094F88000012801D10220ECE7012084F80C
:108BD000800000BF052084F881000020C4F88400D4
:108BE00005986066A4F86A80A4F868800498E06537
:108BF000A4F86280A4F86080002020676067206885
:108C0000C06820F4C0202168C860EE49206888420E
:108C100007D0ED492068884203D0EC49206888429B
:108C200002D14FF0100A01E04FF0080A20684068B6
:108C30006FF30F0040EA0800216848602068006870
:108C400040F00100216808606068B0F5800F05D130
:108C50002068006840F4007021680860E0680F2810
:108C600069D94FEA9A0A61E02068406900F0020081
:108C7000022812D18FB107EB0A00A8420DD9E06D8E
:108C8000006821680862E06D001DE065B4F86200CC
:108C9000401EA4F86200B4F862702068D0F8149006
:108CA0003DB32068406900F0010070B12068006B9E
:108CB000616E0860606E001D6066B4F86A00401E58
:108CC000A4F86A00B4F86A5030E00298854211DADC
:108CD00009F4004070B12068006B616E0860606E3E
:108CE000001D6066B4F86A00401EA4F86A00B4F87B
:108CF0006A501BE0FDF76CFBA0EB0B00B04201D308
:108D0000701C00B996B9204606F06AFED4F88400BB
:108D100040F48070C4F88400012084F8810000BF12
:108D2000002084F8800000BF03203CE7002F9BD187
:108D3000002D99D124E1E06807287CD94FEA5A0A2E
:108D40007FE02068406900F00200022812D18FB154
:108D500007EB0A00A8420DD9E06D0088216808845D
:108D6000E06D801CE065B4F86200401EA4F862006B
:108D7000B4F862702068D0F81490002D61D020689B
:108D8000406900F0010070B12068008E616E0880BB
:108D9000606E801C6066B4F86A00401EA4F86A0029
:108DA000B4F86A504DE00298854218DA09F40040A0
:108DB000A8B12068008E616E0880606E801C6066BD
:108DC0002068008E616E0880606E801C6066B4F85A
:108DD0006A00801EA4F86A00B4F86A5031E0012DE0
:108DE00011D109F4005070B12068008E616E0880C6
:108DF000606E801C6066B4F86A00401EA4F86A00C9
:108E0000B4F86A501DE0FDF7E3FAA0EB0B00B042A6
:108E100001D3701C00B9A6B9204606F0E1FDD4F8D4
:108E2000840040F48070C4F88400012084F881003C
:108E300000BF002000E00AE084F8800000BF0320AB
:108E4000B1E6002F7FF47DAF002DFBD198E092E0DA
:108E50002068406900F00200022813D197B107EBA7
:108E60000A00A8420ED9E06D0078216881F8200040
:108E7000E06D401CE065B4F86200401EA4F862009A
:108E8000B4F862702068D0F81490002D73D0206878
:108E9000406900F0010078B1206890F83000616E00
:108EA0000870606E401C6066B4F86A00401EA4F84A
:108EB0006A00B4F86A505EE0029885422ADA09F442
:108EC000004038B3206890F83000616E0870606E22
:108ED000401C6066206890F83000616E0870606E1B
:108EE000401C6066206890F83000616E0870606E0B
:108EF000401C6066206890F83000616E0870606EFB
:108F0000401C6066B4F86A00001FA4F86A00B4F858
:108F10006A5030E0042D12D209F4C04078B12068C4
:108F200090F83000616E0870606E401C6066B4F8A6
:108F30006A00401EA4F86A00B4F86A501BE0FDF70E
:108F400047FAA0EB0B00B04201D3701C00B996B9F0
:108F5000204606F045FDD4F8840040F48070C4F843
:108F60008400012084F8810000BF002084F8800084
:108F700000BF032017E6002F7FF46AAF002DFBD15E
:108F80003346002208212046CDF800B006F0AEFDA1
:108F900028B1D4F8840040F02000C4F884002046B2
:108FA00006F01EFD012084F8810000BF002084F837
:108FB000800000BFD4F8840008B10120F3E5002050
:108FC000F1E500000030014000380040003C004066
:108FD00070477047034A126882430A43014B1A6084
:108FE0007047000004040058704770477047000045
:108FF00030B502460B4600BF92F83C00012801D173
:10900000022030BD012082F83C0000BF022082F81F
:109010003D001068416810688468254D1068A842BA
:1090200003D0244D1068A84203D121F47001586880
:10903000014321F0700118680143106841601C4D24
:109040001068A84223D01068B0F1804F1FD01A4D8D
:109050001068A8421BD0194D1068A84217D0184DAF
:109060001068A84213D0134D1068A8420FD0154DB8
:109070001068A8420BD0144D1068A84207D0134DB9
:109080001068A84203D0124D1068A84205D124F000
:1090900080049868044310688460012082F83D00D1
:1090A00000BF002082F83C0000BF00BFA9E700001D
:1090B000000001400004014000040040000800409E
:1090C000000C0040001800400040014000E000405B
:1090D00000E4004010B504460CB9012010BD94F81E
:1090E0003D0028B9002084F83C00204600F02AF812
:1090F000022084F83D00211D206806F099FE012021
:1091000084F8480000BF84F83E0001213F2001554B
:109110004020015541200155422001554320015571
:1091200000BF00BF012084F84400452001554620BF
:1091300001554720015500BF012084F83D00002063
:10914000CCE7000008B5094A016891420DD100BF83
:109150000749096841F00101054A11601146096893
:1091600001F00101009100BF00BF08BD00000140F7
:10917000F0440258014691F83D00012801D0012039
:109180007047022081F83D00204B0868984223D0A8
:109190000868B0F1804F1FD01D4B086898421BD063
:1091A0001C4B0868984217D01B4B0868984213D094
:1091B0001A4B086898420FD0194B086898420BD098
:1091C000184B0868984207D0174B0868984203D09C
:1091D000164B0868984210D108688068144B00EA62
:1091E0000302062A0FD0B2F5803F0CD00868006851
:1091F00040F001000B68186005E00868006840F066
:1092000001000B6818600020BAE700000000014070
:109210000004004000080040000C00400004014031
:10922000001800400040014000E0004000E4004021
:1092300007000100014691F83D00012801D00120FE
:109240007047022081F83D000868C06840F00100C6
:109250000B68D860204B0868984223D00868B0F1AA
:10926000804F1FD01D4B086898421BD01C4B0868CC
:10927000984217D01B4B0868984213D01A4B0868C5
:1092800098420FD0194B086898420BD0184B0868C9
:10929000984207D0174B0868984203D0164B0868CD
:1092A000984210D108688068144B00EA0302062A2D
:1092B0000FD0B2F5803F0CD00868006840F0010084
:1092C0000B68186005E00868006840F001000B6852
:1092D00018600020B4E700000000014000040040D6
:1092E00000080040000C004000040140001800404D
:1092F0000040014000E0004000E4004007000100A1
:10930000014600BF0868006A41F21112104050B9CE
:109310000868006A9210104028B90868006820F0B8
:1093200001000A68106000BF012081F83D000020A4
:10933000704700002DE9F04104460D46002700BFAC
:1093400094F83C00012802D10220BDE8F081012000
:1093500084F83C0000BF022084F83D002068866845
:109360004048064026F47F462068866028687028BA
:1093700026D00CDC00F00F01002966D1001107286F
:1093800063D2DFE800F0555657584B374100B0F133
:10939000101F52D009DCB0F5805F10D0B0F5005F2F
:1093A0001BD0B0F5801F50D146E0A0F580102038CA
:1093B000002843D0102842D0202846D140E046E083
:1093C000D5E902136A68206806F0B7FD2068866850
:1093D00046F077062068866039E0D5E902136A68AE
:1093E000206806F0AAFD2068806840F4804021686B
:1093F00088602CE0EA686968206806F069FF5021FF
:10940000206806F0A5FD22E0EA686968206806F099
:1094100072FF6021206806F09BFD18E0EA68696829
:10942000206806F055FF4021206806F091FD0EE00F
:1094300000BF00BF00BF00BF00BF00BF00BF00BF34
:109440002968206806F084FD01E0012700BF00BF05
:10945000012084F83D0000BF002084F83C0000BFDC
:10946000384672E788FFCEFF704770B50446206823
:10947000C6682068056905F00200022819D106F0C7
:109480000200022815D1401F2168086101202077C1
:109490002068806900F0030018B12046FFF7E4FF60
:1094A00005E0204600F0DCF8204600F0E1F900205D
:1094B000207705F00400042819D106F004000428E0
:1094C00015D1C04321680861022020772068806997
:1094D00000F4407018B12046FFF7C6FF05E02046B3
:1094E00000F0BEF8204600F0C3F90020207705F018
:1094F0000800082819D106F00800082815D1C04333
:1095000021680861042020772068C06900F003000A
:1095100018B12046FFF7A8FF05E0204600F0A0F8AC
:10952000204600F0A5F90020207705F01000102853
:1095300019D106F01000102815D1C0432168086128
:10954000082020772068C06900F4407018B12046D8
:10955000FFF78AFF05E0204600F082F8204600F081
:1095600087F90020207705F0010048B106F00100DE
:1095700030B16FF0010021680861204600F038FA30
:1095800005F08000802804D005F40050B0F5005F9D
:109590000AD106F08000802806D16FF402502168BD
:1095A00008612046FFF721FD05F48070B0F5807F4B
:1095B0000AD106F08000802806D16FF480702168FF
:1095C00008612046FFF710FD05F04000402809D152
:1095D00006F04000402805D1C043216808612046BC
:1095E00000F00FFA05F02000202809D106F0200035
:1095F000202805D1C043216808612046FFF7F6FC0A
:1096000070BD000010B586B00446142101A8F7F71C
:10961000C8F810492068884219D100BF0E48006878
:1096200040F002000C4908600846006800F00200A3
:10963000009000BF00BF0220019002900020039024
:1096400004900220059001A90448FCF7C3FD06B070
:1096500010BD000000040040E0440258000402581D
:1096600070472DE9F04104460D461646002700BF1D
:1096700094F83C00012802D10220BDE8F0810120CD
:1096800084F83C0000BF0C2E51D005DC4EB1042EF6
:109690001ED0082E7AD133E0102E60D0142EF9D1CE
:1096A00075E02946206806F05FFC2068806940F07C
:1096B0000800216888612068806920F00400216822
:1096C000886120688069296908432168886178E099
:1096D0002946206806F09EFC2068806940F40060FE
:1096E000216888612068806920F480602168886131
:1096F00020688069296940EA01202168886160E06A
:109700002946206806F0E0FC2068C06940F00800A7
:109710002168C8612068C06920F004002168C86120
:109720002068C069296908432168C86149E0294661
:10973000206806F023FD2068C06940F400602168BD
:10974000C8612068C06920F480602168C861206811
:10975000C069296940EA01202168C86131E02946D1
:10976000206806F045FD2068406D40F00800216843
:1097700048652068406D20F0040021684865206835
:10978000406D29690843216848651AE017E02946B9
:10979000206806F065FD2068406D40F40060216897
:1097A00048652068406D20F4806021684865206825
:1097B000406D296940EA01202168486501E00127E0
:1097C00000BF00BF00BF002084F83C0000BF384647
:1097D00053E710B504460CB9012010BD94F83D00C4
:1097E00028B9002084F83C00204600F029F8022027
:1097F00084F83D00211D206806F01AFB012084F842
:10980000480000BF84F83E0001213F200155402060
:10981000015541200155422001554320015500BF0B
:1098200000BF012084F84400452001554620015521
:109830004720015500BF012084F83D000020CCE7FF
:1098400008B5094A016891420DD100BF074909686E
:1098500041F00201054A11601146096801F0020158
:10986000009100BF00BF08BD00040040E84402585A
:109870007047000070B504460D4615B994F83E00D7
:1098800015E0042D02D13F20005D10E0082D02D12B
:109890004020005D0BE00C2D02D14120005D06E070
:1098A000102D02D14220005D01E04320005D01281F
:1098B00001D0012070BD1DB9022084F83E001AE0DD
:1098C000042D03D102213F20015514E0082D03D1BE
:1098D0000221402001550EE00C2D03D10221412030
:1098E000015508E0102D03D102214220015502E06C
:1098F00002214320015501222946206806F00CFB75
:109900002F49206888420FD02E49206888420BD00A
:109910002D492068884207D02C492068884203D00E
:109920002B492068884201D1012000E0002028B1A5
:109930002068406C40F40040216848642049206859
:10994000884223D02068B0F1804F1FD02149206881
:1099500088421BD020492068884217D01F492068C0
:10996000884213D01749206888420FD01C492068CC
:1099700088420BD014492068884207D019492068D2
:10998000884203D018492068884210D12068806836
:10999000164900EA0106062E0FD0B6F5803F0CD01E
:1099A0002068006840F001002168086005E0206838
:1099B000006840F001002168086000207AE700009C
:1099C000000001400004014000400140004401400B
:1099D000004801400004004000080040000C004026
:1099E0000018004000E0004000E4004007000100D3
:1099F00010B504462068B0F1804F01D1FCF7EEFCB1
:109A000010BD7047014600BF91F88400012801D1C4
:109A100002207047012081F8840000BF2420C1F893
:109A20008800086802680868006820F001000B6878
:109A3000186022F00052002048660868026020206A
:109A4000C1F8880000BF002081F8840000BF00BF7B
:109A5000DFE7000070B504460D46206F022801D0F4
:109A6000206F98B90A48844201D103F0B1FF094838
:109A7000844201D104F096F90748844201D104F0F0
:109A8000ADFB0648844201D103F084FD70BD0000A7
:109A9000B41900208C18002020190020701B002011
:109AA000704770B504460D4600BF94F88400012845
:109AB00001D1022070BD012084F8840000BF242061
:109AC000C4F88800206806682068006820F001005B
:109AD000216808602068806820F060602843216861
:109AE0008860204607F0D6F8206806602020C4F879
:109AF000880000BF002084F8840000BF00BFD9E7C1
:109B000070B504460D4600BF94F88400012801D1C9
:109B1000022070BD012084F8840000BF2420C4F816
:109B20008800206806682068006820F0010021682D
:109B300008602068806820F06040284321688860C1
:109B4000204607F0A7F8206806602020C4F88800A7
:109B500000BF002084F8840000BF00BFD9E7704731
:109B6000704770472DE9F04704462068C5692068B2
:109B700006682068876840F60F0005EA0009B9F119
:109B8000000F0FD105F0200060B106F0200010B9E1
:109B900007F0805030B1606F10B12046616F884788
:109BA000BDE8F087B9F1000F7ED0F848384018B909
:109BB000F74830400028F7D005F0010058B106F40E
:109BC000807040B1012021680862D4F8900040F014
:109BD0000100C4F8900005F0020058B107F0010040
:109BE00040B1022021680862D4F8900040F00400DF
:109BF000C4F8900005F0040058B107F0010040B12E
:109C0000042021680862D4F8900040F00200C4F8F3
:109C1000900005F0080070B106F0200010B9DB4894
:109C2000384040B1082021680862D4F8900040F024
:109C30000800C4F8900005F4006060B106F0806090
:109C400048B14FF4006021680862D4F8900040F0F9
:109C50002000C4F89000D4F89000002852D005F0FD
:109C6000200050B106F0200010B907F0805020B15C
:109C7000606F10B12046616F8847D4F890A02068CB
:109C8000806800F04000402802D00AF0280070B33D
:109C9000204607F087F92068806800F040004028DF
:109CA00026D100BF00BF00E02DE02168083151E857
:109CB000001F21F040002168083141E80002002A1D
:109CC000F1D100BFD4F8800068B1B248D4F8801058
:109CD0000865D4F88000F9F74BFD98B1D4F88000FE
:109CE000016D88470EE02046FFF73BFF0AE003E0E6
:109CF0002046FFF736FF05E02046FFF732FF002041
:109D0000C4F890004CE7E06E01287DD105F010000A
:109D1000002879D006F010000028FAD01020216821
:109D200008622068806800F0400040286DD1D4F8B7
:109D300080000068984988426BD0D4F880000068A1
:109D400095491831884264D0D4F88000006892495F
:109D5000303188425DD0D4F8800000688E494831A7
:109D6000884256D0D4F8800000688B496031884220
:109D70004FD0D4F88000006887497831884248D0B5
:109D8000D4F88000006884499031884241D0D4F8EA
:109D9000800000688049A83188423AD0D4F8800019
:109DA00000687E49884234D0D4F8800000687B493E
:109DB000183188422DD0D4F88000006877493031BE
:109DC000884226D0D4F8800000687449483188421F
:109DD0001FD0D4F88000006870496031884218D0E4
:109DE000D4F8800000686D497831884211D0D4F8E9
:109DF000800000686949903188420AD0D4F8800018
:109E000000686649A83102E0CAE07BE001E08842D0
:109E100004D1D4F880000068406803E0D4F88000E2
:109E2000006840681FFA80F8B8F1000F58D0B4F805
:109E30005C00404554DDA4F85E80D4F88000C06921
:109E4000B0F5807F40D000BF00BF216851E8001FFF
:109E500021F48070226842E800010029F5D100BF9A
:109E600000BF00BF2168083151E8001F21F0010048
:109E70002168083141E80002002AF3D100BF00BF89
:109E800000BF2168083151E8001F21F0400021681F
:109E9000083141E80002002AF3D100BF2020C4F8B5
:109EA0008C000020E06600BF00BF216851E8001F61
:109EB00021F01000226842E800010029F5D100BF1E
:109EC000D4F88000F9F7E6F902202067B4F85C00C6
:109ED000B4F85E20801A81B22046FFF7BBFD10E087
:109EE000B4F85C0040450CD1D4F88000C069B0F5EE
:109EF000807F06D102202067B4F85C102046FFF76F
:109F0000A9FD4DE634F85C0F6188401A1FFA80F80D
:109F100060885C3CC8B3B8F1000F36D000BF00BF0A
:109F2000216851E8001F21F49070226842E8000186
:109F30000029F5D100BF00BF00BF2168083151E8FA
:109F4000001F124AD24301EA02002168083141E8A9
:109F50000002002AF1D100BF2020C4F88C000020AC
:109F6000E066606700BF00BF216851E8001F21F074
:109F70001000226842E800010029F5D100BF02204C
:109F8000206741462046FFF765FD09E60100001005
:109F900020010004CF0E010810000240100402400E
:109FA00005F4801050B107F4800038B14FF48010F0
:109FB000216808622046FFF7D3FDF1E505F0800037
:109FC00058B106F0800010B907F4000028B1A06F66
:109FD00010B12046A16F8847E2E505F0400030B19E
:109FE00006F0400018B1204607F012F8D8E505F455
:109FF000000030B106F0804018B12046FFF7AFFDF9
:10A00000CEE505F0807030B106F0004018B1204672
:10A01000FFF746FDC4E500BFC2E510B504460CB924
:10A02000012010BDA06900B100E000BFD4F8880095
:10A0300028B9002084F88400204600F02BF8242062
:10A04000C4F888002068006820F0010021680860DA
:10A05000A06A10B1204606F049FE204607F010F82D
:10A06000012800D1DDE72068406820F49040216895
:10A0700048602068806820F02A0021688860206895
:10A08000006840F0010021680860204606F0AAFE42
:10A09000C7E7000010B5B6B00446142130A8F6F7A3
:10A0A00080FBB82102A8F6F77CFBF74920688842BC
:10A0B00071D100BFF548006840F48010F349086092
:10A0C0000846006800F48010019000BF00BF00BF88
:10A0D000EE480838006840F00400EC490839086090
:10A0E0000846006800F00400019000BF00BF00BFF8
:10A0F0000846006840F0080008600846006800F064
:10A100000800019000BF00BF4FF480503090022043
:10A1100031900020329033900820349030A9DC48F0
:10A12000FCF758F804203090022031900020329043
:10A1300033900820349030A9D648FCF74BF8D64825
:10A14000D6490860412048600021D4488160C16040
:10A150004FF4806101610021416181614FF48071A0
:10A16000C1614FF44031016200214162FAF748FABF
:10A1700008B1F8F7CFFE00BFC848C4F88000846378
:10A1800000BF002205213520FCF7E0F93520FCF75F
:10A19000C9F9C2E2FFE7C2492068884276D100BF10
:10A1A000BA48006840F08040B84908600846006836
:10A1B00000F08040019000BF00BF00BFB3480838E6
:10A1C000006840F01000B14908390860084600688E
:10A1D00000F01000019000BF00BF4FF4C07030903D
:10A1E000022031900020329033900720349030A923
:10A1F000AC48FBF7EFFFA8486030AB4908604F2040
:10A2000048600021A8488160C1604FF4806101610D
:10A210000021416181614FF48071C1614FF440318F
:10A22000016200214162FAF7EBF908B1F8F772FE1A
:10A2300000BF9D48C4F88000846300BF9648783012
:10A240009A49086050204860402198488160002168
:10A25000C1604FF480610161002141618161C16190
:10A2600001624162FAF7CCF908B1F8F753FE00BF7A
:10A270008E48E067846300BF002205215220FCF76E
:10A2800065F95220FCF74EF947E2FFE7884920685C
:10A2900088427CD101210020CDE90210209002A843
:10A2A000FCF718FC08B1F8F735FE00BF7748083016
:10A2B000006840F0100075490831086008460068E1
:10A2C00000F01000019000BF00BF00BF6F480838C9
:10A2D000006840F001006D490839086008460068D0
:10A2E00000F00100019000BF00BF4FF4C06030904B
:10A2F000022031900020329033900720349030A912
:10A300006C48FBF767FF6C486C490860292048607F
:10A3100000216A488160C1604FF4806101610021C1
:10A32000416181614FF48071C1614FF4403101623C
:10A3300000214162FAF764F908B1F8F7EBFD00BFBC
:10A340005E48C4F88000846300BF5B4818305C49F5
:10A3500008602A2048604021594881600021C1607E
:10A360004FF480610161002141618161C16101623D
:10A370004162FAF745F908B1F8F7CCFD00BF504843
:10A38000E067846300BF00220521252000E005E08E
:10A39000FCF7DCF82520FCF7C5F8BEE14949206848
:10A3A00088426FD100BF3948006840F40030374917
:10A3B00008600846006800F40030019000BF00BF4C
:10A3C00000BF32480838006840F008002F490839BB
:10A3D00008600846006800F00800019000BF00BF58
:10A3E000702030900220319000203290339007206E
:10A3F000349030A92748FBF7EDFE274890303249CA
:10A4000008602B20486000212F488160C1604FF414
:10A4100080610161002141618161C161016241622C
:10A42000FAF7EEF808B1F8F775FD00BF2648C4F852
:10A430008000846300BF18481830244908602C202D
:10A4400048604021214881600021C1604FF4806153
:10A450000161002141618161C16101624162FAF7DC
:10A46000CFF808B1F8F756FD00BF1848E0678463DD
:10A4700000BF002205212620FCF768F82620FCF703
:10A4800051F84AE124E0000000500040E84402583E
:10A4900000080258000C025810000240041C002062
:10A4A00000780040001002587C1C0020F41C0020A2
:10A4B0000010014000000258580402406C1D0020AA
:10A4C000E41D0020004400405C1E0020D41E00203B
:10A4D0009349206888427DD100BF9248006840F4CB
:10A4E0008020904908600846006800F480200190B0
:10A4F00000BF00BF00BF8B480838006840F0020072
:10A500008849083908600846006800F00200019098
:10A5100000BF00BF00BF0846006840F008000860A8
:10A520000846006800F00800019000BF00BF4FF42B
:10A5300080403090022031900020329033900720EC
:10A54000349030A97848FBF745FE4FF440703090C6
:10A55000022031900020329033900720349030A9AF
:10A560007248FBF737FE7248724908602D20486038
:10A57000002170488160C1604FF480610161002159
:10A5800041618161C16101624162FAF739F808B144
:10A59000F8F7C0FC00BF6748C4F88000846300BFC0
:10A5A00063481830644908602E20486040216248A2
:10A5B00081600021C1604FF480610161002141612F
:10A5C0008161C16101624162FAF71AF808B1F8F7D6
:10A5D000A1FC00E00DE000BF5748E067846300BFC6
:10A5E000002205212720FBF7B1FF2720FBF79AFF68
:10A5F00093E0524920688842FAD101210020CDE938
:10A600000210209002A8FCF765FA08B1F8F782FC66
:10A6100000BF44480830006840F0800041490831DC
:10A6200008600846006800F08000019000BF00BF8D
:10A6300000BF3C480838006840F01000394908392C
:10A6400008600846006800F01000019000BF00BFDD
:10A65000042030900220319000203290339004206A
:10A66000349030A93648FBF7B5FD08203090022021
:10A6700031900020329033900B20349030A9304834
:10A68000FBF7A8FD2F48304908607720486040213B
:10A690002D4881600021C1604FF48061016100217B
:10A6A00041618161C1614FF48031016200214162E9
:10A6B000F9F7A6FF08B1F8F72DFC00BF2248E067C4
:10A6C000846300BF1F481830204908607620486026
:10A6D00000211E488160C1604FF48061016100214A
:10A6E000416181614FF48071C1614FF44031016279
:10A6F00000214162F9F784FF08B1F8F70BFC00BFB5
:10A700001248C4F88000846300BF002205219C2009
:10A71000FBF71CFF9C20FBF705FF36B010BD0000C7
:10A7200000480040E844025800040258000C025857
:10A73000400002404C1F0020C41F0020001C0140AC
:10A7400000100258280402403C200020B4200020C1
:10A7500070B504460E461546D4F8880020283FD12F
:10A7600006B10DB9012070BD44F8506FA580E58099
:10A77000002020642120A063E06A503CE0B1194829
:10A78000E16FC8631848E16F08641848E16FC86456
:10A790000020E16F0865236803F128022B46216D34
:10A7A000E06FFAF7B7F938B11020C4F89000202014
:10A7B000C4F888000120D6E740202168086200BF65
:10A7C00000BF2168083151E8001F41F08000216876
:10A7D000083141E80002002AF3D100BF0020C2E79F
:10A7E0000220C0E7410F0108950F0108E30E0108A0
:10A7F0007047704770B5044600202074A37B484D15
:10A800002D8803FB05F26168D4F8F400F5F76DFFBD
:10A81000A27B434B1B8802FB03F16068F5F7C1FF85
:10A82000A27B3F4B1B885A43A37B02FB03F1D4F866
:10A830001801F5F7B6FF227B394B1B885A43A37BDF
:10A8400002FB03F1D4F80C01F5F7ABFF002031E077
:10A85000D4F8F41001EB800191ED000AB5EEC00AC6
:10A86000F1EE10FA24D0D4F8F41001EB800191ED50
:10A87000000A227CD4F8F41001EB820181ED000A79
:10A88000227C616A8854A16901EB800191ED000A84
:10A890006169095C227B237C12FB0311491ED4F8F9
:10A8A0000C2102EB810181ED000A217C491C2174FD
:10A8B000411CC8B2A17B8142CADC002011E0626A5F
:10A8C000125CE16901EB820191ED000A227C00FB40
:10A8D0000202D4F8181101EB820181ED000A411C3B
:10A8E000C8B2217C8142EADC207CA4F87800217B7C
:10A8F0007A200153207BA4F88000217C8220015320
:10A90000207CA4F89000217C92200153207BA4F8A5
:10A910009800217C9A200153207CA4F8480070BD47
:10A920008803002000BFFEE700B5024652F8EC0F96
:10A9300090ED000A834880ED000A106890ED010A4E
:10A94000814880ED000A106890ED020A7F4880ED92
:10A95000000A52F8EC0990ED030A7D4880ED000AE8
:10A960007848D0ED000A60EEA00A774890ED001A12
:10A97000D0ED001A41EE210A744890ED001AD0ED96
:10A98000001A41EE210A724890ED001AD0ED001A2B
:10A9900041EE210AB0EE600A0DF06EFB6D4880EDCD
:10A9A000000A002012E0D2F8EC1001EB800191EDDA
:10A9B000000A6849D1ED000A20EE200AD2F8EC1016
:10A9C00001EB800181ED000A411CC8B20428EADBDA
:10A9D000614890ED6F0A5C48D0ED000A20EE200A35
:10A9E000F0EE000A80EE201AF832906880ED041A2A
:10A9F000594890ED6F0A5548D0ED000A20EE200A24
:10AA0000F0EE000A80EE201A906880ED051A524898
:10AA100090ED6F0A4B48D0ED000AF1EE600A20EE8F
:10AA2000200AF0EE000A80EE201A906880ED0A1AE3
:10AA3000494890ED6F0A4648D0ED000A20EE200A02
:10AA4000F0EE000A80EE201A906880ED0B1A424862
:10AA500090ED6F0A3E48D0ED000AF1EE600A20EE5C
:10AA6000200AF0EE000A80EE201A906880ED101A9D
:10AA7000394890ED6F0A3348D0ED000AF1EE600AD4
:10AA800020EE200AF0EE000A80EE201A906880ED99
:10AA9000111A314890ED6F0A2C48D0ED000A20EED3
:10AAA000200AF0EE000A80EE201A906880ED161A57
:10AAB000294890ED6F0A2448D0ED000AF1EE600AB3
:10AAC00020EE200AF0EE000A80EE201A906880ED59
:10AAD000171A106890ED1C0A1F48D0ED740A80EE1A
:10AAE000201A106880ED1C1A106890ED230A1A488D
:10AAF000D0ED740A80EE201A106880ED231A52F807
:10AB0000F80990ED1C0ADFED150AB4EEE00AF1EE4B
:10AB100010FA05DD9FED110AD2F8F80080ED1C0A4D
:10AB2000D2F8F80090ED230ADFED0C0AB4EEE00A4B
:10AB3000F1EE10FA05DD9FED090AD2F8F80080ED7C
:10AB4000230A00BDEC020020F0020020F4020020E5
:10AB5000F8020020FC020020000C002000401C46EF
:10AB600010B52DED068BF0EE408AB0EE60AAB0EE87
:10AB7000419AB0EE618AF0EE429A01203A4908709B
:10AB80000846C0ED6C8A80ED6DAA80ED6E9A9FED4F
:10AB9000370A80ED730A002081F838010A46C2F8AE
:10ABA0004001C2F844010021C2F84811C2F84C111A
:10ABB000B7EE000AB4EEC08AF1EE10FA03DDB7EE8C
:10ABC000000AB0EE408A284880ED748AC0ED649A8D
:10ABD000032300220621001D01F0F2F8244B01227C
:10ABE0001146A3F10800F5F7DEFFB7EE000A1E4894
:10ABF000D0F8EC0080ED000A9FED1E0A1A48D0F84C
:10AC0000EC0080ED010A9FED1B0A1748D0F8EC001C
:10AC100080ED020A9FED170A1348D0F8EC0080ED92
:10AC2000030A15491048C0F8D0101449C0F8D410D0
:10AC30001349C0F8D8101349C0F8DC10012180F87E
:10AC40002E1080F82F1001469022D1F804010E49F1
:10AC5000F5F74BFD04499022D1F8FC000B49F5F7BC
:10AC600044FDBDEC068B10BD000C002077CC2B32D0
:10AC7000C80D00200000000091AC000829A90008C0
:10AC8000C5AC0008F5B300080801002098010020B9
:10AC900010B5044654F8F81F90220748F5F725FD33
:10ACA00048220648616AF5F720FD6169F83C4822B0
:10ACB0000348F5F71AFD10BD980100207C0E002016
:10ACC000C40E002010B5044654F8EC0F90ED000AB5
:10ACD000F0EE000A20EE200A3F4880ED000A2068CE
:10ACE00090ED010AF0EE000A20EE200A3B4880EDCC
:10ACF000000A206890ED020AF0EE000A20EE200A19
:10AD0000374880ED000A206890ED030AF0EE000A53
:10AD100020EE200A334880ED000A14F8DE2C324B76
:10AD20001B885A4314F8E03C02FB03F1206AF5F754
:10AD300038FD2B4890ED000AB1EE400A206A80ED04
:10AD4000000A284890ED000A206A80ED010A224896
:10AD500090ED000AB1EE400A206A80ED020A1F4819
:10AD600090ED000A206A80ED030A1C4890ED000A6D
:10AD7000206A80ED060A184890ED000A206A80EDEE
:10AD8000070A184890ED000A206A80ED080A144866
:10AD900090ED000A206A80ED090A0F4890ED000A44
:10ADA000206A80ED0C0A0D4890ED000AB1EE400AD1
:10ADB000206A80ED0D0A0A4890ED000AB1EE400AC3
:10ADC000206A80ED0E0A074890ED000A206AEC3CEC
:10ADD00080ED0F0A10BD00000003002004030020D6
:10ADE000080300200C0300208803002010B52DED7F
:10ADF000088BB0EE40ABB0EE41BAF0EE618AB0EE37
:10AE0000429BB0EE438AFE48007858B99FEDFD2A78
:10AE1000F7EE001A9FEDFC1ADFEDFC0AB2EE040A11
:10AE2000FFF79EFEF64880ED6F8A90ED580A3AEEE5
:10AE3000400A80ED5B0A90ED590A3AEEC00A80EDB7
:10AE40005C0A90ED5A0A3BEE400A80ED5D0A90EDF7
:10AE50005B0AF6EE000A20EE200A20EE080AEC4813
:10AE600080ED000AE64890ED5C0AF6EE000A20EE5E
:10AE7000200A20EE080AE74880ED000AE04890ED3D
:10AE80005D0AF6EE000A20EE200A20EE080AE248EB
:10AE900080ED000ADA499022D1F80401DF49F5F784
:10AEA00024FCDB4890ED000AB1EE400AD448D0F80B
:10AEB000040180ED010AD74890ED000AB1EE400A86
:10AEC000CF48D0F8040180ED020AD34890ED000A83
:10AED000B1EE400ACA48D0F8040180ED030ACC481C
:10AEE00090ED000AC648D0F8040180ED060ACA4871
:10AEF00090ED000AC248D0F8040180ED080AC54868
:10AF000090ED000AB1EE400ABD48D0F8040180ED92
:10AF1000090AC04890ED000AB948D0F8040180ED54
:10AF20000C0ABD4890ED000AB1EE400AB448D0F8D2
:10AF3000040180ED0D0AB64890ED000AB048D0F843
:10AF4000040180ED0F0AB44890ED000AAC48D0F837
:10AF5000040180ED120AAF4890ED000AA848D0F82D
:10AF6000040180ED130AAA4890ED000AB1EE400AF0
:10AF7000A348D0F8040180ED140AA148D0F8481184
:10AF8000D0F84C01002359405840014306D19C4859
:10AF9000C0ED5E8A80ED5F9AC0ED609A984890EDB2
:10AFA0005E0AD0ED640A60EE200A90ED6F0A90ED23
:10AFB000641A30EE011A80EE810AD0ED6F0A90ED2E
:10AFC000641A70EE810A90ED6F1A21EE281AC1EE14
:10AFD000201A30EE210A80ED5E0A90ED5F0AD0ED76
:10AFE000640A60EE200A90ED6F0A90ED641A30EE6C
:10AFF000011A80EE810AD0ED6F0A90ED641A70EEAE
:10B00000810A90ED6F1A21EE091AC1EE201A30EE76
:10B01000210A80ED5F0A90ED600AD0ED640A60EECF
:10B02000200A90ED6F0A90ED641A30EE011A80EE5E
:10B03000810AD0ED6F0A90ED641A70EE810A90EDEE
:10B040006F1A21EE291AC1EE201A30EE210A80ED86
:10B05000600AD0ED5E0A60EEA00A90ED5F1AD0EDB6
:10B060005F1A41EE210A90ED601AD0ED601A41EEB0
:10B07000210AB0EE600A0CF0FFFF694880ED000A7B
:10B08000002011E0674901EB800191ED000A64495D
:10B09000D1ED000A20EE200A5949896801EB8001B0
:10B0A00081ED000A411CC8B20328EBDB5448D0ED07
:10B0B0005B0A60EEA00A90ED5C1AD0ED5C1A41EEDE
:10B0C000210A90ED5D1AD0ED5D1A41EE210AB0EE35
:10B0D000600A0CF0D1FFF7EE000A80EE801A4848B3
:10B0E00080ED651A4E4890ED000AF7EE000A80EEFA
:10B0F000801A434880ED661A90ED650ADFED4A0A32
:10B10000B4EEE00AF1EE10FA16D290ED660ADFED29
:10B11000470AB4EEE00AF1EE10FA0DDD90ED660A92
:10B12000DFED430AB4EEE00AF1EE10FA04D201209A
:10B13000334981F8390103E00020314981F83901B0
:10B140002F4890ED6C0AD0ED6F0A20EE200AD0F85F
:10B15000180180ED000A2A4890ED6C0AD0ED6F0AC4
:10B1600020EE200AD0F8180180ED070A244890ED5F
:10B170006C0AD0ED6F0A20EE200AD0F8180180ED9D
:10B180000E0A1F4890ED6C0AD0ED6F0A20EE200ADF
:10B19000D0F8180180ED150A194890ED6D0AD0ED30
:10B1A0006F0A20EE200AD0F8180180ED1C0A14481E
:10B1B00090ED6D0AD0ED6F0A20EE200AD0F818014C
:10B1C00080ED230A0E4890ED6E0AD0F81C0180ED48
:10B1D000000A0B4890ED6E0AD0F81C0180ED040ABD
:10B1E000074890ED6E0AD0F81C0180ED080A04486B
:10B1F000001D01F065FA0248406890ED000A19E070
:10B20000000C0020000000008096184B6F12833A5B
:10B21000DC020020E0020020E402002008010020FF
:10B22000E8020020780D00209A99993ECDCC144177
:10B23000CDCC24416C4880ED540A406890ED010A61
:10B24000694880ED550A406890ED020A664880ED35
:10B25000560A406890ED030A634880ED570A40683B
:10B2600090ED040A604880ED580A406890ED050AA8
:10B270005D4880ED590A1FED1D0A80ED5A0A90EDD8
:10B28000541A21EE011AD0ED551A90ED552A01EE0F
:10B29000821AF7EE001AB0EE002A52EE011AF0EE12
:10B2A000610A90ED541AD0ED571A21EE211AD0ED13
:10B2B000551A90ED562A01EE821AF0EE001A21EE90
:10B2C000211AB0EE410A07F0D3F8474880ED6A0A28
:10B2D00090ED541A21EE011AD0ED571A90ED572A2D
:10B2E00001EE821AF7EE001AB0EE002A52EE011AB1
:10B2F000F0EE610A90ED541AD0ED551A21EE211AA4
:10B30000D0ED561A90ED572A01EE821AF0EE001A8F
:10B3100021EE211AB0EE410A07F0AAF8324880ED7A
:10B32000690AD0ED550A90ED571A60EE810A90ED4A
:10B33000541AD0ED561A41EE610AB8EE001A60EECA
:10B34000810AB0EE600A06F011FE274880ED680A17
:10B3500090ED6A0AD0ED760A30EE600ADFED230A3E
:10B36000B4EEE00AF1EE10FA07DDB0F8D401401EA9
:10B3700000B21D49A1F8D40114E01B4890ED6A0AFF
:10B38000D0ED760A30EE600ADFED190AB4EEE00A7D
:10B39000F1EE10FA06D2B0F8D401401C00B2124906
:10B3A000A1F8D4011048B0F9D40100EE100AB8EEAB
:10B3B000C00A0D48D0ED6A0A30EE200A80ED6B0A13
:10B3C00090ED6A0A80ED760AD0F84811D0F84C0169
:10B3D000491C40F10000044AC2F84811C2F84C016F
:10B3E000BDEC088B10BD0000000C0020DA0F4940B6
:10B3F000DA0F49C070B52DED028B044604F18001CF
:10B4000004F17800F5F732FE84F8C800B4F878004B
:10B41000A4F8A8005A20015BAA20015304F1A80255
:10B4200004F1580104F17800F5F728FD84F8C8000C
:10B43000B4F8A800A4F8B0008220015BB220015348
:10B4400004F1B00204F1800104F1A800F5F716FD43
:10B4500084F8C800B4F89000A4F8A0009220015B22
:10B46000A220015304F1A00204F1900104F1B00004
:10B47000F5F73AFB84F8C80004F1B00104F1A0002C
:10B48000F5F796FBAC342077206C90ED000AFE486F
:10B4900080ED000A206C90ED010AFC4880ED000A66
:10B4A000206C90ED020AFA4880ED000A206C90EDC5
:10B4B000030AF84880ED000A34F8340CA081AC3C53
:10B4C0000121BA200153F14890ED000AF148D0ED76
:10B4D000000A20EE200AEC48D0ED000AEC4890ED7E
:10B4E000001A00EEC10AF0EE000A20EE200AD4F89D
:10B4F0002C0180ED000AE44890ED000AE348D0ED0D
:10B50000000A20EE200AE248D0ED000AE14890ED62
:10B51000001A00EE810AF0EE000A20EE200AD4F8AC
:10B520002C0180ED010AD84890ED000A20EE000AB7
:10B53000D648D0ED000A90ED001A00EEC10AD448BA
:10B54000D0ED000A90ED001A00EEC10AD148D0ED0E
:10B55000000A90ED001A00EE810AD4F82C0180ED6B
:10B56000020A002512E0D4F82C0100EB850090EDD2
:10B57000000AB0EEC00AB0EE408A06F065FCC6488C
:10B5800000EB850080ED000A681CC5B2032DEADBE4
:10B59000B4F84800A4F8C0000121C220015304F10E
:10B5A000C00204F1B80104F14800F5F7FFFC84F88B
:10B5B000C800B4F8C000A4F8A8000121AA200153D3
:10B5C00004F1A80204F1C00104F1B000F5F756FC43
:10B5D000B8342074012020802189B83CBA2001535E
:10B5E00004F1B80104F1C000F5F740FD84F8C8008B
:10B5F000A94A3C3204F1A80104F1B800F5F73EFC79
:10B6000084F8C800A54890ED720AD0ED730AB6EE32
:10B61000001A60EE810AB4EEE00AF1EE10FA03D2ED
:10B6200001209E4981F838019C4890ED720AD0EDC6
:10B63000730AB4EEE00AF1EE10FA46DD90F8380134
:10B64000002842D0954890F8390168B19348D0F865
:10B650004011D0F84401491C40F100008F4AC2F863
:10B660004011C2F8440105E000208C4AC2F84001B4
:10B67000C2F844018948D0F84031D0F84421002074
:10B68000D3F13201904106D20020844981F838017B
:10B6900084F82C004AE0237B814D2D8803FB05F2C2
:10B6A000D4E93A01F5F721F8237B7D4D2D886B43D2
:10B6B000257B03FB05F2D4E93E01F5F716F80120DE
:10B6C00084F82C00BDEC028B70BD744890ED720ABA
:10B6D000D0ED730A9FED731A60EE810AB4EEE00AB2
:10B6E000F1EE10FA14DD90F8380188B16B4890ED56
:10B6F000730AD0ED720A30EE600AD0ED730A9FED46
:10B700006A1A60EE810A80EE201A80ED671A04E062
:10B71000B7EE000A614880ED670A00215F4AC2F86F
:10B720004011C2F84411002084F82C00B4F85800ED
:10B73000A4F8A8008220015BAA20015304F1A8020A
:10B7400004F1800104F15800F5F798FB84F8C80073
:10B7500004F1980204F1B00104F1A800F5F78EFBA2
:10B7600084F8C800002012E0D4F81C1101EB80011D
:10B7700091ED000A4949D1ED670A20EE200AD4F87C
:10B780001C1101EB800181ED000A411CC8B2B4F824
:10B7900098109A22125B51438142E5DC042025E097
:10B7A00000211FE0021F3C4B03EB8202D2ED000A96
:10B7B0009FED3E1A80EE810A00EB40030B44D4F863
:10B7C0001C2102EB8302D2ED000A20EE200A00EBDE
:10B7D00040030B44D4F81C2102EB830282ED000AE3
:10B7E0004A1CD1B20329DDDB411CC8B20628D7DBD5
:10B7F000B4F89800A4F8B8000121BA20015304F16C
:10B80000B80204F1C00104F19800F5F737FB84F8A1
:10B81000C800224890F83801A0B3042058E0BC21A9
:10B82000095901EB800191ED000A1C49D1ED6F0A25
:10B830009FED1F1A60EE810AB4EEE00AF1EE10FAF5
:10B840000BDD91ED6F0ADFED1A0A20EE200ABC2114
:10B85000095901EB800181ED000ABC21095901EB76
:10B86000800191ED000A0D49D1ED6F0A9FED111A8B
:10B8700060EE810AB4EEE00AF1EE10FA26D291ED04
:10B880006F0A19E026E000001003002014030020D6
:10B89000180300201C030020840D0020000C002051
:10B8A00088030020CDCCCC3D6666663FDA0FC93FE9
:10B8B0000AD7233C0AD723BC5FED020A20EE200AF8
:10B8C000BC21095901EB800181ED000A411CC8B27D
:10B8D0000628A4DB9FED080ABC20005980ED030A6E
:10B8E00004F1300204F1B80104F13800F5F7FCF876
:10B8F00084F8C80000BFE5E60000000010B51F484E
:10B90000D0ED040AB0EE600ADFED1D0A1D4802F01A
:10B910009DFE1C4890ED080AD0ED040AB4EEE00A42
:10B92000F1EE10FA03DD90ED040A80ED080A1548E7
:10B9300090ED080AB5EEC00AF1EE10FA03D29FEDC1
:10B94000120A80ED080A0D4890ED040ADFED0F0A97
:10B95000B4EEE00AF1EE10FA04DB9FED0B0A0948A1
:10B9600080ED080A074890ED080ABCEEC00A10EE08
:10B97000100A80B206490968086410BD780B0020DF
:10B98000000034429C0B00200000000000004042F8
:10B990004018002010B5B7EE000A1A4880ED010AE1
:10B9A000B7EE000A80ED020AB7EE000A80ED030A46
:10B9B0009FED150A80ED040A9FED130A80ED050A3C
:10B9C0009FED110A80ED060A01200E4908709FEDD7
:10B9D0000F0A0F4880ED100A0C210E48FDF74AFFB0
:10B9E0009FED0D3ADFED0D2A9FED0D2AF1EE041AC1
:10B9F0009FED051AF3EE090A9FED0A0A0A4802F0C4
:10BA0000D3FE10BDE00D00200000000096430B3C6B
:10BA1000FC0D0020401800200000FA430080BB44C9
:10BA20006F12833A0000C8429C0B00200EB507201D
:10BA30000EF01AFA02E064200EF016FAF5F7EDFBAC
:10BA40000028F8D1FFF7A6FF0AE1FFF757FF854A64
:10BA5000A2F10C01101DF5F7EFFB8248103890EDB4
:10BA6000050A814880ED040A7E48103890ED060AE8
:10BA70007D4880ED050A7B48103890ED070A7A482A
:10BA800080ED060A7748103890ED010A764880ED7F
:10BA9000070A7448103890ED020A734880ED080ACE
:10BAA0007048103890ED030A6F4880ED090A90ED58
:10BAB000093AF0EE432A90ED083AB0EE432A90EDB1
:10BAC000073AF0EE431A90ED063AB0EE431A90EDC5
:10BAD000053AF0EE430A90ED043AB0EE430A9FEDCA
:10BAE000633AFFF783F960496148D0E91534026D84
:10BAF000C06D81E81C00C8600A4644315D48F5F716
:10BB000093FC594A02F150015B48F5F78DFC564A07
:10BB100002F15C015948F5F787FC534A69465848D9
:10BB2000F7F74BF9002034E04F491C3101EB80015D
:10BB300091ED000A694601EB8001D1ED000A30EE7B
:10BB4000600ADFED4A0A60EE200A474991ED100ACB
:10BB50009FED461A30EE011A80EE810A283101EB82
:10BB60008001D1ED000A404991ED101A60EE810A82
:10BB700091ED101ADFED3D1A31EE211AC0EE811A57
:10BB800030EE210A283101EB800181ED000A411CD1
:10BB9000C8B20328C8DB344A02F13401A1F10C0019
:10BBA000F5F742FC374890ED6A0A2F4880ED1E0AEF
:10BBB000344890ED690A2C4880ED1D0A314890ED1B
:10BBC000680A294880ED1C0A2E4890ED6B0A264829
:10BBD00080ED1F0A2B4890ED6A0AB1EE400A2A4810
:10BBE00080ED000A274890ED690AB1EE400A264828
:10BBF00080ED010A234890ED680A234880ED020A8F
:10BC0000194890ED0E0AB1EE400A1F4880ED060A71
:10BC1000154890ED0D0AB1EE400A1B4880ED070A69
:10BC2000114890ED0F0A184880ED080A154890ED6C
:10BC30005C0A154880ED030A124890ED5B0AB1EEEC
:10BC4000400A114880ED040A0E4890ED5D0AB1EEFD
:10BC5000400A0D4880ED050A01200EF005F900BFED
:10BC6000F3E60000880B0020FC0D00206F12833AE1
:10BC7000000D00206CA6010878A6010884A6010822
:10BC800090A60108000C0020DC0B002010B5142247
:10BC90000449A1F1140004F0D1FC00F021F800F0F7
:10BCA00003F810BD9401002410B5A5200A490870BE
:10BCB0000020487088700A20C870BD2008710220DA
:10BCC00048710F2088716620C8710420087209220B
:10BCD0000248FEF73DFD10BDB2010024B41900205A
:10BCE00010B5A5200B49087001204870002088700D
:10BCF000C87068200871012048710F2088710120E8
:10BD0000C8718B200872BD2048720A220248FEF7D3
:10BD10001FFD10BDA8010024B419002010B526484D
:10BD2000007850B12448007C38B1234890F82000B6
:10BD300018B1214890F8300058B9F5F769FCF5F7CB
:10BD400087FD1420F9F7D6F8F5F7F2FCF5F710FEA9
:10BD500030E0194800780D280DD01748007C0D28D8
:10BD600009D0154890F820000D2804D0124890F80A
:10BD700030000D280BD1F5F771FCF5F78FFD14207D
:10BD8000F9F7B8F8F5F7FAFCF5F718FE12E09FEDB1
:10BD90000B0AF5F7F9FB9FED090AF5F715FD1420DD
:10BDA000F9F7A8F89FED050AF5F77EFC9FED030A69
:10BDB000F5F79AFD10BD0000CC1000200000000037
:10BDC0000FB583B00420FE4908800820FD49088093
:10BDD000DDE90310087303990598487303990698E1
:10BDE000887300210398017406980290F4F766FBAB
:10BDF000039948610698029003984069019002995E
:10BE0000F4F7ADFCEE480088069948430290F4F739
:10BE100055FB03998861EA480088069948430290D7
:10BE20000398806901900299F4F7BBFCE44800880C
:10BE3000069948430290F4F741FB0399C861E04832
:10BE400000880699484302900398C06901900299BE
:10BE5000F4F7A7FCDA480088049948430290F4F705
:10BE60002DFB03990862D648008804994843029044
:10BE70000398006A01900299F4F793FC06980290E7
:10BE8000F4F71CFB03994862069802900398406AF5
:10BE900001900299F4F763FCC9480088049948436B
:10BEA0000290F4F70BFB03990860C54800880499D9
:10BEB000484302900398006801900299F4F771FCDE
:10BEC000BF480088069948430290F4F7F7FA0399AF
:10BED0004860BB4800880699484302900398406830
:10BEE00001900299F4F75DFCB54800880599484334
:10BEF0000290F4F7E3FA03998860B1480088059945
:10BF0000484302900398806801900299F4F749FC35
:10BF1000AB480088049948430290F4F7CFFA03999C
:10BF2000C1F8E800A64800880499484302900398A5
:10BF3000D0F8E80001900299F4F733FC0398D0F8A8
:10BF4000E80002900398007B019001220146DDE9A0
:10BF500002303030F4F727FE9948008804994843AE
:10BF60000290F4F7ABFA0399C1F8EC00944800880A
:10BF70000499484302900398D0F8EC00019002998C
:10BF8000F4F70FFC0398D0F8EC0002900398007BC4
:10BF9000019001220146DDE902303830F4F703FE5A
:10BFA000059818B386480088059948430290F4F72D
:10BFB00085FA0399C1F8F000814800880599484343
:10BFC00002900398D0F8F00001900299F4F7E9FB91
:10BFD0000398D0F8F00002900398407B0190012272
:10BFE0000146DDE902304030F4F7DDFD7448008899
:10BFF000069948430290F4F761FA0399C1F8F400F6
:10C000006F4800880699484302900398D0F8F400DE
:10C0100001900299F4F7C5FB0398D0F8F400029060
:10C020000398807B019001220146DDE9023048300F
:10C03000F4F7B9FD624800880499484348430290E8
:10C04000F4F73CFA0399C1F8F8005D4800880499B8
:10C050004843484302900398D0F8F80001900299B1
:10C06000F4F79FFB0398D0F8F80002900398007B48
:10C0700001900398007B00900146DDE902305030CA
:10C08000019AF4F790FD4E480088049948434843CC
:10C090000290F4F713FA0399C1F8FC0048480088AD
:10C0A00004994843484302900398D0F8FC0001905B
:10C0B0000299F4F776FB0398D0F8FC0002900398FD
:10C0C000007B01900398007B00900146DDE902307F
:10C0D0005830019AF4F767FD3948008804994843BD
:10C0E00048430290F4F7EAF90399C1F80001344893
:10C0F00000880499484348430290F4F7DFF9039914
:10C10000C1F804012E48008804994843484302902E
:10C110000398D0F8000101900299F4F742FB2848F7
:10C12000008804994843484302900398D0F80401DA
:10C1300001900299F4F735FB0398D0F800010290C2
:10C140000398007B01900398007B00900146DDE995
:10C1500002306030019AF4F726FD0398D0F804010C
:10C1600002900398007B01900398007B00900146A9
:10C17000DDE902306830019AF4F715FD059878B3CF
:10C180000F48008804994843059948430290F4F702
:10C1900095F90399C1F808010948008804994843B2
:10C1A0000599484302900398D0F80801019002993C
:10C1B000F4F7F7FA0398D0F808010290039803E027
:10C1C000880300208A030020407B01900398007BB5
:10C1D00000900146DDE902307030019AF4F7E3FC8B
:10C1E000B948008806994843049948430290F4F7F7
:10C1F00065F90399C1F80C01B348008804994843D4
:10C20000069948430290F4F759F90399C1F81001CF
:10C21000AD48008806994843049948430290039822
:10C22000D0F80C0101900299F4F7BBFAA6480088F7
:10C23000049948430699484302900398D0F81001A6
:10C2400001900299F4F7ADFA0398D0F80C0102902E
:10C250000398007B01900398807B00900146DDE904
:10C2600002307830019AF4F79EFC0398D0F8100160
:10C2700002900398807B01900398007B0090014618
:10C28000DDE902308030019AF4F78DFC8E48008899
:10C290000499484348430290F4F710F90399C1F810
:10C2A0001401894800880499484348430290039840
:10C2B000D0F8140101900299F4F773FA0398D0F8BA
:10C2C000140102900398007B01900398007B00907A
:10C2D0000146DDE902308830019AF4F764FC7A48BF
:10C2E00000880699484348430290F4F7E7F8039919
:10C2F000C1F81801744800880699484348430290E1
:10C300000398D0F8180101900299F4F74AFA0398BB
:10C31000D0F8180102900398807B01900398807BED
:10C3200000900146DDE902309030019AF4F73BFCC1
:10C330006548008804994843069948430290F4F7F9
:10C34000BDF80399C1F81C015F480088049948436F
:10C350000699484302900398D0F81C010190029975
:10C36000F4F71FFA0398D0F81C0102900398807B21
:10C3700001900398007B00900146DDE9023098307F
:10C38000019AF4F710FC0398007B4F490988484351
:10C390000399097B48430290F4F790F80399C1F898
:10C3A00020010398007B4849098848430399097B89
:10C3B00048430290F4F782F80399C1F824010398E6
:10C3C000007B4149098848430399097B484302900F
:10C3D000F4F774F80399C1F828010398007B3A49EF
:10C3E000098848430290F4F769F80399C1F82C01D1
:10C3F0000398007B3449098848430290F4F75EF8BB
:10C400000399C1F830010398D0F8200102900398F5
:10C41000007B01900398007B00900146DDE902302B
:10C42000A030019AF4F7BFFB0398D0F824010290E2
:10C430000398007B01900398007B00900146DDE9A2
:10C440000230A830019AF4F7AEFB0398D0F8280127
:10C4500002900398007B01900398007B00900146B6
:10C46000DDE90230B030019AF4F79DFB0398D0F873
:10C470002C0102900398007B019001220146DDE926
:10C480000230B830F4F78FFB0398D0F830010290F7
:10C490000398007B019001220146DDE90230C030A3
:10C4A000F4F781FB0021039880F82810039880F8A6
:10C4B0002910039880F82A10039880F82B1003980D
:10C4C00080F82C1007B000BD8803002070B504462A
:10C4D000E07B18B12046FEF78DF911E0A37B0E4DED
:10C4E0002D8803FB05F26168D4F8F400F4F7FDF839
:10C4F000A27B094B1B8802FB03F16068F4F751F93A
:10C50000637B054D2D8803FB05F2A168D4F8F0008C
:10C51000F4F7EBF870BD00008803002010B5044666
:10C5200094F82C0068BBB4F89800A4F8A8007A200E
:10C53000015BAA200153B4F8A800A4F8B0005A2067
:10C54000015BB220015304F1A80204F1780104F167
:10C550009800F4F793FC84F8C80004F1B00204F1E9
:10C56000580104F1A800F4F789FC84F8C80004F12C
:10C57000500204F1B00104F15800F4F717FD84F8FB
:10C58000C80010BD10B5044694F8290068BB04F13A
:10C59000680104F16000F4F769FD84F8C80004F153
:10C5A000580204F1500104F16000F4F767FC84F8CC
:10C5B000C800B4F85800A4F8A8006A20015BAA20BB
:10C5C000015304F1A80204F1680104F15800F4F7E2
:10C5D00055FC84F8C80004F1580204F1880104F104
:10C5E000A800F4F781FA84F8C80010BD10B504461D
:10C5F00094F82A00002861D104F1800104F1780048
:10C60000F4F734FD84F8C800B4F87800A4F8A80062
:10C610005A20015BAA20015304F1A80204F1580139
:10C6200004F17800F4F72AFC84F8C800B4F8A800F4
:10C63000A4F8B0008220015BB220015304F1B002E3
:10C6400004F1800104F1A800F4F718FC84F8C80094
:10C65000B4F89000A4F8A0009220015BA22001533E
:10C6600004F1A00204F1900104F1B000F4F73CFAE7
:10C6700084F8C80004F1B00104F1A000F4F798FABE
:10C6800084F8C800B4F85800A4F8A8008220015B20
:10C69000AA20015304F1A80204F1800104F158001A
:10C6A000F4F7ECFB84F8C80004F1980204F1B0013F
:10C6B00004F1A800F4F7E2FB84F8C80010BD000004
:10C6C00070B504462046FFF701FFD4F8CC0018B13E
:10C6D0002046D4F8CC108847204600F085F8D4F8DE
:10C6E000D00018B12046D4F8D01088472046FFF774
:10C6F00049FFD4F8D40018B12046D4F8D4108847A4
:10C70000207C08B9E07BB8B92046FFF76FFFD4F86A
:10C71000D80018B12046D4F8D8108847204600F039
:10C72000A1F8D4F8DC0018B12046D4F8DC10884712
:10C730002046FFF7F3FE13E0237B2A4D2D8803FBF1
:10C7400005F2D4E93A01F3F7D0FF237B254D2D887C
:10C750006B43257B03FB05F2D4E93E01F3F7C5FFEC
:10C76000D4F8E00018B12046D4F8E0108847002043
:10C7700022E0227B00FB0202D4F8F81001EB8201D8
:10C7800091ED000A216A01EB8001D1ED000AB4EEBF
:10C79000E00AF1EE10FA0DD2216A01EB800191ED71
:10C7A000000A227B00FB0202D4F8F81001EB8201A0
:10C7B00081ED000A411CC8B2217B8142D9DC237B78
:10C7C000084D2D8803FB05F2D4F8E8102068F3F734
:10C7D0008CFFD4F8E40018B12046D4F8E410884760
:10C7E000206870BD8803002010B5044694F8280026
:10C7F00060BB607B00282ADD207BA4F8B800012103
:10C80000BA20015304F1B80204F1300104F16000D0
:10C81000F4F734FB84F8C800207BA4F8C0000121A1
:10C82000C220015304F1C00204F1400104F1700080
:10C83000F4F724FB84F8C80004F1380204F1C001C5
:10C8400004F1B800F4F750F984F8C80009E004F1E5
:10C85000380204F1300104F16000F4F70FFB84F8B2
:10C86000C80010BD10B5044694F82B00E0BBB4F826
:10C870007800A4F8B8000121BA20015304F1B802ED
:10C8800004F1380104F17800F4F7F8FA84F8C800EC
:10C89000B4F84800A4F8C0000121C220015304F1FB
:10C8A000C00204F1B80104F14800F4F77FFB84F8FA
:10C8B000C800B4F89800A4F8B8000121BA200153C8
:10C8C00004F1B80204F1C00104F19800F4F7D6FABB
:10C8D00084F8C80004F1300204F1B80104F1380012
:10C8E000F4F702F984F8C80010BD000010B52DED72
:10C8F000068BB0EE408B044628EE080BB0EE409B52
:10C90000B0EE081BB0EE480B0CF020FEB0EE40ABD2
:10C910009FED6D0B28EE000B9FED6D1B09EE010BDB
:10C920009FED6D1B0AEE410B9FED6D1B30EE410B31
:10C9300084ED000B9FED6C0B28EE000B9FED6C1B44
:10C9400009EE410B9FED6C1B0AEE010B9FED6C1B7A
:10C9500030EE010B84ED020B9FED6B0B28EE000B0C
:10C960009FED6B1B09EE410B9FED6B1B0AEE010B5C
:10C970009FED6B1B30EE410B84ED040B9FED6A0BBA
:10C9800028EE000B9FED6A1B09EE410B9FED6A1B21
:10C990000AEE010B9FED6A1B30EE010B84ED060BD6
:10C9A0009FED690B28EE000B9FED691B09EE010B53
:10C9B0009FED691B0AEE010B9FED691B30EE410BE9
:10C9C00084ED080B9FED680B28EE000B9FED681BB4
:10C9D00009EE410B9FED681B0AEE010B9FED681BF2
:10C9E00030EE010B84ED0A0B9FED670B28EE000B78
:10C9F0009FED671B09EE410B9FED671B0AEE010BD4
:10CA00009FED671B30EE410B84ED0C0B9FED660B29
:10CA100028EE000B9FED661B09EE410B9FED661B98
:10CA20000AEE010B9FED661B30EE010B84ED0E0B41
:10CA30009FED650B28EE000B9FED651B09EE410B8A
:10CA40009FED651B0AEE010B9FED651B30EE010BA0
:10CA500084ED100B9FED640B28EE000B9FED641B23
:10CA600009EE410B9FED641B0AEE410B9FED641B29
:10CA700030EE010B84ED120B9FED630B28EE000BE3
:10CA80009FED631B09EE010B9FED631B0AEE410B4B
:10CA90009FED631B30EE010B84ED140B9FED620BD9
:10CAA00028EE000B9FED621B09EE410B9FED621B10
:10CAB0000AEE010B9FED621B30EE410B84ED160B6D
:10CAC000BDEC068B10BD0000DD22B3882FC058C01E
:10CAD000BA55A27E2AD65E407305E9776776514043
:10CAE0002E22FDA8B1220F40D04871DF8F47794038
:10CAF000D424F9572199924028454CFAF54E92409A
:10CB00004249FEFE22883540431469F664F2F6BFBE
:10CB10009FBB9EE7E6753840669B626AEB00374034
:10CB2000A9CF920890F8E03F1EBE8294FF8B42404E
:10CB300041D6114E4D6D454078CE3B27658B414027
:10CB400002D9D00A1E770240DC89BD13525F18C09B
:10CB5000FF233ED086170540C3055C11D02B17403C
:10CB60008661D113D732CB3FEEEA5D2C07D218C0D5
:10CB700059885F91378F3D40212FAA4E6217494057
:10CB8000866A553DA8DB2B40F32C2B5A1D1125C07E
:10CB90005FAB46179EB101406836A4B8E6AE32409E
:10CBA00057F774849996E53F5246E304CCD629C0E2
:10CBB000AD1401D8FC4A4740B0EBB8DBCEE254409C
:10CBC0002076BB1EC1733B402DB3D08FD19C23C0B8
:10CBD0009BE062D6987451407D62F75C81AF5B4008
:10CBE00068DBAD06B1393C404CC2331DA9BF74406F
:10CBF000029EE893C92A6A40875AEF6629506B4023
:10CC000010DB46872E1C27404FFB7EC53E892CC07B
:10CC10006FB5688975AD4440514C3367688A4140AF
:10CC20000A18C147856D1240CEEF3984B7145440BD
:10CC30004356E2D84FAF674038263BADB91F62403C
:10CC4000AC21C9A90EA2224070B52DED0A8BF0EEE1
:10CC5000409AB0EE608A04460D469FED220AB0EE7F
:10CC600040BA9FED210AF0EE408A9FED200AB0EE17
:10CC700040AA89EE8B0A20EE280AB0EE409A28EEF0
:10CC8000A80A09EE090A0AEE4A0AF0EE000A68EE5E
:10CC9000A00A60EE890A80EE201AB7EEC10AB0EE53
:10CCA00040CB04F0C5FFB7EEC00BF0EE40AA78EE23
:10CCB0002A0AB0EE600A9FED0E1ADFED0E0A0BF0A5
:10CCC000C7FF84ED000A78EE6A0AB0EE600A9FEDB5
:10CCD000081ADFED080A0BF0BBFF85ED000ABDEC7A
:10CCE0000A8B70BD3D0A573EF90FE93D713D0A3E82
:10CCF000DB0F4940DB0F49C008B500BF4148006861
:10CD000040F001003F4908600846006800F001005B
:10CD1000009000BF00BF00BF0846006840F002005E
:10CD200008600846006800F00200009000BF00BFE5
:10CD3000002205210B20F9F709FC0B20F9F7F2FB83
:10CD4000002205210C20F9F701FC0C20F9F7EAFB81
:10CD5000002205210D20F9F7F9FB0D20F9F7E2FB80
:10CD6000002205210E20F9F7F1FB0E20F9F7DAFB7E
:10CD7000002205210F20F9F7E9FB0F20F9F7D2FB7C
:10CD8000002205211020F9F7E1FB1020F9F7CAFB7A
:10CD9000002205211120F9F7D9FB1120F9F7C2FB78
:10CDA000002205212F20F9F7D1FB2F20F9F7BAFB3C
:10CDB000002205213820F9F7C9FB3820F9F7B2FB2A
:10CDC000002205213920F9F7C1FB3920F9F7AAFB28
:10CDD000002205213A20F9F7B9FB3A20F9F7A2FB26
:10CDE000002205213B20F9F7B1FB3B20F9F79AFB24
:10CDF000002205213C20F9F7A9FB3C20F9F792FB22
:10CE000008BD0000D844025810B51E481E490860ED
:10CE10000020886000211C48C16001744174817445
:10CE200003214161012181611721C1610821016252
:10CE3000032141620A2181621721C1620821016335
:10CE400000214163012181630021C163022101644A
:10CE500004214164002181640421C1640021016531
:10CE600004214165002181651C21C1650421016601
:10CE70000021416604218166F8F744FC08B1F6F709
:10CE800049F810BD00A000409C14002010B51F48B8
:10CE90001F4908600020886000211D48C16001749E
:10CEA0004174817403214161012181611721C161B4
:10CEB00008210162032141620A2181621721C162B6
:10CEC0000821016340F25531416301218163002152
:10CED000C1630221016404214164002181640421B1
:10CEE000C1640021016504214165002181651E2185
:10CEF000C165022101660021416604218166F8F7BF
:10CF000001FC08B1F6F706F810BD000000A40040CF
:10CF10003C15002010B51F481F490860002088609C
:10CF200000211D48C1600174417481740321416175
:10CF3000012181611721C161082101620321416240
:10CF40000A2181621721C1620821016340F2AA61AE
:10CF50004163012181630021C16302210164042135
:10CF60004164002181640421C16400210165042120
:10CF70004165002181651E21C165022101660021F4
:10CF8000416604218166F8F7BDFB08B1F5F7C2FFE1
:10CF900010BD000000D40040DC15002000B5ABB08F
:10CFA0001C22244924A8F3F7A0FB002124A80BF09D
:10CFB000EEFE214908601C221E491C311DA8F3F712
:10CFC00094FB00211DA80BF0E2FE1C4908601C2206
:10CFD0001849383116A8F3F788FB002116A80BF082
:10CFE000D6FE174908601C22124954310FA8F3F7E6
:10CFF0007CFB00210FA80BF0CAFE124908601C221E
:10D000000C49703108A8F3F770FB002108A80BF059
:10D01000BEFE0D4908601C2206498C3101A8F3F7B9
:10D0200064FB002101A80BF0B2FE084908602BB098
:10D0300000BD000080B50108DC030020C80300200B
:10D04000CC030020D0030020D4030020D80300200C
:10D0500000B587B0142102A8F3F7A3FB00BF4A482C
:10D06000006840F01000484908600846006800F079
:10D070001000019000BF00BF00BF0846006840F0EC
:10D08000040008600846006800F00400019000BF3A
:10D0900000BF00BF0846006840F0800008600846F6
:10D0A000006800F08000019000BF00BF00BF08468C
:10D0B000006840F0010008600846006800F00100C8
:10D0C000019000BF00BF00BF0846006840F00200AA
:10D0D00008600846006800F00200019000BF00BF31
:10D0E00000BF0846006840F0080008600846006875
:10D0F00000F00800019000BF00BF01224CF20901BE
:10D100002248F9F75FF9012211462148F9F75AF947
:10D110004FF44040029001200390002004900590BD
:10D1200002A91A48F9F756F8092002900120039045
:10D13000002004900320059002A91448F9F74AF84A
:10D14000012002900390002004900320059002A982
:10D150000F48F9F73FF84FF4A05002904FF48810B1
:10D1600003900020049002A90A48F9F733F800213F
:10D170004FF00060FBF72EFF00214FF08070FBF7AF
:10D1800029FF07B000BD0000E04402580008025823
:10D19000000002580010025810B5164816490860E1
:10D1A0004FF4800048600021134881600721C1606E
:10D1B0004FF0007101614910416189008161C9002E
:10D1C000C1610021016241628162C1624FF0804110
:10D1D000416300218163C163016441648164C1646E
:10D1E000016541658165FBF741FB08B1F5F792FEEA
:10D1F00010BD0000003800407C16002000B587B04C
:10D2000000200390049005900690009001900290F9
:10D210001548164908604FF489704860002113488A
:10D2200081604FF6FF71C160002101614161816140
:10D23000FBF750FF08B1F5F76DFE4FF480500390F7
:10D2400003A90A48FCF776F808B1F5F763FE002059
:10D2500000900190029069460448FBF7C9FE08B1AE
:10D26000F5F758FE07B000BD00000140F41700209C
:10D2700000B58BB00020089009900A901C2101A8ED
:10D28000F3F78FFA1848194908604FF4897048601D
:10D2900000211648816042F20F71C16000210161D6
:10D2A00080218161FCF795FA08B1F5F733FE002083
:10D2B00008900A9008A90D48FBF79AFE08B1F5F707
:10D2C00029FE6020019000200290039005900C221E
:10D2D00001A90648FCF7C5F908B1F5F71BFE03489C
:10D2E000FCF790F90BB000BD00040040401800208E
:10D2F00010B5194819490860194848604FF4805121
:10D30000164881604900C160C91001610C2141616A
:10D3100000218161C1610162416200200F49886280
:10D320000846FCF77AFE08B1F5F7F4FD00210B483A
:10D33000FCF7E6FB08B1F5F7EDFD00210748FCF727
:10D34000B0FB08B1F5F7E6FD0448FCF75BFB08B15C
:10D35000F5F7E0FD10BD0000005000408C180020E3
:10D36000A086010010B51848184908604FF4E13054
:10D370004860002115488160C16001610C21416154
:10D3800000218161C1610162416200200F49886210
:10D390000846FCF742FE08B1F5F7BCFD00210B483A
:10D3A000FCF7AEFB08B1F5F7B5FD00210748FCF727
:10D3B00078FB08B1F5F7AEFD0448FCF723FB08B194
:10D3C000F5F7A8FD10BD00000078004020190020EE
:10D3D00010B51848184908604FF4E1304860002142
:10D3E00015488160C16001610C21416100218161AA
:10D3F000C1610162416200200F4988620846FCF762
:10D400000CFE08B1F5F786FD00210B48FCF778FB10
:10D4100008B1F5F77FFD00210748FCF742FB08B192
:10D42000F5F778FD0448FCF7EDFA08B1F5F772FD61
:10D4300010BD0000001C0140701B002010B51848F2
:10D44000184908604FF4E1304860002115488160B8
:10D45000C16001610C21416100218161C1610162F2
:10D46000416200200F4988620846FCF7D6FD08B1EA
:10D47000F5F750FD00210B48FCF742FB08B1F5F72A
:10D4800049FD00210748FCF70CFB08B1F5F742FD08
:10D490000448FCF7B7FA08B1F5F73CFD10BD0000F1
:10D4A00000100140B419002010B51948194908604E
:10D4B00019484860002117488160C16001610C2152
:10D4C000416100218161C161016241620020114915
:10D4D000886200231A4619460E48FBF733F808B154
:10D4E000F5F718FD00210B48FCF70AFB08B1F5F72A
:10D4F00011FD00210748FCF7D4FA08B1F5F70AFD41
:10D500000448FCF77FFA08B1F5F704FD10BD0000F0
:10D5100000440040481A0020003E490010B5194858
:10D520001949086019484860002117488160C160A6
:10D5300001610C21416100218161C161016241628F
:10D5400000201149886200231A4619460E48FAF74E
:10D55000F9FF08B1F5F7DEFC00210B48FCF7D0FA23
:10D5600008B1F5F7D7FC00210748FCF79AFA08B193
:10D57000F5F7D0FC0448FCF745FA08B1F5F7CAFC0A
:10D5800010BD000000480040DC1A0020003E4900A9
:10D5900000BFFEE710B5FA48D0F8800000680068C8
:10D5A00000F4002000287DD1F6480068F649884242
:10D5B00058D0F4480068F4491831884252D0F148F4
:10D5C0000068F149303188424CD0EE480068EE499D
:10D5D0004831884246D0EB480068EB4960318842C8
:10D5E00040D0E8480068E849783188423AD0E548B8
:10D5F0000068E5499031884234D0E2480068E24949
:10D60000A83188422ED0DF480068E049884229D0FE
:10D61000DC480068DD491831884223D0D9480068C9
:10D62000DA49303188421DD0D6480068D7494831A0
:10D63000884217D0D3480068D4496031884211D05D
:10D64000D0480068D149783188420BD0CD48006875
:10D65000CE499031884205D0CA480068CB49A831EC
:10D66000884208D1C7480068006820F00100C54919
:10D670000968086007E0C3480068006820F00100FE
:10D68000C04909680860BF4800684068C0F58070FC
:10D69000BF4908804FF48070BA4909684860B948AA
:10D6A000006800E081E0006840F40020B5490968A6
:10D6B0000860B4480068B449884258D0B14800684E
:10D6C000B1491831884252D0AE480068AE49303175
:10D6D00088424CD0AB480068AB494831884246D0BC
:10D6E000A8480068A8496031884240D0A548006831
:10D6F000A549783188423AD0A2480068A2499031C1
:10D70000884234D09F4800689F49A83188422ED073
:10D710009C4800689D49884229D09A4800689B49E6
:10D720001831884223D097480068984930318842A0
:10D730001DD09448006895494831884217D09148D7
:10D74000006892496031884211D08E4800688F4944
:10D75000783188420BD08B4800688C4990318842E0
:10D7600005D0884800688949A831884208D1854891
:10D770000068006840F0010082490968086007E01D
:10D7800080480068006840F001007E490968086030
:10D790007F4801887F480BF047FE80217D48F2F7E3
:10D7A000DEFF072009F0BAFF0AE1764800687649F3
:10D7B000884258D07348006873491831884252D063
:10D7C000704800687049303188424CD06D4800681C
:10D7D0006D494831884246D06A4800686A496031DC
:10D7E000884240D0674800686749783188423AD01B
:10D7F0006448006864499031884234D061480068C8
:10D800006149A83188422ED05E4800685F4988424D
:10D8100029D05C4800685D491831884223D05948B6
:10D8200000685A49303188421DD05648006857492F
:10D830004831884217D053480068544960318842C3
:10D8400011D0504800685149783188420BD04D487A
:10D8500000684E499031884205D04A4800684B49DB
:10D86000A831884208D147480068006820F00100CC
:10D8700044490968086007E042480068006820F0F1
:10D8800001004049096808603E4800684068C0F5EA
:10D8900080703F4908804FF480703A4909684860B9
:10D8A00038480068006820F400203649096808609C
:10D8B000344800683449884258D0324800683249B8
:10D8C0001831884252D02F4800682F4930318842A1
:10D8D0004CD02C4800682C494831884246D0294811
:10D8E000006829496031884240D0264800682649AE
:10D8F000783188423AD023480068234990318842E1
:10D9000034D0204800682049A83188422ED01D48D4
:10D9100000681E49884229D01A4800681B491831FE
:10D92000884223D0174800681849303188421DD0FA
:10D930001448006815494831884217D011480068DA
:10D9400012496031884211D00E4800680F49783181
:10D9500088420BD00B4800680C499031884205D0B2
:10D96000084800680949A831884215D1054800686F
:10D97000006840F0010003490968086014E00000F5
:10D98000701B0020B4200020100002401004024050
:10D990002E030020000000240A480068006840F0C0
:10D9A00001000849096808600748018807480BF02A
:10D9B0003BFD80210548F2F7D2FE072009F0AEFEBC
:10D9C00010BD0000B42000202E03002080000024A1
:10D9D000F048D0F880000068006800F400200028BB
:10D9E0007ED1ED480068ED49884258D0EA48006889
:10D9F000EA491831884252D0E7480068E749303197
:10DA000088424CD0E4480068E4494831884246D016
:10DA1000E1480068E1496031884240D0DE48006852
:10DA2000DE49783188423AD0DB480068DB499031E2
:10DA3000884234D0D8480068D849A83188422ED0CE
:10DA4000D5480068D649884229D0D3480068D449CF
:10DA50001831884223D0D0480068D14930318842FB
:10DA60001DD0CD480068CE494831884217D0CA48F9
:10DA70000068CB496031884211D0C7480068C84966
:10DA8000783188420BD0C4480068C549903188423B
:10DA900005D0C1480068C249A831884208D1BE48B3
:10DAA0000068006820F00100BB490968086007E0D1
:10DAB000B9480068006820F00100B74909680860AB
:10DAC0001420B54909684860B3480068006840F40C
:10DAD0000020B14909680860AF480068AF4900E01C
:10DAE0006CE0884258D0AC480068AC491831884294
:10DAF00052D0A9480068A949303188424CD0A64884
:10DB00000068A6494831884246D0A3480068A34926
:10DB10006031884240D0A0480068A04978318842EE
:10DB20003AD09D4800689D499031884234D09A4847
:10DB300000689A49A83188422ED0974800689849D1
:10DB4000884229D09448006895491831884223D0EA
:10DB5000914800689249303188421DD08E48006853
:10DB60008F494831884217D08B4800688C49603112
:10DB7000884211D0884800688949783188420BD0A2
:10DB80008548006886499031884205D082480068FF
:10DB90008349A831884208D17F480068006840F076
:10DBA00001007D4909680860F2E07B480068006870
:10DBB00040F00100784909680860E9E076480068AB
:10DBC0007649884258D074480068744918318842B0
:10DBD00052D0714800687149303188424CD06E484B
:10DBE00000686E494831884246D06B4800686B49EE
:10DBF0006031884240D0684800686849783188427E
:10DC00003AD06548006865499031884234D062480E
:10DC100000686249A83188422ED05F480068604998
:10DC2000884229D05C4800685D491831884223D079
:10DC3000594800685A49303188421DD0564800681A
:10DC400057494831884217D05348006854496031D9
:10DC5000884211D0504800685149783188420BD031
:10DC60004D4800684E499031884205D04A480068C6
:10DC70004B49A831884208D147480068006820F025
:10DC8000010045490968086007E0434800680068EA
:10DC900020F0010040490968086014203E490968E5
:10DCA00048603D480068006820F400203A4909684F
:10DCB0000860394800683949884258D036480068B9
:10DCC00036491831884252D03348006833493031E0
:10DCD00088424CD03048006830494831884246D0AC
:10DCE0002D4800682D496031884240D02A4800689C
:10DCF0002A49783188423AD027480068274990312C
:10DD0000884234D0244800682449A83188422ED063
:10DD1000214800682249884229D01F4800682049CC
:10DD20001831884223D01C4800681D493031884290
:10DD30001DD0194800681A494831884217D0164842
:10DD4000006817496031884211D0134800681449AF
:10DD5000783188420BD010480068114990318842D0
:10DD600005D00D4800680E49A831884208D10A48FC
:10DD70000068006840F0010007490968086007E092
:10DD800005480068006840F0010003490968086020
:10DD900070470000B41900206C1D002010000240E4
:10DDA0001004024010B5F848D0F880000068006800
:10DDB00000F4002000287DD1F4480068F44988422E
:10DDC00058D0F2480068F2491831884252D0EF48E2
:10DDD0000068EF49303188424CD0EC480068EC498B
:10DDE0004831884246D0E9480068E94960318842B4
:10DDF00040D0E6480068E649783188423AD0E348A6
:10DE00000068E3499031884234D0E0480068E04936
:10DE1000A83188422ED0DD480068DE49884229D0EA
:10DE2000DA480068DB491831884223D0D7480068B7
:10DE3000D849303188421DD0D4480068D54948318E
:10DE4000884217D0D1480068D2496031884211D049
:10DE5000CE480068CF49783188420BD0CB48006863
:10DE6000CC499031884205D0C8480068C949A831DA
:10DE7000884208D1C5480068006820F00100C34905
:10DE80000968086007E0C1480068006820F00100E8
:10DE9000BE4909680860BD4800684068C0F12400B8
:10DEA000BD4908802420B94909684860B74800681E
:10DEB000006800E07FE040F40020B4490968086091
:10DEC000B2480068B249884258D0B0480068B049AA
:10DED0001831884252D0AD480068AD49303188428F
:10DEE0004CD0AA480068AA494831884246D0A74881
:10DEF0000068A7496031884240D0A4480068A4491E
:10DF0000783188423AD0A1480068A14990318842CE
:10DF100034D09E4800689E49A83188422ED09B4844
:10DF200000689C49884229D098480068994918316E
:10DF3000884223D0954800689649303188421DD0E8
:10DF40009248006893494831884217D08F4800684A
:10DF500090496031884211D08C4800688D497831F1
:10DF600088420BD0894800688A499031884205D0A0
:10DF7000864800688749A831884208D183480068EC
:10DF8000006840F0010081490968086007E07F48A7
:10DF90000068006840F001007C49096808607E481C
:10DFA0000088122806D17D497D480BF08BFB0020AC
:10DFB00009F0B4FB09E1754800687549884258D0FA
:10DFC0007248006872491831884252D06F48006820
:10DFD0006F49303188424CD06C4800686C494831F8
:10DFE000884246D06948006869496031884240D01B
:10DFF000664800686649783188423AD063480068CC
:10E0000063499031884234D0604800686049A83143
:10E0100088422ED05D4800685E49884229D05B481E
:10E0200000685C491831884223D058480068594933
:10E03000303188421DD055480068564948318842E1
:10E0400017D05248006853496031884211D04F4878
:10E0500000685049783188420BD04C4800684D49DF
:10E060009031884205D0494800684A49A831884221
:10E0700008D146480068006820F00100434909685B
:10E08000086007E041480068006820F001003F494F
:10E09000096808603D4800684068C0F124003E49B6
:10E0A00008802420394909684860384800680068B9
:10E0B00020F4002035490968086034480068344974
:10E0C000884258D03148006831491831884252D0CE
:10E0D0002E4800682E49303188424CD02B480068C9
:10E0E0002B494831884246D0284800682849603189
:10E0F000884240D0254800682549783188423AD086
:10E100002248006822499031884234D01F48006874
:10E110001F49A83188422ED01C4800681D498842FA
:10E1200029D01A4800681B491831884223D0174863
:10E1300000681849303188421DD0144800681549DC
:10E140004831884217D0114800681249603188422E
:10E1500011D00E4800680F49783188420BD00B4827
:10E1600000680C499031884205D008480068094988
:10E17000A831884216D105480068006840F00100C7
:10E1800002490968086015E08C180020041C002072
:10E1900010000240100402403C03002050100020F8
:10E1A0000001002409480068006840F001000749A8
:10E1B0000968086006480088122806D10549064803
:10E1C0000BF080FA002009F0A9FA10BD041C002011
:10E1D0003C030020501000202401002400B5F74823
:10E1E000D0F880000068006800F4002000287DD18D
:10E1F000F3480068F349884258D0F1480068F14973
:10E200001831884252D0EE480068EE4930318842D9
:10E210004CD0EB480068EB494831884246D0E8488A
:10E220000068E8496031884240D0E5480068E54927
:10E23000783188423AD0E2480068E2499031884219
:10E2400034D0DF480068DF49A83188422ED0DC484E
:10E250000068DD49884229D0D9480068DA49183178
:10E26000884223D0D6480068D749303188421DD033
:10E27000D3480068D4494831884217D0D048006854
:10E28000D1496031884211D0CD480068CE497831FB
:10E2900088420BD0CA480068CB499031884205D0EB
:10E2A000C7480068C849A831884208D1C4480068F6
:10E2B000006820F00100C2490968086007E0C04812
:10E2C0000068006820F00100BD4909680860BC488A
:10E2D00000684068C0F10400BC4908800420B849C7
:10E2E00009684860B6480068006800E07CE040F4D7
:10E2F0000020B34909680860B1480068B149884204
:10E3000058D0AF480068AF491831884252D0AC4865
:10E310000068AC49303188424CD0A9480068A9490E
:10E320004831884246D0A6480068A64960318842F4
:10E3300040D0A3480068A349783188423AD0A04829
:10E340000068A0499031884234D09D4800689D49BA
:10E35000A83188422ED09A4800689B49884229D02B
:10E360009748006898491831884223D0944800683B
:10E370009549303188421DD0914800689249483112
:10E38000884217D08E4800688F496031884211D08A
:10E390008B4800688C49783188420BD088480068E7
:10E3A00089499031884205D0854800688649A8315E
:10E3B000884208D182480068006840F00100804926
:10E3C0000968086007E07E480068006840F00100C6
:10E3D0007B49096808607D480088022803D17C4990
:10E3E0007C480BF019F807E17548006875498842C8
:10E3F00058D07348006873491831884252D0704829
:10E4000000687049303188424CD06D4800686D49D1
:10E410004831884246D06A4800686A49603188427B
:10E4200040D0674800686749783188423AD06448EC
:10E43000006864499031884234D06148006861497D
:10E44000A83188422ED05E4800685F49884229D0B2
:10E450005B4800685C491831884223D058480068FE
:10E460005949303188421DD05548006856494831D5
:10E47000884217D05248006853496031884211D011
:10E480004F4800685049783188420BD04C480068AA
:10E490004D499031884205D0494800684A49A83121
:10E4A000884208D146480068006820F001004449CD
:10E4B0000968086007E042480068006820F0010031
:10E4C0003F49096808603E4800684068C0F10400A0
:10E4D0003E49088004203A49096848603848006885
:10E4E000006820F400203649096808603448006854
:10E4F0003449884258D0324800683249183188423D
:10E5000052D02F4800682F49303188424CD02C48D7
:10E5100000682C494831884246D02948006829497A
:10E520006031884240D026480068264978318842C8
:10E530003AD02348006823499031884234D020489B
:10E5400000682049A83188422ED01D4800681E4925
:10E55000884229D01A4800681B491831884223D0C4
:10E56000174800681849303188421DD014480068A7
:10E5700015494831884217D0114800681249603166
:10E58000884211D00E4800680F49783188420BD07C
:10E590000B4800680C499031884205D00848006853
:10E5A0000949A831884217D105480068006840F041
:10E5B000010003490968086016E0000020190020E6
:10E5C0007C1C002010000240100402405203002076
:10E5D0004E0300204801002408480068006840F00D
:10E5E000010006490968086005480088022803D12F
:10E5F000044905480AF010FF00BD00007C1C002003
:10E60000520300204E0300204C01002470B5044644
:10E610004FF6FF70001BA0F57050AF3885B2094867
:10E62000006845620748FAF7A5FD03E00548006861
:10E63000406A85B24CF250308542F7DB0148FAF768
:10E640005FFE70BDF417002000BFFEE7B0EE401A79
:10E6500010B99FED540A704790ED0C0A80ED0D0A39
:10E66000C0ED060A80ED071A30EEC10A80ED0C0AF3
:10E6700090ED000AD0ED0C1A20EE210A80ED090A77
:10E6800090ED0C0AB7EEC02AB0EEC22B90ED030A53
:10E69000B7EEC03AB4EEC32BF1EE10FA16D290EDFD
:10E6A0000C0AD0ED0D1A30EE210AD0ED011A20EE41
:10E6B000210AB0EE002AC0EE021A90ED0F2A90ED6A
:10E6C0000A0A01EE820A80ED0A0A03E09FED350A8C
:10E6D00080ED0A0A90ED0A0AD0ED051AB4EEE10ABF
:10E6E000F1EE10FA04DD90ED050A80ED0A0A10E063
:10E6F00090ED0A0AD0ED051AF1EE611AB4EEE10AC6
:10E70000F1EE10FA05D290ED050AB1EE400A80ED67
:10E710000A0A90ED070AD0ED0E1A70EE611A90ED1C
:10E720000F2A81EE820AD0ED021AF1EE611A20EE74
:10E73000210A80ED0B0A90ED090AD0ED0A1A30EE9D
:10E74000210AD0ED0B1A30EE210A80ED080A90ED77
:10E75000080AD0ED041AB4EEE10AF1EE10FA04DD75
:10E7600090ED040A80ED080A10E090ED080AD0ED63
:10E77000041AF1EE611AB4EEE10AF1EE10FA05D2D4
:10E7800090ED040AB1EE400A80ED080A90ED0C0A03
:10E7900080ED0D0A90ED070A80ED0E0A90ED080A53
:10E7A00059E700000000000000B9704780ED000A42
:10E7B000C0ED010A80ED021AC0ED031A80ED0F2AA8
:10E7C000C0ED042A80ED053ADFED073AC0ED083AC6
:10E7D000C0ED0B3AC0ED0A3AC0ED093AC0ED0D3A72
:10E7E000C0ED0C3A00BFE0E70000000000B5AFB09C
:10E7F000B8216846F1F7D5FF49F202010020CDE9C2
:10E800000010022002901021039102210491059131
:10E810000691C0210791002108910991C00217902B
:10E8200040041B9001201D906846F8F753F908B189
:10E83000F4F770FB2FB000BD2DE9F04104460E4601
:10E8400000275548006800F00300032802D101208A
:10E85000BDE8F08150482838006820F080604E49BB
:10E8600028390860F7F7B4FD054606E0F7F7B0FD74
:10E87000401B022801D90320EAE7474828380068EE
:10E88000C0F3C0600028F1D100BF4348006820F405
:10E890007C30216840EA01303F490860A088401E72
:10E8A000C0F30800A168491E4FF47E4202EA4121EC
:10E8B0000843A189491ED20102EA01410843217C93
:10E8C000491E120202EA016108433349103108600F
:10E8D00000BF3148001D006820F0C0006169084396
:10E8E0002D49091D08600846006820F02000A16934
:10E8F00008432949091D08600846006820F01000F7
:10E9000008602548143000684FF6F8718843E169C3
:10E9100040EAC1002049143108601F48001D00680A
:10E9200040F010001C49091D08602EB90846006817
:10E9300040F40020086012E0012E08D11648001DA6
:10E94000006840F480101449091D086007E012486F
:10E95000001D006840F400100F49091D08600E48B2
:10E960002838006840F080600B4928390860F7F7C4
:10E970002FFD054606E0F7F72BFD401B022801D9C5
:10E98000032065E7044828380068C0F3C060002809
:10E99000F1D038465CE70000284402582DE9F041E8
:10E9A00004460E4600275548006800F0030003287F
:10E9B00002D10120BDE8F08150482838006820F0DD
:10E9C00080504E4928390860F7F702FD054606E0F9
:10E9D000F7F7FEFC401B022801D90320EAE747486D
:10E9E00028380068C0F340700028F1D100BF4348C8
:10E9F000006820F07C70218840EA01503F4908609F
:10EA0000A088401EC0F30800A168491E4FF47E4252
:10EA100002EA41210843A189491ED20102EA0141CB
:10EA20000843217C491E120202EA0161084333496E
:10EA30001831086000BF3148001D006820F44060B4
:10EA4000616908432D49091D08600846006820F4E3
:10EA50000070A16908432949091D0860084600683B
:10EA600020F48070086025481C3000684FF6F8716B
:10EA70008843E16940EAC10020491C3108601F4811
:10EA8000001D006840F480701C49091D08602EB903
:10EA90000846006840F48000086012E0012E08D1AA
:10EAA0001648001D006840F400001449091D086064
:10EAB00007E01248001D006840F080700F49091DF2
:10EAC00008600E482838006840F080500B4928390B
:10EAD0000860F7F77DFC054606E0F7F779FC401B78
:10EAE000022801D9032065E7044828380068C0F3EC
:10EAF00040700028F1D038465CE7000028440258F6
:10EB000010B50123C14CE3664FF6FF7303EA4203DD
:10EB1000A4F85C3023461B689B6843F040032468DC
:10EB2000A360BA4B1B681B6843F01003B74C246802
:10EB30002360B74B1B68B74CA34258D0B44B1B683B
:10EB4000B44C1834A34252D0B14B1B68B14C303492
:10EB5000A3424CD0AE4B1B68AE4C4834A34246D0C7
:10EB6000AB4B1B68AB4C6034A34240D0A84B1B6836
:10EB7000A84C7834A3423AD0A54B1B68A54C9034DE
:10EB8000A34234D0A24B1B68A24CA834A3422ED07F
:10EB90009F4B1B68A04CA34229D09D4B1B689E4CE9
:10EBA0001834A34223D09A4B1B689B4C3034A342A9
:10EBB0001DD0974B1B68984C4834A34217D0944BF8
:10EBC0001B68954C6034A34211D0914B1B68924C4A
:10EBD0007834A3420BD08E4B1B688F4C9034A342E9
:10EBE00005D08B4B1B688C4CA834A34208D1884BB2
:10EBF0001B681B6823F00103854C2468236007E031
:10EC0000834B1B681B6823F00103814C246823603D
:10EC10006EE07F4B1B687F4CA34258D07C4B1B6837
:10EC20007C4C1834A34252D0794B1B68794C303459
:10EC3000A3424CD0764B1B68764C4834A34246D056
:10EC4000734B1B68734C6034A34240D0704B1B68FD
:10EC5000704C7834A3423AD06D4B1B686D4C9034A5
:10EC6000A34234D06A4B1B686A4CA834A3422ED00E
:10EC7000674B1B68684CA34229D0654B1B68664CE8
:10EC80001834A34223D0624B1B68634C3034A34238
:10EC90001DD05F4B1B68604C4834A34217D05C4BBF
:10ECA0001B685D4C6034A34211D0594B1B685A4C11
:10ECB0007834A3420BD0564B1B68574C9034A34278
:10ECC00005D0534B1B68544CA834A34208D1504B79
:10ECD0001B681B6823F001034D4C2468236007E088
:10ECE0004B4B1B681B6823F00103494C24682360CD
:10ECF000474B1B681B6803F00103002B89D1434B72
:10ED00001B682433424C2468A360414B1B68D860C5
:10ED10003F4B1B6819613E4B1B685A603C4B1B689C
:10ED20001B6843F480233A4C24682360384B1B68EB
:10ED3000384CA34258D0364B1B68364C1834A3428B
:10ED400052D0334B1B68334C3034A3424CD0304B41
:10ED50001B68304C4834A34246D02D4B1B682D4CC9
:10ED60006034A34240D02A4B1B682A4C7834A3421B
:10ED70003AD0274B1B68274C9034A34234D0244B05
:10ED80001B68244CA834A3422ED0214B1B68224C74
:10ED9000A34229D01E4B1B681F4C1834A34223D01A
:10EDA0001B4B1B681C4C3034A3421DD0184B1B68F6
:10EDB000194C4834A34217D0154B1B68164C6034CD
:10EDC000A34211D0124B1B68134C7834A3420BD0D2
:10EDD0000F4B1B68104C9034A34205D00C4B1B68A2
:10EDE0000D4CA834A34208D1094B1B681B6843F0A3
:10EDF0000103074C2468236007E0054B1B681B6870
:10EE000043F00103024C2468236010BD8C180020DD
:10EE1000041C002010000240100402402DE9F047BD
:10EE200006460F4690469946DFF8B0A000BF9AF814
:10EE3000000008B902F0DAFC00BFEFF311810846C8
:10EE4000202181F3118800BF00BF244D002400BFA2
:10EE500004EB440205F1180101EBC201496801B954
:10EE600003E0641C2969A142F2DC00BF2969A142C8
:10EE70002ADD04EB440205F1180141F8326004EB8D
:10EE8000440201EBC2014F6004EB440205F118019A
:10EE900001EBC201C1F80880002204EB440305F134
:10EEA000180101EBC3010A6104EB440305F11801E9
:10EEB00001EBC301CA6004EB440205F1180101EB48
:10EEC000C201C1F8149001E04FF0FF34C1B281F3E8
:10EED000118800BF00BF2046BDE8F087685E0020B3
:10EEE0002DE9F05F05460F4690469946DFF860B081
:10EEF00000BF9BF8000008B902F078FC00BFDFF803
:10EF000050A0032D1FD2EFF311810846202181F379
:10EF1000118800BF00BF05EB45020AF1600101EB5B
:10EF2000C2043DB12760C4F80480C4F808900021F1
:10EF30002161E1600A996161C1B281F3118800BF6A
:10EF400000BF002601E04FF0FF363046BDE8F09FDD
:10EF5000685E00202DE9F74F82B0834617462648A9
:10EF6000009000BF0098007808B902F03FFC00BF95
:10EF70000BEB4B012048603000EBC106DDF80C9034
:10EF80003569D6F80CA04FF00008554517D9B06880
:10EF9000441BBC4201D2204600E03846044670685B
:10EFA00028440190224648460199F1F759FBA044B4
:10EFB000A1443F1B2544B068A84200D10025AAEB1C
:10EFC0000504BC4201D2204600E0384604465CB14C
:10EFD000706828440190224648460199F1F740FBA9
:10EFE000A044A1443F1B2544B8F1000F00D0356177
:10EFF000404605B0BDE8F08F685E00202DE9F74F70
:10F0000082B082461446DDF80CB00AEB4A01224871
:10F0100000EBC105D5F81090EE68686830440190A7
:10F02000B14528D8A868801B471EA7420AD32246AC
:10F0300059460198F1F714FB3019E860012005B03A
:10F04000BDE8F08F4F44A74223D3A868A0EB060881
:10F05000424659460198F1F703FBA4EB08043CB182
:10F06000686801900BEB080122460198F1F7F8FA65
:10F07000EC600120E3E7A9EB0600471EA74208D396
:10F08000224659460198F1F7EBFA3019E860012061
:10F09000D5E70020D3E70000805E002010B5064BC6
:10F0A000064A07480168006800F06AF84FF080508F
:10F0B00000F0A8FB10BD0000CD3A0108F0B6010831
:10F0C000F003002070B5EFF311800646202080F396
:10F0D000118800BF00BF284802F02AFC05462C46D4
:10F0E0002046264A516805E0CAB242F0800200F884
:10F0F000012BC9097F29F7D800F8011B04462046D7
:10F100001E4A916805E0CAB242F0800200F8012B65
:10F11000C9097F29F7D800F8011B04462046174A81
:10F12000116905E0CAB242F0800200F8012BC9095A
:10F130007F29F7D800F8011B04462046002105E08E
:10F14000CAB242F0800200F8012BC9097F29F7D822
:10F1500000F8011B044618222146284602F0ECFB69
:10F16000F0B280F3118800BF00BF0448406A10B1BC
:10F170000249486A804770BD486700202067002028
:10F18000F8B504460D4616461F4600234FF480622C
:10F190000F4910A0FFF742FE10494870084640781A
:10F1A000087600200090087E08230D4A09A1FFF789
:10F1B00097FE0020094908610A484068C86008466F
:10F1C000066244608560476200200870F8BD000058
:10F1D000206300205379735669657700206700200B
:10F1E00068040020001000E070B5EFF311800446C1
:10F1F000202080F3118800BF00BF074802F098FB71
:10F20000054611222946284602F096FBE0B280F31B
:10F21000118800BF00BF70BD486700202DE9F04194
:10F220000446EFF311800746202080F3118800BFC9
:10F2300000BF114802F07CFB05462E460F480069CE
:10F24000241A3046214605E0CAB242F0800200F896
:10F25000012BC9097F29F7D800F8011B06460822AF
:10F260003146284602F068FBF8B280F3118800BFEF
:10F2700000BFBDE8F0810000486700202067002043
:10F280002DE9F0410446EFF311800746202080F37A
:10F29000118800BF00BF114802F04AFB05462E4608
:10F2A0000F480069241A3046214605E0CAB242F0F0
:10F2B000800200F8012BC9097F29F7D800F8011B4B
:10F2C000064604223146284602F036FBF8B280F3A7
:10F2D000118800BF00BFBDE8F08100004867002032
:10F2E000206700202DE9F0410446EFF31180074626
:10F2F000202080F3118800BF00BF114802F018FBE6
:10F3000005462E460F480069241A3046214605E07E
:10F31000CAB242F0800200F8012BC9097F29F7D850
:10F3200000F8011B064606223146284602F004FB7F
:10F33000F8B280F3118800BF00BFBDE8F081000083
:10F3400048670020206700202DE9F041EFF311808D
:10F350000746202080F3118800BF00BF114802F04B
:10F36000E7FA0446254610480088C0F308062846F8
:10F37000314605E0CAB242F0800200F8012BC9090B
:10F380007F29F7D800F8011B0546022229462046AE
:10F3900002F0D2FAF8B280F3118800BF00BFBDE8D6
:10F3A000F08100004867002004ED00E070B5EFF345
:10F3B00011800446202080F3118800BF00BF074859
:10F3C00002F0B6FA054603222946284602F0B4FAAE
:10F3D000E0B280F3118800BF00BF70BD4867002015
:10F3E00070B5EFF311800446202080F3118800BF30
:10F3F00000BF074802F09CFA05461222294628461B
:10F4000002F09AFAE0B280F3118800BF00BF70BD2D
:10F410004867002070B50C48006A78B10A48006A55
:10F42000006858B10849096A0868804704460D46D3
:10F430002A4621460D2000F039F804E003484168CF
:10F440000C2000F005F870BD20670020001000E0DF
:10F450002DE9F04105460E46EFF31180804620204D
:10F4600080F3118800BF00BF0F4802F061FA044624
:10F4700027463846314605E0CAB242F0800200F81D
:10F48000012BC9097F29F7D800F8011B07462A4636
:10F490003946204602F050FA08F0FF0080F3118848
:10F4A00000BF00BFBDE8F081486700202DE9F047AC
:10F4B00006460F469046EFF311808146202080F3E8
:10F4C000118800BF00BF174802F032FA05462C46EB
:10F4D0002046394605E0CAB242F0800200F8012B0E
:10F4E000C9097F29F7D800F8011B04462046414688
:10F4F00005E0CAB242F0800200F8012BC9097F2959
:10F50000F7D800F8011B044632462146284602F08F
:10F5100013FA09F0FF0080F3118800BF00BFBDE8B7
:10F52000F08700004867002070B50446EFF31180B3
:10F530000546202080F3118800BF00BF074802F075
:10F54000F7F9064622463146304602F0F5F9E8B2B0
:10F5500080F3118800BF00BF70BD00004867002025
:10F560002DE9F04706462948006800284CD0274876
:10F570000468002703E0246904B902E07F1CB74255
:10F58000F9D300BF002C3AD0EFF311808146202040
:10F5900080F3118800BF00BF1D4802F0C9F9804602
:10F5A00045462846314605E0CAB242F0800200F8DE
:10F5B000012BC9097F29F7D800F8011B0546284609
:10F5C000A16805E0CAB242F0800200F8012BC90927
:10F5D0007F29F7D800F8011B0546802228462168BC
:10F5E00002F03CF9054616222946404602F0A4F9ED
:10F5F00009F0FF0080F3118800BF00BF00BF1CB1FD
:10F60000E06808B1E0688047BDE8F087700400203A
:10F610004867002010B50748006848B105480468ED
:10F6200000BFE06808B1E06880472469002CF8D189
:10F6300010BD00007004002070B5EFF31180064685
:10F64000202080F3118800BF00BF0F4802F070F93E
:10F650000446254628460D4A117805E0CAB242F014
:10F66000800200F8012BC9097F29F7D800F8011B97
:10F6700005461B222946204602F05EF9F0B280F3CF
:10F68000118800BF00BF70BD4867002074040020CF
:10F690002DE9F0410446EFF311800546202080F368
:10F6A000118800BF00BF0B4802F042F907468022D4
:10F6B0002146384602F0D2F806460E223146384638
:10F6C00002F03AF9E8B280F3118800BF00BFBDE84C
:10F6D000F0810000486700202DE9F0410546EFF376
:10F6E00011800746202080F3118800BF00BF3B48EF
:10F6F00002F01EF9064634462046394B2A681B693B
:10F70000D11A05E0CAB242F0800200F8012BC90903
:10F710007F29F7D800F8011B04462046A96805E0B8
:10F72000CAB242F0800200F8012BC9097F29F7D83C
:10F7300000F8011B044620222046696802F08EF87A
:10F74000044609222146304602F0F6F834462046A7
:10F75000234B2A681B69D11A05E0CAB242F0800225
:10F7600000F8012BC9097F29F7D800F8011B0446CE
:10F770002046E96805E0CAB242F0800200F8012B99
:10F78000C9097F29F7D800F8011B044620462969DA
:10F7900005E0CAB242F0800200F8012BC9097F29B6
:10F7A000F7D800F8011B04462046002105E0CAB244
:10F7B00042F0800200F8012BC9097F29F7D800F830
:10F7C000011B044615222146304602F0B5F8F8B276
:10F7D00080F3118800BF00BFBDE8F08148670020BA
:10F7E0002067002010B50648006A38B10448006A56
:10F7F000406818B10249096A4868804710BD000096
:10F800002067002001490861704700002067002040
:10F8100070B501203A490870EFF3118004462020AA
:10F8200080F3118800BF00BF48780A223549FFF7EE
:10F83000E5FBE0B280F3118800BF00BF0A20FFF7AC
:10F8400073FEEFF311800646202080F3118800BF7D
:10F8500000BF2D4802F06CF805462C462046284A89
:10F86000516805E0CAB242F0800200F8012BC909D4
:10F870007F29F7D800F8011B04462046204A9168EA
:10F8800005E0CAB242F0800200F8012BC9097F29C5
:10F89000F7D800F8011B04462046194A116905E013
:10F8A000CAB242F0800200F8012BC9097F29F7D8BB
:10F8B00000F8011B04462046002105E0CAB242F0D0
:10F8C000800200F8012BC9097F29F7D800F8011B35
:10F8D000044618222146284602F02EF8F0B280F3A2
:10F8E000118800BF00BF0648406A10B10449486A49
:10F8F0008047FFF78FFDFFF775FFFFF79DFE70BD97
:10F9000020670020D5B601084867002070B5EFF3E6
:10F9100011800546202080F3118800BF00BF0A48EF
:10F9200002F006F804460948007838B10B22214657
:10F93000204602F001F8002004490870E8B280F384
:10F94000118800BF00BF70BD4867002020670020FD
:10F950002DE9F0410546EFF311800646202080F3A3
:10F96000118800BF00BF194801F0E2FF074680225E
:10F970002946384601F072FF04462046012105E081
:10F98000CAB242F0800200F8012BC9097F29F7D8DA
:10F9900000F8011B04462046002105E0CAB242F0EF
:10F9A000800200F8012BC9097F29F7D800F8011B54
:10F9B00004461A222146384601F0BEFFF0B280F319
:10F9C000118800BF00BFBDE8F0810000486700203B
:10F9D00010B50248F8F704FE10BD00007C160020A8
:10F9E000026851690268926942F0080203689A61EC
:10F9F0000268926942F0100203689A610268126814
:10FA000022F0010203681A600268126940F26F3343
:10FA10009A4303681A610268926822F440420368BC
:10FA20009A6090F88120042A0ED001F020025AB189
:10FA3000D0F8842042F08002C0F8842002689269E5
:10FA400042F0200203689A6190F88120032A0ED0C8
:10FA500001F040025AB1D0F8842042F00402C0F80C
:10FA600084200268926942F0400203689A6101F4BE
:10FA700000725AB1D0F8842042F00102C0F884200C
:10FA80000268926942F4007203689A6101F480721C
:10FA90005AB1D0F8842042F00802C0F884200268ED
:10FAA000926942F4807203689A610022A0F8622091
:10FAB000A0F86A20704770B50546AC6B0020623430
:10FAC000208120800120E077623C2046F8F786FD07
:10FAD00070BD10B501460124C86B04EB5013C86813
:10FAE000421CD01DC20802FB03F010BD2DE9F041FD
:10FAF00006460D4617461C46DDF818800BE0F6F763
:10FB000067FCA0EB0800A04201D3601C00B914B947
:10FB10000320BDE8F081306840692840A84201D147
:10FB2000012000E00020B842E9D00020F1E7000009
:10FB30002DE9F84305460C4616461F46DDF82080A1
:10FB4000052221A12046F0F75FFD08B9BDE8F88342
:10FB50001F480068082803D31E48FFF7F9FEF5E7A1
:10FB60001B48006800EB80001B4941F820501848F2
:10FB7000006800EB800001EB8000446014480068DE
:10FB800000EB800001EB800086601148006800EB0C
:10FB9000800001EB8000C7600D48006800EB80002A
:10FBA00001EB8000C0F8108009480068401C08493B
:10FBB00008603B46324621462846CDF8008000F0DA
:10FBC0000DF800BFC2E7000049444C4500000000AA
:10FBD0007804002000BA01082C6800202DE9F041CB
:10FBE00086B004460D4616461F46DDF830801421C7
:10FBF00001A8F0F7D6FD0194029503960497CDF87D
:10FC0000148001A8FFF768FD06B0BDE8F08100BFD1
:10FC1000012009F0ABF8FBE710B5FFF795FB00BF3B
:10FC2000502080F31188BFF34F8FBFF36F8F00BF59
:10FC30000AF068FB30B14FF0805006490860FFF7CA
:10FC4000CFFB01E0FFF7B2FB00BF002080F311887B
:10FC500000BF10BD04ED00E000B59DB04C210AA826
:10FC6000F0F79FFD202102A8F0F79BFD0220F6F798
:10FC7000BFFC00BF002001902548006820F44040F0
:10FC8000234908600846006800F44040019000BF26
:10FC900000BF00BF1E48006800F40050B0F5005FD0
:10FCA000F8D101200A9000040B9002201390022149
:10FCB00014910321159144211691012117910221DC
:10FCC000189119910C211A9100211B914FF4C051E8
:10FCD0001C910AA8F8F788F808B1F3F71BF93F2040
:10FCE00002900320039000200490082005904020FB
:10FCF000069007900001089040200990032102A877
:10FD0000F7F74CFD08B1F3F705F91DB000BD000091
:10FD1000184802583A48006840F4700038490860B2
:10FD20003848006800F00F00072806D23548006800
:10FD300020F00F00C01D334908603348006840F0D0
:10FD400001003149086000202F49103108602E4819
:10FD500000682E4908402C4908602A48006800F0D5
:10FD60000F00072806D92748006820F00F00C01DA3
:10FD7000244908600020244918310860091D0860E2
:10FD8000091D086022482049283108602148091DC2
:10FD900008602148091D08600020091D08601E48F0
:10FDA000091D08600020091D08601B48091D086026
:10FDB0000020091D08601448006820F480201249C2
:10FDC000086000201049603108600F48D430006896
:10FDD00000F4805098B90C48D430006840F480504A
:10FDE0000949D431086043F2D2000C490860064842
:10FDF000D430006820F480500349D4310860704743
:10FE000088ED00E000200052004402587FEDF6EA41
:10FE1000000202020000FF018002010100400052C6
:10FE200010B50248F9F721FB10BD00002C2100207D
:10FE300010B502682E4B98420ED0B0F1804F0BD017
:10FE40002C4B984208D02C4B984205D02B4B984213
:10FE500002D02B4B984203D122F070024B681A4318
:10FE6000234B98421DD0B0F1804F1AD0214B9842BD
:10FE700017D0214B984214D0204B984211D0204BE0
:10FE800098420ED01F4B98420BD01F4B984208D07F
:10FE90001E4B984205D01E4B984202D01D4B9842F3
:10FEA00003D122F44072CB681A4322F080034C69DC
:10FEB00043EA04028B68C3620B6883620C4B98426E
:10FEC0000BD00F4B984208D00E4B984205D00E4BEA
:10FED000984202D00D4B984201D10B69036303682D
:10FEE00043F00403036001234361026010BD00007E
:10FEF000000001400004004000080040000C0040E9
:10FF0000000401400040014000440140004801401D
:10FF100000E0004000E4004030B501F01F0501247E
:10FF200004FA05F3046A9C430462046A01F01F05A5
:10FF300002FA05F52C43046230BD30B50C468168E9
:10FF400021F47F4142EA032525432943816030BDE6
:10FF50000A468168034B194042F007031943816048
:10FF6000704700008FFFCFFF30B5026A056A25F0A9
:10FF70000105056243688469204D2C4024F0030488
:10FF80000D682C4322F002028D682A431C4DA842C2
:10FF900000D10FE01B4DA84200D10BE01A4DA84242
:10FFA00000D107E0194DA84200D103E0184DA84246
:10FFB00006D100BF22F00802CD682A4322F00402D5
:10FFC0000F4DA8420BD00F4DA84208D00E4DA842AD
:10FFD00005D00E4DA84202D00D4DA84207D123F402
:10FFE000807323F400734D692B438D692B43436069
:10FFF00084614D684563026230BD00008FFFFEFFE3
:020000040801F1
:100000000000014000040140004001400044014064
:100010000048014030B5026A056A25F01005056206
:1000200043688469224D2C4024F440740D6844EAEE
:10003000052422F020028D6842EA05121D4DA842D7
:1000400000D10FE01C4DA84200D10BE01B4DA8428F
:1000500000D100BF1A4DA84200D100BF194DA842DF
:1000600007D106E022F08002CD6842EA051222F0B4
:100070004002104DA8420BD00F4DA84208D00F4DA2
:10008000A84205D00E4DA84202D00E4DA84209D17B
:1000900023F4806323F400634D6943EA85038D698B
:1000A00043EA8503436084614D688563026230BD25
:1000B000FF8FFFFE000001400004014000400140AE
:1000C000004401400048014030B5026A056A25F449
:1000D000807505624368C469224D2C4024F00304F6
:1000E0000D682C4322F400728D6842EA05221E4DF1
:1000F000A84200D10FE01D4DA84200D10BE01C4DDD
:10010000A84200D100BF1B4DA84200D100BF1A4D2C
:10011000A84207D106E022F40062CD6842EA052237
:1001200022F48062104DA8420BD0104DA84208D096
:100130000F4DA84205D00F4DA84202D00E4DA84247
:1001400009D123F4805323F400534D6943EA051386
:100150008D6943EA05134360C4614D68C56302625B
:1001600030BD00008FFFFEFF000001400004014091
:1001700000400140004401400048014030B5036A9E
:10018000056A25F4805505624468C269124D2A400B
:1001900022F440720D6842EA052223F400538D6870
:1001A00043EA05330D4DA8420BD00D4DA84208D0AF
:1001B0000C4DA84205D00C4DA84202D00B4DA842D0
:1001C00004D124F480444D6944EA85144460C2613A
:1001D0004D680564036230BDFF8FFFFE00000140E3
:1001E000000401400040014000440140004801403B
:1001F00030B5026A056A25F4803505624368446DAE
:10020000114D2C400D682C4322F400320D8942EA36
:1002100005420E4DA8420BD00D4DA84208D00D4D01
:10022000A84205D00C4DA84202D00C4DA84204D1E2
:1002300023F480334D6943EA0523436044654D68E8
:100240008565026230BD00008FFFFEFF00000140A7
:1002500000040140004001400044014000480140CA
:1002600030B5026A056A25F4801505624368446D5D
:10027000114D2C400D6844EA052422F400120D892A
:1002800042EA05520D4DA8420BD00D4DA84208D0B0
:100290000C4DA84205D00C4DA84202D00B4DA842EF
:1002A00004D123F480234D6943EA852343604465E8
:1002B0004D68C565026230BDFF8FFFFE0000014042
:1002C000000401400040014000440140004801405A
:1002D00030B50B461446026A056A25F00105056231
:1002E000816921F0F00141EA041122F00A021A4367
:1002F0008161026230BD30B50B461446026A056A60
:1003000025F010050562816921F4704141EA04314C
:1003100022F0A00242EA03128161026230BD0000B5
:1003200010B50123C14CE3664FF6FF7303EA4203A5
:10033000A4F85C3023461B689B6843F040032468A4
:10034000A360BA4B1B681B6843F01003B74C2468CA
:100350002360B74B1B68B74CA34258D0B44B1B6803
:10036000B44C1834A34252D0B14B1B68B14C30345A
:10037000A3424CD0AE4B1B68AE4C4834A34246D08F
:10038000AB4B1B68AB4C6034A34240D0A84B1B68FE
:10039000A84C7834A3423AD0A54B1B68A54C9034A6
:1003A000A34234D0A24B1B68A24CA834A3422ED047
:1003B0009F4B1B68A04CA34229D09D4B1B689E4CB1
:1003C0001834A34223D09A4B1B689B4C3034A34271
:1003D0001DD0974B1B68984C4834A34217D0944BC0
:1003E0001B68954C6034A34211D0914B1B68924C12
:1003F0007834A3420BD08E4B1B688F4C9034A342B1
:1004000005D08B4B1B688C4CA834A34208D1884B79
:100410001B681B6823F00103854C2468236007E0F8
:10042000834B1B681B6823F00103814C2468236005
:100430006EE07F4B1B687F4CA34258D07C4B1B68FF
:100440007C4C1834A34252D0794B1B68794C303421
:10045000A3424CD0764B1B68764C4834A34246D01E
:10046000734B1B68734C6034A34240D0704B1B68C5
:10047000704C7834A3423AD06D4B1B686D4C90346D
:10048000A34234D06A4B1B686A4CA834A3422ED0D6
:10049000674B1B68684CA34229D0654B1B68664CB0
:1004A0001834A34223D0624B1B68634C3034A34200
:1004B0001DD05F4B1B68604C4834A34217D05C4B87
:1004C0001B685D4C6034A34211D0594B1B685A4CD9
:1004D0007834A3420BD0564B1B68574C9034A34240
:1004E00005D0534B1B68544CA834A34208D1504B41
:1004F0001B681B6823F001034D4C2468236007E050
:100500004B4B1B681B6823F00103494C2468236094
:10051000474B1B681B6803F00103002B89D1434B39
:100520001B682433424C2468A360414B1B68D8608D
:100530003F4B1B6819613E4B1B685A603C4B1B6864
:100540001B6843F480233A4C24682360384B1B68B3
:10055000384CA34258D0364B1B68364C1834A34253
:1005600052D0334B1B68334C3034A3424CD0304B09
:100570001B68304C4834A34246D02D4B1B682D4C91
:100580006034A34240D02A4B1B682A4C7834A342E3
:100590003AD0274B1B68274C9034A34234D0244BCD
:1005A0001B68244CA834A3422ED0214B1B68224C3C
:1005B000A34229D01E4B1B681F4C1834A34223D0E2
:1005C0001B4B1B681C4C3034A3421DD0184B1B68BE
:1005D000194C4834A34217D0154B1B68164C603495
:1005E000A34211D0124B1B68134C7834A3420BD09A
:1005F0000F4B1B68104C9034A34205D00C4B1B686A
:100600000D4CA834A34208D1094B1B681B6843F06A
:100610000103074C2468236007E0054B1B681B6837
:1006200043F00103024C2468236010BD701B0020BE
:10063000B4200020100002401004024010B5012335
:10064000C14CE3664FF6FF7303EA4203A4F85C3043
:1006500023461B689B6843F040032468A360BA4BA1
:100660001B681B6843F01003B74C24682360B74B2A
:100670001B68B74CA34258D0B44B1B68B44C183419
:10068000A34252D0B14B1B68B14C3034A3424CD082
:10069000AE4B1B68AE4C4834A34246D0AB4B1B68F4
:1006A000AB4C6034A34240D0A84B1B68A84C7834B4
:1006B000A3423AD0A54B1B68A54C9034A34234D03A
:1006C000A24B1B68A24CA834A3422ED09F4B1B68A0
:1006D000A04CA34229D09D4B1B689E4C1834A342CA
:1006E00023D09A4B1B689B4C3034A3421DD0974BB0
:1006F0001B68984C4834A34217D0944B1B68954C08
:100700006034A34211D0914B1B68924C7834A342C1
:100710000BD08E4B1B688F4C9034A34205D08B4B73
:100720001B688C4CA834A34208D1884B1B681B68FB
:1007300023F00103854C2468236007E0834B1B688A
:100740001B6823F00103814C246823606EE07F4B1B
:100750001B687F4CA34258D07C4B1B687C4C1834E0
:10076000A34252D0794B1B68794C3034A3424CD011
:10077000764B1B68764C4834A34246D0734B1B68BB
:10078000734C6034A34240D0704B1B68704C78347B
:10079000A3423AD06D4B1B686D4C9034A34234D0C9
:1007A0006A4B1B686A4CA834A3422ED0674B1B6867
:1007B000684CA34229D0654B1B68664C1834A34291
:1007C00023D0624B1B68634C3034A3421DD05F4B77
:1007D0001B68604C4834A34217D05C4B1B685D4CCF
:1007E0006034A34211D0594B1B685A4C7834A34251
:1007F0000BD0564B1B68574C9034A34205D0534B3B
:100800001B68544CA834A34208D1504B1B681B688A
:1008100023F001034D4C2468236007E04B4B1B6819
:100820001B6823F00103494C24682360474B1B6875
:100830001B6803F00103002B89D1434B1B68243351
:10084000424C2468A360414B1B68D8603F4B1B6837
:1008500019613E4B1B685A603C4B1B681B6843F494
:1008600080233A4C24682360384B1B68384CA342E1
:1008700058D0364B1B68364C1834A34252D0334BF9
:100880001B68334C3034A3424CD0304B1B68304C87
:100890004834A34246D02D4B1B682D4C6034A342F4
:1008A00040D02A4B1B682A4C7834A3423AD0274BBD
:1008B0001B68274C9034A34234D0244B1B68244C33
:1008C000A834A3422ED0214B1B68224CA34229D02E
:1008D0001E4B1B681F4C1834A34223D01B4B1B68B4
:1008E0001C4C3034A3421DD0184B1B68194C4834A3
:1008F000A34217D0154B1B68164C6034A34211D08D
:10090000124B1B68134C7834A3420BD00F4B1B685F
:10091000104C9034A34205D00C4B1B680D4CA834EE
:10092000A34208D1094B1B681B6843F00103074C25
:100930002468236007E0054B1B681B6843F0010334
:10094000024C2468236010BDB41900206C1D0020E7
:10095000100002401004024010B50248F9F702F9F5
:1009600010BD00008C18002010B50123C14CE366B7
:100970004FF6FF7303EA4203A4F85C3023461B687A
:100980009B6843F040032468A360BA4B1B681B6854
:1009900043F01003B74C24682360B74B1B68B74C77
:1009A000A34258D0B44B1B68B44C1834A34252D065
:1009B000B14B1B68B14C3034A3424CD0AE4B1B68DA
:1009C000AE4C4834A34246D0AB4B1B68AB4C6034B2
:1009D000A34240D0A84B1B68A84C7834A3423AD01D
:1009E000A54B1B68A54C9034A34234D0A24B1B6886
:1009F000A24CA834A3422ED09F4B1B68A04CA3420C
:100A000029D09D4B1B689E4C1834A34223D09A4B8F
:100A10001B689B4C3034A3421DD0974B1B68984CED
:100A20004834A34217D0944B1B68954C6034A342C2
:100A300011D0914B1B68924C7834A3420BD08E4B53
:100A40001B688F4C9034A34205D08B4B1B688C4C99
:100A5000A834A34208D1884B1B681B6823F001030C
:100A6000854C2468236007E0834B1B681B6823F0D8
:100A70000103814C246823606EE07F4B1B687F4C30
:100A8000A34258D07C4B1B687C4C1834A34252D0F4
:100A9000794B1B68794C3034A3424CD0764B1B68A1
:100AA000764C4834A34246D0734B1B68734C603479
:100AB000A34240D0704B1B68704C7834A3423AD0AC
:100AC0006D4B1B686D4C9034A34234D06A4B1B684D
:100AD0006A4CA834A3422ED0674B1B68684CA342D3
:100AE00029D0654B1B68664C1834A34223D0624B57
:100AF0001B68634C3034A3421DD05F4B1B68604CB5
:100B00004834A34217D05C4B1B685D4C6034A34251
:100B100011D0594B1B685A4C7834A3420BD0564B1A
:100B20001B68574C9034A34205D0534B1B68544C60
:100B3000A834A34208D1504B1B681B6823F0010363
:100B40004D4C2468236007E04B4B1B681B6823F067
:100B50000103494C24682360474B1B681B6803F062
:100B60000103002B89D1434B1B682433424C24687A
:100B7000A360414B1B68D8603F4B1B6819613E4B1B
:100B80001B685A603C4B1B681B6843F480233A4C3B
:100B900024682360384B1B68384CA34258D0364B2E
:100BA0001B68364C1834A34252D0334B1B68334C6D
:100BB0003034A3424CD0304B1B68304C4834A342F5
:100BC00046D02D4B1B682D4C6034A34240D02A4B9D
:100BD0001B682A4C7834A3423AD0274B1B68274C19
:100BE0009034A34234D0244B1B68244CA834A34235
:100BF0002ED0214B1B68224CA34229D01E4B1B68D0
:100C00001F4C1834A34223D01B4B1B681C4C3034A0
:100C1000A3421DD0184B1B68194C4834A34217D06F
:100C2000154B1B68164C6034A34211D0124B1B6845
:100C3000134C7834A3420BD00F4B1B68104C9034EC
:100C4000A34205D00C4B1B680D4CA834A34208D11D
:100C5000094B1B681B6843F00103074C24682360A1
:100C600007E0054B1B681B6843F00103024C246836
:100C7000236010BD201900207C1C002010000240C1
:100C80001004024010B50248F8F76CFF10BD0000D8
:100C90002019002070B5456E2DB90125A0F86A50C5
:100CA000A0F868501CE0102310240568AD68C5F357
:100CB00042610568AD686A0F0A4DAD5C15FB04F52D
:100CC000094EB65C95FBF6F5A0F86A50054D6D5CD3
:100CD00015FB03F5044E765C95FBF6F5A0F868501D
:100CE00070BD0000A4B60108ACB6010890F8281049
:100CF00001F00801082907D10168496821F4004181
:100D0000826B11430268516090F8281001F00101D4
:100D100039B10168496821F40031C26A114302689F
:100D2000516090F8281001F00201022907D10168F2
:100D3000496821F48031026B11430268516090F8D8
:100D4000281001F00401042907D10168496821F441
:100D50008021426B11430268516090F8281001F025
:100D60001001102907D10168896821F48051C26BF4
:100D700011430268916090F8281001F020012029A9
:100D800007D10168896821F40051026C114302689F
:100D9000916090F8281001F04001402913D10168BA
:100DA000496821F48011426C114302685160416C22
:100DB000B1F5801F07D10168496821F4C001826C38
:100DC00011430268516090F8281001F080018029D9
:100DD00007D10168496821F40021C26C11430268FF
:100DE0005160704738B504460020C4F89000F5F70C
:100DF000EFFA05462068006800F00800082821D1B5
:100E00006FF07E402B4600224FF4001100902046E8
:100E100000F04AFCB0B100BF00BF216851E8001FDC
:100E200021F08000226842E800010029F5D100BFCE
:100E30002020C4F8880000BF002084F8840000BF90
:100E4000032038BD2068006800F00400042830D179
:100E50006FF07E402B4600224FF480010090204628
:100E600000F022FC28B300BF00BF216851E8001F3A
:100E700021F49070226842E800010029F5D100BFFA
:100E800000BF00BF2168083151E8001F21F00100B8
:100E90002168083141E80002002AF3D100BF202078
:100EA000C4F88C0000BF002084F8840000BF032039
:100EB000C7E72020C4F88800C4F88C000020E06652
:100EC000206700BF84F8840000BF00BFB9E770B599
:100ED0000446A56B0020A5F85E002846F8F741FE01
:100EE00070BD2DE9F0410546AC6BD4F88860D4F8AC
:100EF0008C702068806800F08000802807D1212E47
:100F000005D10020A4F85600204600F099F820688A
:100F1000806800F04000402807D1222F05D1002032
:100F2000A4F85E00204600F03DF8D4F8900040F0B0
:100F30001000C4F890002046F8F713FEBDE8F081D9
:100F400070B50546AC6BE869B0F5807F1ED0002017
:100F5000A4F8560000BF00BF2168083151E8001F07
:100F600021F080002168083141E80002002AF3D115
:100F700000BF00BF00BF216851E8001F41F04000E2
:100F8000226842E800010029F5D102E02046F9F785
:100F90002FFC70BD70B50446A56B2846F9F729FCF7
:100FA00070BD000000BF00BF026852E8002F22F4AD
:100FB0009071036843E80012002AF5D100BF00BF1A
:100FC00000BF0268083252E8002F104B02EA03010A
:100FD0000268083242E80013002BF2D100BFC16E54
:100FE00001290CD100BF00BF026852E8002F22F097
:100FF0001001036843E80012002AF5D100BF202148
:10100000C0F88C100021C16641677047FEFFFFEFFA
:1010100010B5044600BF00BF216851E8001F21F051
:101020004000226842E800010029F5D100BF2020DD
:10103000C4F888000020A0672046F9F7D9FB10BD4E
:1010400000BF00BF026852E8002F22F0C001036811
:1010500043E80012002AF5D100BF00BF00BF0268BC
:10106000083252E8002F22F400010268083242E8F8
:101070000013002BF3D100BF2021C0F88810704767
:101080002DE9F04F89B0054600200890F8492868FE
:10109000884200D100E000BF2969A8680843696957
:1010A0000843E96940EA010828680068F1490840F6
:1010B00040EA0800296808602868406820F4405029
:1010C000E968084329684860D5F81880E849286825
:1010D000884202D0286A40EA080828688068E64901
:1010E000084040EA0800296888602868C06A20F043
:1010F0000F00696A08432968C86200BFDF49286891
:10110000884220D1DE48006800F03800182811D04D
:1011100005DC48B1082809D0102811D108E02028A2
:101120000AD028280CD109E001240BE0042409E0AE
:10113000082407E0102405E0202403E0402401E017
:10114000802400BF42E1CF492868884219D1CC48A9
:10115000006800F00700062810D2DFE800F0030561
:1011600007090B0D00240BE0042409E0082407E024
:10117000102405E0202403E0402401E0802400BF87
:1011800024E1C1492868884219D1BD48006800F0AF
:101190000700062810D2DFE800F0030507090B0D51
:1011A00000240BE0042409E0082407E0102405E0F3
:1011B000202403E0402401E0802400BF06E1B3497D
:1011C0002868884219D1AE48006800F00700062858
:1011D00010D2DFE800F0030507090B0D00240BE037
:1011E000042409E0082407E0102405E0202403E09B
:1011F000402401E0802400BFE8E0A5492868884237
:1012000019D19F48006800F00700062810D2DFE8D7
:1012100000F0030507090B0D00240BE0042409E08E
:10122000082407E0102405E0202403E0402401E026
:10123000802400BFCAE097492868884220D190489E
:10124000006800F03800182811D005DC48B10828E3
:1012500009D0102811D108E020280AD028280CD164
:1012600009E001240BE0042409E0082407E010242D
:1012700005E0202403E0402401E0802400BFA5E035
:1012800085492868884219D17D48006800F0070028
:10129000062810D2DFE800F0030507090B0D002433
:1012A0000BE0042409E0082407E0102405E02024D2
:1012B00003E0402401E0802400BF87E077492868EC
:1012C000884219D16E48006800F00700062810D245
:1012D000DFE800F0030507090B0D00240BE00424F0
:1012E00009E0082407E0102405E0202403E040245E
:1012F00001E0802400BF69E069492868884220D164
:101300005F48006800F03800182811D005DC48B1AB
:10131000082809D0102811D108E020280AD0282850
:101320000CD109E001240BE0042409E0082407E0C3
:10133000102405E0202403E0402401E0802400BFC5
:1013400044E058492868884220D14D48006800F0A0
:101350003800182811D005DC48B1082809D0102819
:1013600011D108E020280AD028280CD109E0012456
:101370000BE0042409E0082407E0102405E0202401
:1013800003E0402401E0802400BF1FE038492868C2
:1013900088421AD13A48001D006800F0070006286C
:1013A00010D2DFE800F0030507090B0D02240BE063
:1013B000042409E0082407E0102405E0202403E0C9
:1013C000402401E0802400BF00E0802400BF2849C1
:1013D000286888424BD1102C1AD006DC022C09D088
:1013E000042C0BD0082C29D10DE0202C21D0402C2E
:1013F00024D120E0F5F72CF9064623E005A8F5F7FF
:1014000039F9069E1EE002A8F5F74CFA039E19E092
:101410001B4854380068C0F3401040B11848543895
:101420000068C0F3C101204820FA01F600E01E4E1A
:1014300008E01E4E06E04FF4004603E000260120BF
:10144000089000BF00BF002E10D01949686A31F81B
:101450001000B6FBF0F9686800EB4000484503D87F
:1014600068680003484525D20120089007E153E051
:10147000000C0058F369FFCFFFF4FF11001001408A
:10148000544402580044004000480040004C0040D2
:10149000005000400014014000780040007C0040F3
:1014A00000180140001C01400090D00300093D00DD
:1014B0008CB601087849686A31F810C0624600238A
:1014C00030461946EFF729F84FF4807C0022034696
:1014D000A3FB0C0B01FB0CB103FB02136968490869
:1014E00084461CEB010143EB0200CDE90010D5F866
:1014F00004C06246002308460199EFF70EF807463C
:10150000B7F5407F05D3B7F5801F02D22868C760C2
:10151000B5E001200890B2E0E869B0F5004F5BD17A
:10152000082C1AD005DC5CB1012C0DD0042C2DD177
:101530000EE0102C16D0202C23D0402C26D122E0F7
:10154000F6F718FB064625E0F6F726FB064621E0EF
:1015500005A8F5F78FF8069E1CE002A8F5F7A2F99A
:10156000039E17E04D480068C0F3401038B14B4867
:101570000068C0F3C1014A4820FA01F600E0484E75
:1015800008E0484E06E04FF4004603E00026012044
:10159000089000BF00BF7EB33F49686A31F8100071
:1015A000B6FBF0F04000696800EB5100B0FBF1F7CA
:1015B000102F0ED3B7F5803F0BD24FF6F07007EA2D
:1015C000000AC7F342004AEA000A2868C0F80CA0E3
:1015D00055E00120089052E0082C1BD005DC64B1D6
:1015E000012C0ED0042C2ED10FE0102C17D0202C63
:1015F00024D0402C27D123E041E0F6F7BBFA064681
:1016000025E0F6F7C9FA064621E005A8F5F732F815
:10161000069E1CE002A8F5F745F9039E17E01F4857
:101620000068C0F3401038B11C480068C0F3C10125
:101630001B4820FA01F600E0194E08E0194E06E0BA
:101640004FF4004603E000260120089000BF00BFD1
:10165000AEB11149686A31F81000B6FBF0F0696864
:1016600000EB5100B0FBF1F7102F06D3B7F5803F28
:1016700003D2B8B22968C86001E0012008900120B7
:10168000A5F86A00A5F8680000206867A8670898B0
:1016900009B0BDE8F08F00008CB601080044025884
:1016A0000090D00300093D002DE9F04104460D46AD
:1016B00017469846069E41E0701C00283ED0F4F77D
:1016C00087FEA0EB0800B04200D816B90320BDE8A1
:1016D000F0812068006800F0040070B3802D2DD0E8
:1016E000402D2BD02068C069C0F3C00078B108201D
:1016F000216808622046FFF755FC0820C4F89000D6
:1017000000BF002084F8840000BF0120DFE72068CC
:10171000C069C0F3C02080B14FF400602168086246
:101720002046FFF73FFC2020C4F8900000BF0020B7
:1017300084F8840000BF0320C9E7FFE72068C06980
:101740002840A84201D1012000E00020B842B3D0D7
:101750000020BCE710B50248F8F704FA10BD0000FD
:10176000701B002010B50248F8F7FCF910BD00000E
:10177000B419002010B50248F8F7F4F910BD0000C4
:10178000481A002010B50248F8F7ECF910BD000027
:10179000DC1A002010B504220249081FFFF7E4F804
:1017A00010BD00004C01002400BFFEE770B50546E7
:1017B0000C4600260DB1022C01D8002070BDA11EE0
:1017C000094802882846F1F74BFD0646F1B2A01EF3
:1017D000285C814206D1601E285CB0EB162F01D137
:1017E0000120EBE70020E9E75403002070B5144C1A
:1017F000A8212046EEF7D5FF03202061606111A0EB
:10180000A0611349E1614FF4806121620021A1626E
:101810006162E1620BA020660E4961661021A1663B
:1018200000212167E1666167002505E0C5F10F0031
:101830000949085C60556D1C102DF7D370BD000080
:10184000685E00205465726D696E616C0000000076
:10185000105F002010630020C4B6010870B50C466C
:101860000346401C802A00D9802203E011F8015B66
:1018700000F8015B151EA2F1010202D00D78002DC7
:10188000F4D10D1B1D7070BD38B52849087E0122AA
:101890006946FDF75FFB0446002C45D09DF800002B
:1018A00005281ED008DC01280FD0022810D00328FC
:1018B00011D004282CD111E0062815D0072816D005
:1018C0007F2824D0802823D114E0FDF7A1FF2AE04F
:1018D000FEF71CF827E0FDF79DFD24E0FDF782FFF1
:1018E00021E0FDF7EFFB1EE0FDF7A6FE1BE0FDF794
:1018F00091FE18E00D49087E01226946FDF72AFB9A
:1019000004461CB19DF80000FDF72AFE0BE00AE03A
:101910009DF80000802805DB0449087E0122694605
:10192000FDF718FB00BF00BF38BD00002067002096
:101930000146C81D704700002DE9F04705460F46D7
:10194000144672480078012800D10FE06F480078F3
:1019500000B9BCE06D480078022806D100F0DCF840
:101960006A480078012800D0B1E000BF202C06D2E0
:101970006648C0690121A140084000B1A7E0182CC9
:1019800003D2681E0546047078E07E1B7F2E0BD9BB
:10199000C6F3C711681E05460170F0B240F0800121
:1019A000681E0546017002E0681E054606707F2C21
:1019B00003D2681E0546047060E0B4F5804F0BD278
:1019C000C4F3C711681E05460170E0B240F0800103
:1019D000681E0546017051E0B4F5001F12D2C4F331
:1019E0008731681E05460170802040EAD410C1B2DC
:1019F000681E05460170E0B240F08001681E054691
:101A000001703BE0B4F1805F19D2C4F34751681E06
:101A100005460170802040EA9430C1B2681E054638
:101A20000170802040EAD410C1B2681E05460170E2
:101A3000E0B240F08001681E054601701EE0210FF3
:101A4000681E05460170802040EA5450C1B2681EED
:101A500005460170802040EA9430C1B2681E0546F8
:101A60000170802040EAD410C1B2681E05460170A2
:101A7000E0B240F08001681E054601702448D0F8AD
:101A800004802248C068A8EB000A3846514605E0A9
:101A9000CAB242F0800200F8012BC9097F29F7D8A9
:101AA00000F8011B07467A1B184948782946FDF7BC
:101AB000A5FA8146B9F1000F03D01448C0F80C8094
:101AC00004E012480078401C1049087000BF0F481D
:101AD000007E00EB40010F4800EBC100C1680B48DD
:101AE000007E00EB40020B4800EBC2000069081AC0
:101AF0000AD00648807838B9012004498870FFF779
:101B0000C3FE002001498870BDE8F08720670020EF
:101B1000001000E0C85E0020FEB501208DF8000036
:101B20000DF1010630461C4A516905E0CAB242F087
:101B3000800200F8012BC9097F29F7D800F8011BA2
:101B40000646164844681448C068271A3046394685
:101B500005E0CAB242F0800200F8012BC9097F29D2
:101B6000F7D800F8011B06466946721A0A494878F8
:101B70006946FDF743FA054635B10748C460007869
:101B8000401E0549087004E003484069401C0249B2
:101B900048612846FEBD000020670020001000E0DC
:101BA00003B401984100009850EAC12018BF0420F6
:101BB0004A0D18BF40F0010040F2FF72B2EB515FD6
:101BC00008BF40F00200012808BF052002B070479E
:101BD0004100080218BF04200A0E18BF40F001009F
:101BE0004FF07F4232EA010108BF40F002000128B5
:101BF00008BF05207047000002480068C0F30220BB
:101C0000704700000CED00E010B5002804DB0A0767
:101C1000130E054A135406E00A07140E034A00F097
:101C20000F031B1FD45410BD00E400E018ED00E0CA
:101C300010B5694A2DED020B2DED0C8B82B00F997A
:101C400021F000409FED66CB90422CDBA0F1405389
:101C50000E9AA3F17F631A430FD06349884202DCD6
:101C600016D10E98A0B19DED0E0B02B0BDEC0C8B01
:101C700002B0BDE8104001F0BFBE0029CCBF9FED0F
:101C80005C0BB0EE4C0B02B0BDEC0C8B02B010BD87
:101C90000120EEF72FFE02B0BDEC0C8B02B0BDE8C8
:101CA000104001F0B1BE544A9FED558B9FED569BFD
:101CB00090422ADA56499FED58BB8142A8BFB0EE48
:101CC0004B0BE0DA9DED0E0B5548062120EE00ABE4
:101CD000B0EE4A0B784401F0F3FD20EE0ACB5148F8
:101CE000B0EE4A0B0421784401F0EAFD0AEE008BC5
:101CF0009DED0E1B8CEE080B01EE409B9DED0E0B37
:101D000030EE490B3BEE400BBDE79FED470B9FEDDF
:101D100048BB9DED0E1B002926DA31EE081B464814
:101D2000062121EE00ABB0EE4A0B784401F0C8FD6D
:101D300020EE0ADB4148B0EE4A0B0421784401F062
:101D4000BFFD0AEE008B51EC1A0B07F073FE8DEE0F
:101D5000081B41EC100B11EE009B30EE091BB0EE9E
:101D60004C0B01EE4B0B8EE738EE411B21EE009B36
:101D700051EC190B07F05EFE41EC1C0B00208DEDC1
:101D800000CB00909DED001B9DED002BB0EE490BAC
:101D90002B4801EE420B06213CEE011B80EE01AB0D
:101DA000B0EE490B784401F08BFD20EE09DB2548AD
:101DB000B0EE490B0421784401F082FD09EE008B5E
:101DC0008DEE080B00EE0CAB9DED000B30EE0A0B18
:101DD00020EE0B0B57E700000000F03F0000000072
:101DE000182D4454FB2109400000F07F0000000042
:101DF00000000000000000000000E03F00000000C4
:101E0000000000000000F03F075C143326A6913C60
:101E10000000603C00000000182D4454FB21F93FF5
:101E2000209A00003E9A0000000000000000E03F01
:101E30000000000000000040CA990000E89900007E
:101E4000509900006E99000010B510EE104A4FF046
:101E50001A402DED028B00EB4400B0F1C85F4AD868
:101E60004FF0FC40B0EB440F22D2B0EEC00ADFEDE1
:101E7000310A30EEC00ADFED300A20EE208A18EE7B
:101E8000100A07F00CFE00EE100A14F0004F1DBF00
:101E90009FED2A1ADFED2A0AB1EE400A9FED291ABA
:101EA00008BFF0EE410ADFED281A20EE210A05E016
:101EB00020EE008A9FED251ADFED250ADFED251AB9
:101EC0009FED252A70EEC00A20EE080A08EE212AAE
:101ED000DFED221A48EE021A9FED212A08EE212A90
:101EE000DFED201A48EE021ABDEC028B40EE610ACB
:101EF00030EE810A10BD4FF0CC40B0EB440F82BFF2
:101F00009FED190ABDEC028B10BD4FF07F40B0EB86
:101F1000440F05D2BDEC028BBDE8104001F098BD26
:101F20000120EEF7E7FCBDEC028BBDE8104001F0AC
:101F300095BD00000000803F0000003F00004940C8
:101F400022AA7D3A00000000000000C00000C93F46
:101F500022AAFD3924FE1C3DC78AD83C1E67383DA5
:101F60001B93993DAFAA2A3EDB0FC93F10B54FF036
:101F70000E402DED028BB0EE408A18EE104A00EBB9
:101F80004400B0F1506F4AD84FF0FC40B0EB440F22
:101F900022D2B0EEC80ADFED360A30EEC00ADFED1D
:101FA000350A60EE208A18EE900A07F078FD01EEFF
:101FB000100A14F0004F1DBFDFED2F0A9FED2F0A0E
:101FC000B1EE411ADFED2E0A08BF9FED2E0ADFEDBC
:101FD0002E1A21EE218A05E0DFED2C0A68EE088A30
:101FE000B0EE600A9FED2A1ADFED2A1A30EE080AD9
:101FF00048EE811A9FED281A08EEA11ADFED271A84
:1020000048EE811A9FED261A08EEA11A68EE281AEA
:10201000BDEC028B01EE810A30EE200A10BD4FF0BC
:10202000E440B0EB440F0CD918EE100AFFF7D0FDD6
:10203000042808BF01F022FDB0EE480ABDEC028B77
:1020400010BD4FF07F40B0EB440F07D2B0EE480A0E
:10205000BDEC028BBDE8104001F0FABC0120EEF7A8
:1020600049FCBDEC028BBDE8104001F0F7BC00005C
:102070000000803F0000003F0000C9BF22AAFDB958
:102080000000C93F22AAFD39000000C00000000086
:1020900024FE1C3DC78AD83C1E67383D1B93993DE2
:1020A000AFAA2A3E0000000070B565482DED020B76
:1020B0002DED048B059D25F00044A04218DC6148FD
:1020C000844202DC0AD1049840B19DED040BBDECC2
:1020D000048B02B0BDE8704001F08EBC002DCCBF77
:1020E0009FED590B9FED5A0BBDEC048B02B070BDF8
:1020F0005948A04215DD5948A042D8BF4FF0FF34DF
:1021000055DD9DED040B51EC100BFFF749FD042844
:1021100008BF01F091FC9DED040BBDEC048B02B0F7
:1021200070BD9DED040B51EC100B05F07BFDCDE96E
:1021300004014B489FED4C0BA0421CDD4C48A042D3
:102140000BDD9DED042B00249FED4B1B12EE010BCC
:1021500032EE011B80EE012B27E09DED041B9DED6F
:10216000042B012431EE401B32EE000B81EE002BDC
:102170008DED042B1BE04248A0420FDD9DED042BAA
:1021800002249FED411B9DED043B32EE412B03EEFB
:10219000010B82EE001B8DED041B08E09DED040B8E
:1021A0009FED3B1B032481EE002B8DED042B9DED59
:1021B000040B3948062120EE009B29EE098BB0EE76
:1021C000480B784401F07CFB20EE099B3348B0EECD
:1021D000480B0521784401F073FB20EE080B002C1E
:1021E0000BDA9DED042B39EE001B9DED040BBDECCD
:1021F000048B02B002EE410B70BD2948784439EEE1
:10220000000B00EBC4009DED042B90ED001B254856
:1022100012EE001B9DED040B31EE400B784400EBF9
:10222000C400002D90ED001B31EE400BB8BFB1EEA5
:10223000400BBDEC048B02B070BD0000000000003C
:10224000000010440000F07F182D4454FB21F93F9A
:10225000182D4454FB21F9BF0000DC3F0000203E54
:102260000000F33F00000000000000000000F03F0D
:102270000000E63F000000000000000000000040F9
:102280000080034000000000000000000000F83F54
:10229000000000000000F0BFEA950000B0950000CB
:1022A000689500002895000070B5614E2DED040B77
:1022B0002DED048B82B0DDF824C0DDE907235C42FC
:1022C0002CF000411C4341EAD474069D22F00040EA
:1022D000B44205D86C422C4340EAD474B4420BD9C2
:1022E0009DED081B9DED060B02B0BDEC048B04B008
:1022F000BDE8704001F083BBACF14054A4F17F64B1
:102300001C430BD0022404EAAC7444EAD2740543A3
:102310009FED498B9FED4A2B0DD016E09DED060BEE
:1023200051EC100B01F026FC41EC100B02B0BDEC9F
:10233000048B04B070BD002C14BF012C9DED060B66
:10234000F4D0022C2ED0032C2FD00B439FED3E1B3C
:102350009FED3F0B0AD0B1421DD1B04209D121F00F
:10236000804120F080400991079014E0002ADDDAD6
:1023700015E0394B7B44002C08BF93ED000BD5D002
:10238000012C04BF93ED000BB1EE400BCED0022C1C
:1023900008D0032C09D0B0420AD1002AC6DAB0EE28
:1023A000410BC3E7B0EE480BC0E7B0EE420BBDE710
:1023B000401A00159FED2A9B3C28C8BF8DED000BED
:1023C00015DCBCF1000FBCBF10F13C0F8DED009B84
:1023D0000DDB9DED061B9DED082B81EE020B51ECF4
:1023E000100B05F01FFC01F0C5FBCDE9000194B115
:1023F000012C0CD09DED001B9FED1B0B022C31EE30
:10240000400B0CBF38EE400B30EE480B8EE70198C6
:1024100080F0004001909DED000BB4EE490BF1EE11
:1024200010FA04BF0220EEF765FA9DED000B7DE780
:102430000000F07F00000000182D4454FB210940EB
:10244000182D4454FB2109C0182D4454FB21F9BF19
:10245000182D4454FB21F93F509500000000000066
:102460000000000000000000075C143326A6A13C19
:1024700070B54FF068422DED048BF0EE408A18EEF7
:10248000900AB0EE608A18EE101A02EB4003B3F126
:10249000654F3CBF02EB4102B2F1654F7DD200BFF8
:1024A000C0F3C753C1F3C7529A1A1B2A09DD10F0B3
:1024B000004F14BF9FED830A9FED830ABDEC048B90
:1024C00070BD12F11A0F36DA11F0004F09D010F07A
:1024D000004F0CBF9FED7D0A9FED7D0ABDEC048B84
:1024E00070BD88EE889A19EE100AFFF771FB042878
:1024F00008BF01F0C3FA18EE900AFFF769FB054622
:1025000018EE100AFFF764FB044619EE100AFFF7F5
:102510005FFB042D18BF052D08D1042C18BF052C16
:1025200004D1002804BF0220EEF7E4F9B0EE490A16
:10253000BDEC048B70BD4200B2EB410F3AD910F0F4
:10254000004F19BFDFED630A9FED630ADFED630AF9
:102550009FED630AB0EE481A0A46B1EE688A80F031
:102560000041F0EE418A10460A1A5200B2F1807F13
:1025700034D2484010F0004FDFED5A1A9FED5A2A2E
:102580001DBF9FED5A1A70EEE10A30EE420A9FED30
:10259000581A08BF70EEA10A00E040E008BF30EE14
:1025A000020AB0EE682A01EE482A08EE818AC2EEDD
:1025B000081A15E011F0004F04BF9FED4E0AF0EE2F
:1025C000400AD1D010F0004F19BFDFED4B0A9FED4C
:1025D0004B0ADFED4B0A9FED4B0AC5E7C8EE881AA0
:1025E00021EEA11A9FED482ADFED482A41EE022A8A
:1025F0009FED472A01EE222ADFED462A41EE022A0C
:102600009FED452ABDEC048B01EE222A21EE811AB2
:1026100001EE020A30EE210A30EE200A70BD4FF0C2
:102620007F42B2EB400F28BFB2EB410F09D2F0EE70
:10263000480AB0EE680ABDEC048BBDE8704001F0BA
:102640000ABA40EA01035B0008BF41F0FF410BD02A
:10265000B2EB400F08BFB2EB410F08D120F0804031
:1026600008EE900A21F0804108EE101A18E7B2EB4C
:10267000400F12BF5FEA410340F0FF4001F000410C
:102680003FF40EAFB2EB410F12BF5FEA400200F021
:10269000004041F0FF413FF403AF4A0092EA40039B
:1026A0003FF5FEAE002AACBF9FED1C0A9FED1C0A51
:1026B00068EE808A28EE008A18EE900A18EE101A4A
:1026C000EEE60000DB0FC9BFDB0FC93FDB0F49405F
:1026D000DB0F49C00000C9BF22AAFDB90000C93FF5
:1026E00022AAFD390060ED3EC30ACE37000000BFCC
:1026F0000000003F00000000000049C022AA7DBA8F
:102700000000494022AA7D3A2DAD65BD8FB8D53D68
:102710000FB511BE61C84C3EA8AAAABE0000804FEA
:102720000000802F0000000010B529499FED261BF6
:102730002DED020B84B0059820F000408842D8BFF0
:102740009DED040B2DDD2349884209D1049840B941
:102750004FF00100EEF7CEF801F056F906B010BDCB
:1027600005DB9DED040B30EE000B06B010BD684696
:102770009DED040B00F0ACFE10F0030004BF9DEDD6
:10278000021B9DED000B0CD001280ED09DED021B0D
:102790009DED000B022810D0012001F0C9F806B011
:1027A00010BD01F01DF806B010BD9DED021B9DEDA2
:1027B000000B012001F0BCF801E001F011F806B0B7
:1027C000B1EE400B10BD0000000000000000000052
:1027D000FB21E93F0000F07F10B510EE104A4FF0EA
:1027E00019406849002200EB44002DED028B88421D
:1027F00057D8DFED650A14F0004F60EE200A14BFD1
:102800009FED621A9FED621A71EE200AFDEEE00A5A
:1028100010EE900A00EE900AF8EEE00A9FED5D1AC5
:1028200000EEC10A9FED5C1A00EEC10ADFED5B0A03
:102830009FED5B1A00EE201ADFED5A0A40EE010A06
:102840009FED591A594B00F0030100EE201A21EEBA
:10285000000A7B4403EB8103D3ED000A544B7B4415
:1028600003EB810393ED001A524B41EE000A7B44C7
:1028700003EB8101801091ED000A70EE800AEABB43
:1028800000EE100AB8EEC01ADFED4B1A9FED4B0AAE
:10289000BDEC028B01EE210ABCEEC00A20EE200A3C
:1028A00010BD4FF0FF40A0431BD04FF0CE40B0EB27
:1028B000440F82BF9FED420ABDEC028B10BD414820
:1028C000B0EB440F28BF012293D20220EEF712F89A
:1028D00014F0004F15D0BDEC028BBDE8104001F0A4
:1028E000CDB814F5000F02BF9FED370ABDEC028B87
:1028F00010BDBDEC028BBDE8104000E007E001F028
:10290000A7B8BDEC028BBDE8104001F0AFB800EBFA
:10291000D07359104FF07E5202EBC15100EE101AE5
:10292000A0EB630002EBC05060EE200A00EE100A3C
:1029300020EE208A18EE100A88B118EE100AB0F1C5
:10294000FF4F15D018EE100AFFF742F9042808BF10
:1029500001F094F8B0EE480ABDEC028B10BD0220E5
:10296000EDF7C8FFBDEC028BBDE8104001F086B862
:102970000220EDF7BFFFBDEC028BBDE8104001F077
:1029800075B800000000501E3BAAB840000000BF10
:102990000000003F0070313EF4FD053712BB2A3DB8
:1029A00012BB2A3EFFFFFF3EFFFF7F3F9A8F0000D2
:1029B0009E8F00006E8F00000000004B00007E4ED6
:1029C0000000803F0000A085000000000000000023
:1029D0002DED020B9FED340BDDE90010C0F30A5220
:1029E0009FED331BA2F2FF32142A2DDA9DED002B4E
:1029F0009FED2D0B002A32EE000B10DAB4EEC01B57
:102A0000F1EE10FA49D20028A4BF0020014644DAB2
:102A100020F000420A4318BF27483ED012E0274B5F
:102A2000D34000EA030C5CEA010C17D0B4EEC01BE3
:102A3000F1EE10FA31D2002803DA4FF48011D140C0
:102A400008449843002128E0332A07DCA2F114034C
:102A50004FF0FF3C2CFA03F3194203D19DED000B1C
:102A600002B070479DED002B30EE420BB4EEC01B60
:102A7000F1EE10FA11D200280EDA142A08BF401C19
:102A80000AD0C2F134024FF0010C0CFA02F20A44EF
:102A90008A4238BF401C11469943CDE900109DED94
:102AA000000B02B0704700009C7500883CE4377E44
:102AB00000000000000000000000F0BFFFFF0F005A
:102AC0002DE9F04D2DED040B2DED0A8B9AB0DDE9CB
:102AD0002550279CDDF890A025F0004624F0004802
:102AE000BAF1000F14BF0121002101EB4502F849A2
:102AF00053184A1093422AD3002814BF01230023FD
:102B000003EB44030B44F3498B4220D358EA000102
:102B10009FEDF19B72D0DFF8C8B35D4503D1BAF1E8
:102B2000000F05D184E0BAF1000F08BF002100D0EA
:102B3000012101EB450111F5001F08D8002814BF41
:102B40000121002101EB440111F5001F0BD99DED7E
:102B5000261B9DED240B1AB0BDEC0A8B04B0BDE81A
:102B6000F04D00F04CBF0027002DBCBFDD4988456B
:102B700021DADD498845A8BF02271CDAC3451ADCE3
:102B8000DA4901EB2851142908DDC1F1340220FA99
:102B900002F101FA02F282420DD108E058B9C1F106
:102BA000140228FA02F101FA02F2424503D101F0BF
:102BB0000101C1F1020756EA0A0120D1002C1EDAF8
:102BC000002D18BF022F01D0012F0AD00220EDF7EF
:102BD00091FE1AB0BDEC0A8B04B0BDE8F04D00F0D8
:102BE000FBBE0220EDF786FE00F0F6FEB1EE400BD4
:102BF0001AB0BDEC0A8B04B0BDE8F08D18E09FED73
:102C0000BCAB9FEDBD8B00287DD1B64880451CD163
:102C100005F1804010F5801008BFBAF1000F07D011
:102C2000B34508DC002CA8BF9DED260BE0DA07E0D9
:102C3000B0EE490BDCE7002CB8BF9DED260BD5DBD1
:102C4000AF48784490ED000BD2E7D84548D1002C2E
:102C500043DA2EB186423AD1BAF1000F3DD126E0D7
:102C6000BAF1000F13D00220EDF744FE00F0D8FEB9
:102C70008DED020B9DED240B8DED000B10EE900AF7
:102C8000039961F31E0003909DED020BB0E78DEDFB
:102C900002AB9DED240B1AEE901A10EE900A8DED0A
:102CA000000B61F31E0003909DED020BA0E78DED7C
:102CB000028B9DED240B18EE901A10EE900A8DED0C
:102CC000000B61F31E0003909DED020B90E704DA08
:102CD0009DED241B89EE010B8AE79DED240B87E710
:102CE00086421ADAB4F1804F04BF9DED240B20EE2A
:102CF000000B3FF47DAFA4F10050B0F1FF500CD1B8
:102D0000002D0ADB00E008E09DED240B51EC100BD8
:102D100006F090FE41EC100B6AE79DED240B51ECA0
:102D2000100B04F07FFFBAF1000FCDE90E0140D186
:102D30009FED750B46B3A6F1E040B0F17F600ED079
:102D40005E4536D1002D00DA97B3022F0CBF01206B
:102D50004FF0FF3000EE100AB8EEC00B48E7002D30
:102D600001DD002C0DDA002D01DD002C1DDB002D16
:102D700014DA002C12DB012F08BF9FED650B3FF426
:102D800037AFB0EE4A0B33E7022F18BF002D0CD03F
:102D9000012F0AD1002DFFF62BAF06E0002DB8BFA2
:102DA000002C06DA012F3FF423AFB0EE480B1FE7EB
:102DB00019E0012000EBE57050EA070113D0791EFD
:102DC000B0EE498B084308BF9FED538B5448002554
:102DD00080457ADD53495448884514DDB0420DDB07
:102DE000002C19DB2CE00120EDF784FD1AB0BDECBE
:102DF0000A8B04B0BDE8F04D00F006BEB34502DC1E
:102E0000002C09DC1CE0864202DA002C18DA03E010
:102E10005E4528DD002C13DD0220EDF76BFD00F090
:102E2000FFFD8DED020B28EE0A0B8DED000B10EE71
:102E3000900A039961F31E0003909DED020BD7E603
:102E40000220EDF757FD00F0F7FD10EE901A18EE96
:102E5000900A8DED020B8DED008B61F31E00039047
:102E60009DED020BC4E69DED0E0B9FED313B30EE68
:102E7000490B8DED040B20EE002B9DED041B9FED07
:102E80002E0B01EE430B9DED043B9FED2D1B03EE3E
:102E9000401B9DED040B9FED2E3B22EE012B9FED81
:102EA0002A1B20EE011B20EE030B9FED2B3B02EEB5
:102EB000430B31EE002B8DED022B02959DED022B85
:102EC00032EE411B30EE411B21E149E000000000E1
:102ED000FFFF1F00FFFF0F00000000000000F03F99
:102EE0000000F03F0000F07F0000404301FCFFFFC6
:102EF000000000000000F07F000000000000000063
:102F0000828C000000000000000000000000008033
:102F1000000000000000F0FF000000000000F0BF13
:102F20000000E0410000F043FFFFEF3F0000000021
:102F3000000000000000D03F555555555555D53F70
:102F4000000000000000E03F000000604715F73F70
:102F500044DF5DF80BAE543EFE822B654715F73F0C
:102F60000020B6F5801F0BDA9DED0E0B9FEDEC1BDC
:102F70006FF0340020EE010B10EE906A8DED0E0B19
:102F8000E94A00EB2650C6F31301A0F2FF3741F0E7
:102F90007F6040F040509142D8BF002408DDE34AF2
:102FA0008A42C8BF012403DC0024A0F580107F1CE6
:102FB000DF49794401EBC4010F9091ED001B9DEDB9
:102FC0000E2B9DED0E0BDB4931EE023B30EE410B3B
:102FD00089EE032B20EE02AB8DED02AB7944029516
:102FE00091ED003B4FF0005141EA600000EB84405E
:102FF0008DED043B00F5002005909DED043B9DED1B
:10300000044B2AEE0ACB33EE411B9DED0E3BCA4822
:10301000062133EE411B9DED023B03EE440B03EE14
:10302000410B20EE02BBB0EE4C0B784400F048FCA4
:103030002CEE0C1B20EE010B9DED021B31EE0A1B4A
:103040000BEE010B9DED021B21EE011B9FEDBC2B36
:1030500031EE023B33EE003B8DED043B04959DEDDC
:10306000043B33EE422B32EE411B30EE412B9DED03
:10307000020B9DED041B20EE011B9DED040B2BEEBE
:10308000000B02EE0A0B31EE002B8DED022B0295A8
:103090009DED022B32EE411B30EE410B9DED021BEC
:1030A0009FEDA92B21EE021B9DED022B9FEDA83B6E
:1030B00022EE032B9FEDA83BA94800EE032B78449A
:1030C00000EBC40090ED000BA64832EE000B02EEC0
:1030D000107AB8EEC22B8DED042B31EE003B784414
:1030E00000EBC4009DED044B90ED002B33EE023B52
:1030F00033EE043B8DED023B02959DED023B33EE3A
:10310000443B33EE422B32EE411B30EE411B9DED32
:10311000260B954A8DED000B00959DED260B9DED40
:10312000002B30EE420B9DED022B20EE020B9DEDAD
:10313000262B02EE010B9DED001B9DED022B21EED7
:10314000021B8DED021B30EE011B11EE900A11EEF9
:10315000101A8DED001B904224DB821A11430ED110
:103160009FED831B9DED002B9DED023B30EE011B7F
:1031700032EE432BB4EEC21BF1EE10FA26DD022034
:10318000EDF7B8FB00F04CFC10EE901A18EE900A28
:103190008DED020B8DED008B61F31E0003909DED14
:1031A000020B25E5744B20F000429A420ED3734A7D
:1031B000024411437FF444AE9DED022B31EE421BDD
:1031C000B4EEC01BF1EE10FABFF63AAE20F00041AB
:1031D0006B4A6C4B002402EB21529942D8BF9DED03
:1031E000021B27DD511C4FF4801222FA01F1014429
:1031F000654BC1F30A527B44A2F2FF3293ED001BF0
:10320000624B8DED041BD34021EA0303C1F313018C
:1032100041F48011C2F1140221FA02F4059300284E
:10322000B8BF64429DED021B9DED042B31EE421BA5
:103230008DED021B30EE011B8DED041B04959DED01
:10324000041B9FED532B9DED023B21EE021B9DEDD8
:10325000042B32EE432B30EE420B9FED4F2B20EE32
:10326000020B9DED042B9FED4E3B4F48052102EED6
:10327000030B31EE002B8DED002B32EE411B30EEB7
:1032800041AB9DED000B20EE000B8DED040B78445F
:1032900000F016FB9DED001B9DED042B02EE401B84
:1032A0008DED021B9DED000B20EE010B9FED402BE1
:1032B00031EE422B80EE021B9DED002BB0EE4A0B4F
:1032C00002EE0A0B31EE400B9DED001B30EE410B80
:1032D00039EE400B10EE900A8DED000B00EB045020
:1032E00001150029C8BF019013DC224651EC100BD8
:1032F00007F075F9FEF754FC042808BF00F09CFBAA
:1033000022469DED000B51EC100B07F068F9CDE95A
:1033100000019DED000B28EE000B69E400000000A9
:1033200000000000000040438E9803007AB60B00B6
:103330005A880000E88800001288000000000000A1
:103340000000000000000840000000E009C7EE3F58
:10335000F5015B14E02F3EBEFD033ADC09C7EE3FEA
:103360006E8700003E8700000000904000000000D3
:10337000FE822B654715973C00CC904000346F3F90
:1033800001FCFFFF0000E03FCE860000FFFF0F00C2
:1033900000000000432EE63FEF39FAFE422EE63FE2
:1033A000396CA80C615C20BEDE85000000000000C6
:1033B000000000000000004010B529499FED261BC9
:1033C0002DED020B84B0059820F000408842DCBF50
:1033D00000209DED040B2EDD2249884209D104987E
:1033E00040B94FF00100EDF785FA00F00DFB06B093
:1033F00010BD05DB9DED040B30EE000B06B010BDDB
:1034000068469DED040B00F063F810F003000DD04A
:10341000012814D09DED021B9DED000B022816D053
:1034200000F0DEF906B0B1EE400B10BD9DED021BC1
:103430009DED000B012000F07BFA06B010BD9DED64
:10344000021B9DED000B00F0CBF906B010BD012072
:1034500000F06EFAE6E70000000000000000000047
:10346000FB21E93F0000F07F00B52DED028BB1EEAE
:10347000C08B83B018EE100A18EE901A8DED008BF9
:10348000002818BF0120084320F00040C0F17F60F1
:1034900000F1E040C00F14D010EE101A10EE900AA8
:1034A0008DED000B002918BF0121084320F00040DA
:1034B000C0F17F6000F1E040C00F04BF0120EDF7D4
:1034C00019FAB0EE480B03B0BDEC028B00BD000052
:1034D0002DE9F14F04462DED020B2DED048B94B038
:1034E0009FED9D0B80ED020B199E9D4826F0004537
:1034F00085420ADC9DED180B002084ED000B14B012
:10350000BDEC048B03B0BDE8F08F96489FED969B11
:103510009FED978BA84225DD97489FED991B9FED66
:103520009A2B9DED180B002E0DDD30EE490B8542D8
:1035300012BF30EE480B30EE410B30EE420B84ED03
:10354000000B0120DBE730EE090B854212BF30EEA5
:10355000080B30EE010B30EE020B84ED000B4FF048
:10356000FF30CCE78A48A84253DB9DED180B51ECA5
:10357000100B04F057FB41EC100BB0EE401B9FED1D
:10358000862B9FED870B290DDFF81CC201EE020B85
:103590000120FDEEC00B10EE903A00EE903AB8EE2E
:1035A000E02BB0EE410B02EE490B22EE081BFC446F
:1035B000032830EE411B84ED001B1DD011EE902A34
:1035C00000EB4015113DC2F30A528A1A954213DAF4
:1035D0000CEB0012B0EE403B92ED000B401C20EED5
:1035E000021B33EE410B33EE403B33EE411B92EDB9
:1035F000023B12EE031BDBE7002EA8BF1846BFF606
:103600007EAF94ED000B5842B1EE400B84ED000B01
:1036100075E7C6F3130040F4801EC6F30A50A0F20B
:10362000F530471100F01F05C5F12000DDF860B04E
:10363000139000200890099005200DF1080C5B49BB
:10364000002D07EB0002794408BF51F8221009D081
:1036500051F8223001EB8201AB404A68139922FAFB
:1036600001F11943A1FB0E26A1FB0B131A449A4248
:1036700034BF0123002303EB06080CEB8003D3E9DE
:1036800001A60E448E4234BF0121002192448A4497
:1036900011B1924502D903E0924501D2012100E027
:1036A0000021C3E901A641444CF82010011EA0F1FD
:1036B0000100C4DC04989DED050A00F10050810F63
:1036C00004989FED3B4B800001EE100ADDED060AE9
:1036D0009DED072AB8EEC13BB8EE401BB8EE600B7B
:1036E000B8EE422B002021EE041B9FED334B20EE61
:1036F000040B9FED334B22EE042B30EE024B34EEE5
:10370000014B34EE034B8DED004B00909DED004BD3
:10371000199834EE433B10F0004F33EE411B31EE6D
:10372000400B32EE401B9DED000B9FED272B20EE52
:10373000020B9FED272B01EE020B9DED001B9FED71
:10374000262B01EE020B1CBF4942B1EE400B84ED6B
:10375000000B0846D3E60000000000000000000057
:10376000FB21E93F7CD9024000004054FB21F93F96
:103770003163621A61B4D03DFB21F93F00000000C3
:103780000000601A61B4D03D7370032E8A19A33B08
:10379000FB2139410000000083C8C96D305FE43F60
:1037A000000000000000E03F1E830000B682000021
:1037B000000000000000103E000000000000103C6F
:1037C000000000000000103A3326A611460B113C01
:1037D000182D4454FB21F93D00000054FB21F93D14
:1037E00010B52DED040B2DED068B82B0B0EE41AB84
:1037F00009989FED299B20F00044B4F1795F0FDA1E
:103800009DED080BBDEEC00B10EE100A002801BFA5
:10381000B0EE490B02B0BDEC068B04B008BF10BD82
:103820009DED080B1E48062120EE008BB0EE480BE4
:10383000784400F045F820EE080B9DED081B1C486D
:10384000844228EE000B01EE4A0B9FED171B28EE79
:10385000011BBCBF31EE400B39EE400B16DB1548A7
:10386000A042BCBF9FED142B8DED002B06DBA4F511
:1038700000100190002000909DED002B31EE421BC6
:1038800039EE422B31EE400B32EE400B02B0BDEC74
:10389000068B04B010BD0000000000000000F03FE7
:1038A0006480000000000000000000000000E03F15
:1038B0003333D33F0000E93F000000000000D23F57
:1038C000491E00EBC102B0EE401B92ED000B31F03F
:1038D00006020DD0491E00EBC102B0EE403B92ED56
:1038E000002B31F00602B0EE420B03EE010BF1D1DA
:1038F000022914D004290AD0062918BF704790ED78
:103900000A2B00EE012B90ED080B02EE010B90ED5F
:10391000062B00EE012B90ED040B02EE010B90ED57
:10392000022B00EE012B90ED000B02EE010B704715
:1039300031B504462DED040B2DED068BB0EE419B09
:1039400007989DED060B20F00040B0F1795F0DDA8D
:1039500051EC100BFEF724F9042808BF00F06CF8B6
:103960009DED060BBDEC068B05B030BD20EE008B47
:103970001348052128EE00ABB0EE480B7844FFF762
:103980009FFF9FED111B8CB19FED112B29EE022B98
:103990000AEE402B9DED060B18EE029B0AEE419BB2
:1039A00030EE490BBDEC068B05B030BD08EE001BB8
:1039B0009DED060B0AEE010BBDEC068B05B030BD8C
:1039C0001880000000000000495555555555C5BFE9
:1039D000000000000000E03F9FED031B9FED042B63
:1039E00081EE020B70470000000000000000F03F75
:1039F000000000000000000030EE000B704730EEC9
:103A0000010B7047000000009FED031B81EE010BCE
:103A100070470000000000000000000000000000EF
:103A20009FED030B20EE000B70470000000000002C
:103A300000000000000000709FED030B20EE000B63
:103A400070470000000000000000000000000010AF
:103A500030EE000A704730EE200A7047DFED020AB0
:103A600080EEA00A70470000000000009FED020AEF
:103A700020EE000A70470000000000709FED020A6F
:103A800020EE000A70470000000000102DE9F04110
:103A900006F02EFC00250446012100202246A2FB50
:103AA000016705FB017104FB001534464FF47A727F
:103AB00000212046A0FB026705FB027204FB0125E2
:103AC000344620462946BDE8F081000010B503A029
:103AD000FBF7DEFD0EA0FBF7DBFD10BD4E3D467291
:103AE000656552544F532044656D6F204170706C72
:103AF00069636174696F6E2C443D436F72746578BD
:103B00002D4D342C4F3D4672656552544F53000085
:103B1000492331353D5379735469636B00000000CC
:103B2000F8B500241DE004EB8400104901EB80008F
:103B3000006904EB84050E4606EB85050090EB68F2
:103B400004EB840506EB8505AA6804EB840506EB07
:103B50008505696804EB840556F82500FCF73EF8F6
:103B6000641C034800688442DDD3F8BD2C68002043
:103B70007804002010B541EC100BFEF795FA51ECDB
:103B8000100B10BD70B52DED068BB0EE408BB0EE76
:103B9000419BB0EE480B05F0C7FC20B9B0EE490BD5
:103BA00005F0C2FC28B12A4890ED000BB0EE40AB06
:103BB00048E0B0EE480B05F087FC18B3B0EE490BB7
:103BC00005F082FCF0B1B5EEC08BF1EE10FA01DD2C
:103BD000012401E04FF0FF34B5EEC09BF1EE10FA86
:103BE00001DD012501E04FF0FF3500EE105AB8EE7F
:103BF000C01B00EE104AB8EEC00BFEF755FBB0EE4E
:103C000040AB1FE0B5EEC09BF1EE10FA12D1B5EE5D
:103C1000C08BF1EE10FA02DD9FED0EAB12E0B5EEB7
:103C2000C08BF1EE10FA02D29FED0CAB0AE09FEDD3
:103C30000DAB07E0B0EE491BB0EE480BFEF734FBCE
:103C4000B0EE40ABB0EE4A0BBDEC068B70BD000091
:103C500058030020182D4454FB21F93F182D4454DB
:103C6000FB21F9BF000000000000000070B5002536
:103C70000024EDF7A5FA8020EDF7BCFB5520EDF709
:103C8000B9FB5520EDF7B6FB0546EDF78FFA962008
:103C9000EDF7BDFAEDF794FA8020EDF7ABFB552078
:103CA000EDF7A8FB5520EDF7A5FB0546EDF77EFAED
:103CB0009620EDF7ACFAEDF783FAB6217E20EDF70A
:103CC000A9FBEDF773FA5020EDF79BFAEDF778FAC0
:103CD0008020EDF78FFB5520EDF78CFB5520EDF79D
:103CE00089FB0546EDF762FA9620EDF790FAEDF7BD
:103CF00067FA8020EDF77EFB5520EDF77BFB552022
:103D0000EDF778FB0546EDF751FA9620EDF77FFACF
:103D10001E2D01D0FF2070BD002434E0EDF750FAD5
:103D200004EB44021A4B1A44517804EB4402985CA9
:103D3000EDF770FBEDF73AFA9620EDF762FAEDF742
:103D40003FFA04EB4401124A515C41F08000EDF768
:103D500051FB5520EDF74EFB5520EDF74BFB05468B
:103D6000EDF724FA9620EDF752FA04EB44000849E7
:103D700008444078A84204D004EB4400084480780A
:103D8000C9E7601CC4B2062CC8DB0020C3E70000F2
:103D9000A403002038B5002400200090EDF726FA97
:103DA00069460020EDF719FBEDF716FA9620EDF7BE
:103DB0002EFAEDF71BFA69460020EDF70EFBEDF742
:103DC0000BFA9620EDF723FAEDF710FAB62114203E
:103DD000EDF720FBEDF700FA5020EDF712FAEDF7C2
:103DE00005FA69460020EDF7F8FAEDF7F5F99620A7
:103DF000EDF70DFAEDF7FAF969460020EDF7EDFA67
:103E0000EDF7EAF99620EDF702FA9DF800000F2889
:103E100001D0FF2038BD00242FE0EDF7E7F904EBD7
:103E20004402184B1A44517804EB4402985CEDF7B5
:103E3000F1FAEDF7D1F99620EDF7E9F9EDF7D6F9BA
:103E400004EB44010F4A505C6946EDF7C6FAEDF702
:103E5000C3F99620EDF7DBF904EB44000949084467
:103E600040789DF80010884205D004EB44000549D5
:103E700008448078CEE7601CC4B2062CCDDB00205D
:103E8000C8E70000B6030020F0B502460E480078EF
:103E900010B10E48006800E000200346002010E04A
:103EA0001918CD1701EB5575ED10A1EBC50402EB08
:103EB0000011074D05EB041C9CE8E010A1E8E010A0
:103EC000401C0828ECDBF0BD900300208C03002090
:103ED000B011002000B599B000201190129002207E
:103EE00013900120149000201590169011A92848D5
:103EF000F1F7B1F800200346022211460090244851
:103F0000F1F7FDF8002201212148F1F707F82048D8
:103F1000F2F73BF9002009900A9002200B90012053
:103F20000C9000200D900E9009A91A48F1F793F813
:103F3000002003460222114600901648F1F7DFF8F0
:103F4000002201211348F0F7E9FF1248F2F71DF9AA
:103F50000020019002900220039001200490002094
:103F60000590069001A90C48F1F775F8002003466A
:103F70000222114600900848F1F7C1F80022012101
:103F80000548F0F7CBFF0448F2F7FFF819B000BD81
:103F90009C1400203C150020DC15002010B53120B9
:103FA000254908600020486088600820C86000201B
:103FB000086148618861C8610862204890EDA40BDF
:103FC000B2EE041B20EE010BBDEEC00B10EE100A8A
:103FD0001B490870194890EDA20B9FED1A1B20EEAB
:103FE000010BBDEEC00B10EE100A4870134890EDA7
:103FF000F00BB2EE041B20EE010BBDEEC00B10EE79
:10400000100A88700D4890EDEE0B9FED0E1B20EE10
:10401000010BBDEEC00B10EE100AC870074890F8F7
:104020006A050871002048718871C8710A46024902
:104030000648F0F7C7FF10BD68100020800400207C
:10404000460300200000000000005940DC1500205D
:1040500010B52DED048BD34890EDFA0B00F56A7086
:1040600090ED361B30EE411B9FEDCF2B81EE020B06
:104070009FEDCF1B20EE010B90ED341B9FEDCE2B5F
:1040800002EE010B80ED340BC64890EDAE0B90EDC7
:10409000D41B30EE411B9FEDC42B81EE020B9FED34
:1040A000C41B20EE010B90EDD21B9FEDC32B02EE43
:1040B000010B80EDD20B00F59B6090ED0A0B90EDAB
:1040C0001E1B30EE410B9FEDB81B80EE012B9FEDC8
:1040D000B80B22EE000B90ED1A1B9FEDB72B02EEF2
:1040E000010B80ED1A0B90ED0A0B90ED201B30EECA
:1040F000411B9FEDAD2B81EE020B9FEDAD1B20EE22
:10410000010B90ED1C1B9FEDAC2B02EE010B80ED23
:104110001C0B90ED041BF7EEC10BB0EE600AECF740
:10412000FFFFB7EEC00AA64890ED2C1B20EE010B56
:104130009C4890EDEE1B80EE019B00F59B6090ED9E
:10414000041BF7EEC10BB0EE600AECF785FCB7EE8E
:10415000C00A9B4890ED2E1BB1EE411B01EE009B67
:10416000B7EEC90BB0EE408A00F5987090ED041BD5
:10417000F7EEC10BB0EE600AECF76EFCB7EEC00ACA
:10418000904890ED081AB7EEC19A8D4890ED341B17
:1041900001EE409B00F5987090ED041BF7EEC10B0B
:1041A000B0EE600AECF7BCFFB7EEC00A7D4890EDB8
:1041B000FA1BB0EE002B21EE021B00F59B6090ED88
:1041C000062B21EE021B01EE009B90ED041BF7EE87
:1041D000C10BB0EE600AECF7A3FFB7EEC00A71485E
:1041E00090EDEE1B00F59B6090ED1A2B21EE021B6B
:1041F00001EE009B90ED041BF7EEC10BB0EE600AE0
:10420000ECF72AFCB7EEC00A664890EDEE1B00F50D
:104210009B6090ED062B21EE021B90ED062B21EE0C
:10422000021B01EE009B9FED680A38EE000AB7EE14
:10423000C00A9FED661B01EE090B614880ED380B4B
:10424000583090ED361BF7EEC10BB0EE600AECF77C
:1042500067FFB7EEC00A534890EDCA1B20EE010B72
:1042600090EDA21B80EE019B00F5806090ED361B67
:10427000F7EEC10BB0EE600AECF7EEFBB7EEC00A4A
:10428000484890EDCC1BB1EE411B01EE009BB7EE10
:10429000C90BF0EE408A00F5806090ED361BF7EE1A
:1042A000C10BB0EE600AECF7D7FBB7EEC00A454889
:1042B00090ED081AB7EEC19A3A4890EDD21B01EE84
:1042C000409B00F5806090ED361BF7EEC10BB0EE21
:1042D000600AECF725FFB7EEC00A324890EDAE1B3E
:1042E000B0EE002B21EE021B00F59B6090ED022B3F
:1042F00021EE021B01EE009BD83890ED361BF7EE45
:10430000C10BB0EE600AECF70BFFB7EEC00A254810
:1043100090EDA21B00F59B6090ED1C2B21EE021B83
:1043200001EE009BD83890ED361BF7EEC10BB0EED6
:10433000600AECF791FBB7EEC00A1A4890EDA21B99
:1043400000F59B6090ED022B21EE021B90ED022BFD
:1043500021EE021B01EE009B9FED1B0A38EE800A46
:10436000B7EEC00A9FED191B01EE090B0D4880ED59
:10437000D60B90EDFA0B124880ED360B00F59870D5
:1043800090ED0A0B80ED1E0B064890EDAE0B80ED14
:10439000D40B00F59B6090ED0A0B80ED200BBDEC7B
:1043A000048B10BD80040020000000E04D62503FEF
:1043B00000000080EB51C83F0000002085EBE93F82
:1043C00028080020DC0B0020857C704100000000E4
:1043D000D7A3F83F10B5044604B910BD94F868059A
:1043E00048B99FED110A04F5806080ED640A03204E
:1043F00084F86A0516E094F86805012803D1204680
:1044000001F006FC0EE094F86805022803D120466E
:1044100001F080FD06E094F86805032802D12046EB
:1044200001F02CFD00BFD8E7CDCCCC3D00B97047E2
:1044300090F8681580F869152949097A022903D18D
:10444000012180F8681549E02549097A01290DD133
:1044500080F86815002180F89C1580F8A2150121CC
:1044600080F8A315002180F8A41537E01C49097ACB
:1044700029B9002180F8681580F8B0152EE0184998
:10448000097A082903D1022180F8681526E0144929
:10449000097A092905D1012180F8681580F89C1551
:1044A0001CE00F49097A072909D1012180F8681514
:1044B00090F8A315012911D180F8A2150EE0084942
:1044C000097A062903D1032180F8681506E004491A
:1044D000097A052902D1012180F8681500BFA6E7F5
:1044E0000C11002010B500F0CBFDFE48FE4991ED07
:1044F000000AB7EEC00AF8F7F9F9FC48FA4991ED5D
:10450000000AB7EEC00AF8F7F1F9F948D0ED050A4C
:10451000F648083090ED5F1AF648D0ED051A9FED89
:10452000F62A72EE611A51EE210AB1EE001A60EE1F
:10453000810AB0EE600AF1EE000A04F072FBEB486B
:10454000083080ED5E0AA0F5806090F868050228CA
:1045500016D1E6480830D0ED620AE54890ED051A1C
:1045600070EEC10AB0EE001A60EE810AB0EE600A89
:10457000F1EE000A04F055FBDC48083080ED5E0ADD
:10458000DE4890F86805012804D0DC4890F86805FA
:1045900002287DD1012005F0A1FA98B9022005F08A
:1045A0009DFA78B9032005F099FA58B9042005F06E
:1045B00095FA38B9052005F091FA18B9062005F0EA
:1045C0008DFA18B10320CD4981F86A05CB4890F8DF
:1045D0006A0506287ED2DFE800F0FCFB03C0FAF98A
:1045E00002F036FBC24890ED010AB7EEC00AB0EE09
:1045F000C00B9FEDC31BB4EEC10BF1EE10FA24DC2F
:10460000BE4890EDA40B9FEDC01BB4EEC10BF1EEC4
:1046100010FA1AD390EDA40B9FEDBD1BB4EEC10BA5
:10462000F1EE10FA11DC90EDF00B9FEDB71BB4EE3C
:10463000C10BF1EE10FA08D390EDF00B9FEDB41B17
:10464000B4EEC10BF1EE10FA03DD0320AB4981F8A3
:104650006A05012005F042FA98B9022005F03EFAF9
:1046600078B9032005F03AFA58B9042005F036FA73
:1046700038B9052005F032FA18B9062005F02EFAEF
:1046800018B103209D4981F86A059848E03000E0A0
:1046900075E290ED122B90ED0E3B32EE432BB7EE10
:1046A000C22BB0EE421A90ED222BB7EEC22BF0EEE9
:1046B000421A90ED0E2BB7EEC22BF0EE420A90EDAF
:1046C000122BB7EEC22BB0EE420A03F0D7FB03F079
:1046D00007FC00E04FE28548083080ED6D0A824813
:1046E00090ED000ADFED8C0AB4EEE00AF1EE10FA6C
:1046F00011DB8248B0F8B805401C8049A1F8B80524
:104700000846B0F8B805B0F5C87F08DB4FF4C870AC
:10471000A1F8B80503E000207849A1F8B80577486A
:1047200090F8A205012817D103F068FCA0B17348E6
:10473000B0F8B805B0F5C87F0ED16C48083090EDE0
:10474000610ADFED760AB4EEE00AF1EE10FA03DB5F
:1047500005206A4981F86A0510E202F0F3FE674815
:1047600090F86905B0BB654890F86805012804D049
:10477000624890F8680502285CD104E0F7F7CEFAA9
:10478000012005F071FB5D48806A00780128F5D1B1
:104790005A48D0F8BC0000780128EFD15748D0F82B
:1047A000500100780128E9D15448D0F8E40100789C
:1047B0000128E3D10020514981F86A054C4890ED69
:1047C000010AB7EEC00AB0EEC00B04E0D0E1CCE1C4
:1047D00080E130E02EE09FED521BB4EEC10BF1EE14
:1047E00010FA27D2084690EDF00BB0EE081BB4EE9D
:1047F000C10BF1EE10FA1DD290EDF00B9FED4A1BAC
:10480000B4EEC10BF1EE10FA14DD90EDA40BB0EE96
:10481000081BB4EEC10BF1EE10FA0BD290EDA40B15
:104820009FED411BB4EEC10BF1EE10FA02DD012049
:1048300081F86A05A2E19FED3E0A304880EDF40A56
:104840009FED3B0A80EDA80A90EDA40B9FED391B6C
:1048500030EE410BB7EEC00B80EDA90A90EDF00BE6
:104860009FED341B30EE410BB7EEC00B80EDF50A27
:104870001F4890ED010AFFEE000AB4EEE00AF1EEE7
:1048800010FA14D21D4890EDA40B9FED2A1B30EEB8
:10489000010BB7EEC00B80EDA90A90EDF00B9FED78
:1048A000251B30EE010BB7EEC00B80EDF50A0F486B
:1048B000083090ED360B9FED211BB4EEC10BF1EEED
:1048C00010FA4FD290ED360BB6EE001BB4EEC10BD2
:1048D000F1EE10FA46DD064890ED010AB7EEC00A87
:1048E00030E0000048070020500000207808002039
:1048F000DC0B00200C1100200000000080040020D0
:10490000000000A09999F93F000000A09999D93FB3
:104910000000006066660640E17A943ECDCC4C3ED5
:10492000000000A09999E93F000000606666E63F3C
:10493000CDCCCC3E000000403333D33F00000060BC
:104940006666F63FB0EEC00B1FED0B1BB4EEC10B5D
:10495000F1EE10FA06D28B4890EDA40BB7EEC00B27
:1049600080EDA90A884890ED040B1FED0C1BB4EEF6
:10497000C10BF1EE10FA1DD290ED040BB6EE001B48
:10498000B4EEC10BF1EE10FA14DD804890ED010A8F
:10499000B7EEC00AB0EEC00B1FED1F1BB4EEC10B8B
:1049A000F1EE10FA06D2774890EDF00BB7EEC00B9F
:1049B00080EDF50A7448D83890ED360BD83090ED7C
:1049C000041B30EE410BB0EEC00B9FED711BB4EE3B
:1049D000C10BF1EE10FA41DD6C4890ED010AB7EE23
:1049E000C00AB0EEC00B1FED2D1BB4EEC10BF1EEF3
:1049F00010FA33DD90ED010AFFEE000AB4EEE00A92
:104A0000F1EE10FA15D25F4890EDA40B1FED371BA5
:104A100030EE010BB7EEC00B80EDA90A90EDF00B64
:104A20009FED5D1B30EE010BB7EEC00B80EDF50A7C
:104A300014E0544890EDA40B1FED421B30EE410BE7
:104A4000B7EEC00B80EDA90A90EDF00B9FED521B65
:104A500030EE410BB7EEC00B80EDF50A01F0DEFE43
:104A60004948D83890ED360B1FED4C1BB4EEC10B06
:104A7000F1EE10FA2DD290ED360BB6EE001BB4EE2F
:104A8000C10BF1EE10FA24DDD83090ED040B1FEDD0
:104A9000551BB4EEC10BF1EE10FA1AD290ED040BD7
:104AA000B6EE001BB4EEC10BF1EE10FA11DD374883
:104AB00090ED010AB7EEC00AB0EEC00B1FED631B0C
:104AC000B4EEC10BF1EE10FA03D201202D4981F8AA
:104AD0006A0553E000202B49A1F8BA059FED300A82
:104AE000084680EDA80A9FED2E0A80EDF40A9FED9E
:104AF0002C0A00F5806080ED640A9FED2A0A0846C2
:104B000080EDA90A9FED270A80EDF50A01F086FEE7
:104B10001C4890EDA90AB7EEC00A90EDA41B30EE38
:104B2000410BB0EEC00B9FED201BB4EEC10BF1EEBC
:104B300010FA19D290EDF50AB7EEC00A90EDF01B0D
:104B400030EE410BB0EEC00B9FED171BB4EEC10B66
:104B5000F1EE10FA08D202200A4981F86A05002015
:104B600081F8A20581F8A30508E001F007FF05E040
:104B700001F0ACFC02E002F0E5FC00BF01E001F056
:104B80004DFE10BD8004002058090020DC0B0020E1
:104B90009A9999999999E93F000000403333E33F8E
:104BA0008FC2F53DC3F5C83F000000A09999B93FF9
:104BB00010B52DED028BF648D0F8BC00D0ED010AFF
:104BC0009FEDF41A70EEC10AB0EE600A9FEDF21A82
:104BD000DFEDF20A04F03CF8B7EEC00AEC4880EDD5
:104BE0009E0B806AD0ED010A9FEDED1A70EEC10AAE
:104BF0009FEDEC1A70EE810AB0EE600A9FEDE61AA6
:104C0000DFEDE60A04F024F8B7EEC00AE04880EDD4
:104C1000A00B90EDA02BB0EE421B90ED9E2BB0EEC2
:104C2000420B00F5247100F5227003F0E3FCD84834
:104C3000D0F85001D0ED010AB1EE011A70EE810AF0
:104C4000B0EE600A9FEDD41ADFEDD40A04F000F84C
:104C5000B1EE400AB7EEC00ACD4880EDEC0BD0F8BB
:104C6000E401D0ED010A9FEDD01A70EEC10AB0EE5A
:104C7000600A9FEDC91ADFEDC90A03F0E9FFB1EE42
:104C8000400AB7EEC00AC24880EDEA0B90EDEC2B6B
:104C9000B0EE421B90EDEA2BB0EE420B00F57071C6
:104CA00000F56E7003F0A6FCB948D0F8BC0090ED9A
:104CB000020AB7EEC00AB64880EDAA0B806A90EDF2
:104CC000020AB7EEC00AB24880EDAC0B90EDA04BE3
:104CD000B0EE443B90ED9E4BB0EE442B90EDAC4BD0
:104CE000B0EE441B90EDAA4BB0EE440B00F53071D2
:104CF00000F52E7003F04EFDA548D0F8E40190EDCC
:104D0000020AB1EE400AB7EEC00AA14880EDF60BE8
:104D1000D0F8500190ED020AB1EE400AB7EEC00A99
:104D20009B4880EDF80B90EDEC4BB0EE443B90EDE2
:104D3000EA4BB0EE442B90EDF84BB0EE441B90EDF7
:104D4000F64BB0EE440B00F57C7100F57A7003F081
:104D500021FD8F4890EDA41B9FED942B31EE421B5B
:104D60009448D0ED010AB7EEE02A31EE421BF7EE8F
:104D7000C10BB0EE600A9FED881ADFED880A03F0E0
:104D800067FFB7EEC00A8C4880ED360B804890ED87
:104D9000B00B884890ED041AB7EEC11A30EE410B03
:104DA0008548D83080ED020B794890EDF01B9FEDDF
:104DB0007F2B31EE421B7F48D0ED010AB7EEE02A8F
:104DC00031EE421BF7EEC10BB0EE600A9FED721A96
:104DD000DFED720A03F03CFFB7EEC00A7648D83028
:104DE00080ED040B6A4890EDFC0B724890ED041ABC
:104DF000B7EEC11A30EE410B6F48D83080ED060B8C
:104E0000634890EDA40B9FED691B30EE410B90EDD4
:104E1000F01B9FED662B31EE421B30EE011BB0EE16
:104E2000002B81EE020B634890ED011AB1EE411A9E
:104E3000B7EEC11A30EE010BB7EEC00BB0EE408AF0
:104E40009FED551ADFED550A03F002FFB7EEC00AD9
:104E50005948D83080ED080B4D4890EDB00B90EDDF
:104E6000FC1B30EE011BB0EE002B81EE020B514813
:104E700090ED041AB1EE411AB7EEC11A30EE010BF3
:104E80004D48D83080ED0A0B4A4890ED010AB7EE44
:104E9000C00A4948D83080ED160B464890ED040A08
:104EA000B7EEC00A4448D83080ED180B01F024FA60
:104EB000374890F86805E8B99FED400B3E48D83078
:104EC00080ED100B9FED3D0B80ED120B9FED3B0B2A
:104ED00080ED0C0B9FED3B0A3B48406880ED000ADB
:104EE0009FED380A3848406880ED010A3648F7F7E8
:104EF000E7FB20E03048D83090ED0C0BB7EEC00B4C
:104F00003148406880ED000A2B48D83090ED140BF2
:104F1000B7EEC00B2C48406880ED010A2A48F7F72D
:104F2000CFFB2948006890ED000AB7EEC00A22487E
:104F3000D83080ED120B2048D83090ED120BB0EE37
:104F4000C00B9FED221BB4EEC10BF1EE10FA0AD894
:104F500090ED100B90ED121B9FED1E2B01EE020B3E
:104F600080ED100B05E09FED150B1348D83080ED58
:104F7000100B074890F8BC05C0B39FED180A1848FD
:104F800080ED000A9FED170A174880ED000A38E00F
:104F900080040020713D0A3FDB0F4940DB0F49C010
:104FA00085EB71400AD7A33F9A9919400000006031
:104FB000B81EF93FDC0B0020800800200000000034
:104FC0000000000000000000400A0020000000A0D7
:104FD0009999B93F000000E04D62503FCDCCCC3EE6
:104FE000B40000209A99193FB8000020FFE79FED18
:104FF0001B0A1B4880ED000A9FED1A0A1A4880ED33
:10500000000A1A4890F8BC05E0B11948D0ED610AD1
:10501000B0EE600ADFED170A03F003FE164880EDDC
:10502000000A1648807A642812DD114890ED610A62
:10503000B5EEC00AF1EE10FA0AD100200B4981F852
:10504000BC0505E00A4890ED610A0B4880ED000AB6
:10505000FEF7FEFFBDEC028B10BD0000CDCC4C3F37
:10506000B40000209A99993FB800002080040020E5
:10507000800800206666A63F5800002048110020E6
:1050800010B52DED048BFE4890F89C05012802D147
:1050900000F05EFC39E00020F94981F89D059FEDA4
:1050A000F90A01F5806080ED660A012081F89E050D
:1050B00001F56A7090ED3C0ADFEDF30AB4EE600A88
:1050C000F1EE10FA21D09FEDF13ADFEDF12A9FEDDC
:1050D000F12ADFEDF11A9FEDF11ADFEDEB0A9FEDFA
:1050E000F00AEC30F9F760FB9FEDE83ADFEDE82AD3
:1050F0009FEDE82ADFEDE81A9FEDE81ADFEDE20AFE
:105100009FEDE70AE748F9F74FFBE6489C3090ED42
:10511000650AE548D0ED020A30EE600ADFEDDA0AF2
:1051200020EE200AD0ED030A9FEDE01A00EEC10A3E
:10513000DF4880ED000A90ED000ADFEDDE0AB4EEF4
:10514000E00AF1EE10FA04DD9FEDDA0A80ED000AC4
:105150000DE0D74890ED000ADFEDD70AB4EEE00A83
:10516000F1EE10FA03D29FEDD40A80ED000A9FED14
:10517000C60AD24880ED000A9FEDC30AD04880EDF0
:10518000000ABF4890F8680570B99FEDBE0AC8488C
:1051900080ED000A9FEDBB0AC84880ED000A9FED34
:1051A000B90AC74880ED000AB54890EDA20B90ED12
:1051B000EE1B30EE010BB0EE001B80EE012BB7EEC4
:1051C000C20BC04880ED000AD0ED000AB6EE000A1E
:1051D000B0EE001A01EE200AF3EE080A60EE200A93
:1051E000B2EE001A80EE810AB6EE001AC0EE010A95
:1051F000B6EE000A80EE801AB7EEC19AA048406968
:1052000090ED041ADFEDB01A21EE211AB7EEC11AA3
:10521000B0EE410BB0EE001BFDF752FCB0EE408B40
:105220009748006890ED041ADFEDA71A21EE211AC5
:10523000B7EEC11AB0EE410BB0EE001BFDF740FC1B
:1052400038EE400BB0EEC00B29EE000BB7EE081B9A
:1052500020EE010BB7EEC00B9C4880ED000A884899
:10526000406990ED040AB7EEC00AB0EEC00B844866
:10527000006890ED041AB7EEC11AB0EEC11BB4EE8F
:10528000C10BF1EE10FA0EDD904890ED000A904847
:1052900080ED000A8D4890ED000AB1EE400A8D487D
:1052A00080ED000A22E07648406990ED040AB7EEEE
:1052B000C00AB0EEC00B7248006890ED041AB7EE59
:1052C000C11AB0EEC11BB4EEC10BF1EE10FA0DD253
:1052D0007E4890ED000A7F4880ED000A7B4890ED03
:1052E000000AB1EE400A7A4880ED000A644890ED69
:1052F000A21B90EDA22B9FED780B01EE420B9FEDD0
:10530000781B80EE012BB0EE428BB0EE480BFCF721
:105310008FFCB7EEC00B744880ED000AD0ED000A98
:105320009FED721A70EEC10AB0EE600AEBF794FBC3
:10533000B7EEC01A9FED6E0B9FED6F2B02EE410B87
:10534000B0EE408BFEF790F8B7EEC00B6C4880EDE6
:10535000000A6548D0ED000A9FED641A70EEC10A9C
:10536000B0EE600AEBF7DCFEB7EEC00A9FED651BFE
:1053700020EE018B5C4890ED000AEBF7D1FEB7EE12
:10538000C00A9FED621B20EE011B88EE010B9FED12
:10539000611B20EE012B3A4890EDA20B584890ED8E
:1053A000001AB7EEC11A80EE013B22EE030BB7EEF6
:1053B000C00B5A4880ED000A314890EDEE1B90ED8D
:1053C000EE2B9FED450B01EE420B9FED451B80EE52
:1053D000012BB0EE428BB0EE480BFCF729FCB7EE88
:1053E000C00B4F4880ED000AD0ED000A9FED3F1A38
:1053F00070EEC10AB0EE600AEBF72EFBB7EEC01AF2
:105400009FED3B0B9FED3C2B02EE410BB0EE408B32
:10541000FEF72AF8B7EEC00B424880ED000A40487C
:10542000D0ED000A9FED311A70EEC10AB0EE600AAD
:10543000EBF776FEB7EEC00A9FED321B20EE018B34
:10544000374890ED000AEBF76BFEB7EEC00A9FED10
:105450002F1B20EE010B88EE001B9FED2E0B21EE83
:10546000002B074890EDEE0B2E4890ED001AB7EE9A
:10547000C11A80EE013B22EE030BB7EEC00B53E0E6
:1054800080040020000000000000C84200004842E4
:1054900000007A436F12833A0AD7233D0000F0429E
:1054A00000007A44E4070020DC0B002000002042CA
:1054B0005C00002000007042000070C2600000200C
:1054C0006400002050000020B81E853D68000020C8
:1054D000700000206C000020EEEBC039234ABB3F77
:1054E000E17A14AE47E1BA3F88000020C7297A3E2E
:1054F0000EA9A27895B5A53F6FA301BC0512943FF4
:105500008C0000206FA301BC0512843F9A999999E1
:105510009999A93F0000000000C082C090000020BF
:105520009400002098000020394880ED000A394896
:1055300090F89D05012809D11FED2E0A364880ED0F
:10554000000A1FED300A324880ED000A314890ED24
:10555000F41AF0EE410A90EDEE1BB7EEC11BB0EE6F
:10556000410A00F29440F9F771F82B48D0ED000A97
:10557000F1EE600A294890ED001A70EEC10A30EE93
:10558000C00A2748D0ED660A30EE600A2548D0ED03
:10559000000A30EE600A2448D0ED000A30EE600ABE
:1055A000B7EEC00A1E48583880ED2E0B194890ED12
:1055B000A81AF0EE410A90EDA21BB7EEC11BB0EEA7
:1055C000410A00F55970F9F741F81148D0ED000A89
:1055D000F1EE600A154890ED001A70EEC10A30EE47
:1055E000C00A0F48D0ED660A30EE600A1048D0EDD0
:1055F000000A30EE600A0C48D0ED000A30EE200AB6
:10560000B7EEC00A034880EDCC0BBDEC048B10BD97
:105610009C000020800400209000002060000020FA
:1056200080080020700000205C0000206400002042
:105630006C00002010B5022300221946B048F6F78E
:10564000BFFBAF48D0F8F800AE4991E81C00C9682C
:1056500080E81C00C160AA48AB4CD0F8003117CCE0
:1056600017C3A748A94CD0F80C11D4E90023D4E9FA
:105670000204C1E902040CC1A148D0F81401A44CF1
:105680001ECC1EC09E48D0F81801A24C1ECC1EC0D5
:1056900002F0E4FAA049086002F0E4FA9E49486189
:1056A00002F0CCFA9C49886202F0CCFA9A49C1F81F
:1056B000BC0002F0CBFA9849C1F8500102F0CAFAD6
:1056C0009549C1F8E4019FED953ADFED952A9FEDEC
:1056D000952ADFED951A9FED951ADFED950A9FED5E
:1056E000950A01F29440F9F75FF89FED8C3ADFEDEF
:1056F0008C2A9FED8C2ADFED8C1A9FED8C1ADFED42
:105700008C0A9FED8C0A8C48F9F74EF8DFED8B3A46
:10571000B2EE043ADFED832A9FED882ADFED871A87
:105720009FED861ADFED850AB2EE040A844802F086
:1057300071FB9FED823AF3EE0E2A9FED7A2ADFEDA0
:105740007F1A9FED7E1ADFED7D0AB2EE000A7C48DB
:105750004C30F9F729F8DFED793AB2EE043ADFED93
:10576000712A9FED762ADFED751A9FED741ADFED31
:10577000730AB2EE040A7248943002F04BFB9FEDBC
:105780006F3AF3EE0E2A9FED672ADFED6C1A9FED5C
:105790006B1ADFED6A0AB2EE000A6948E030F9F7E9
:1057A00003F8DFED663AB2EE043ADFED5E2A9FEDD4
:1057B000632ADFED621A9FED611ADFED600AB2EE37
:1057C000040A5548303002F025FB9FED5C3AF3EEB9
:1057D0000E2A9FED542ADFED591A9FED581ADFED7E
:1057E000570AB2EE000A4C487C30F8F7DDFFDFEDD7
:1057F000533AB2EE043ADFED4B2A9FED502ADFED2B
:105800004F1A9FED4E1ADFED4D0AB2EE040A4C48D6
:10581000943802F0FFFA9FED493AF3EE0E2A9FED1D
:10582000412ADFED461A9FED451ADFED440AB2EE3C
:10583000000A43484838F8F7B7FF9FED420A3E4850
:105840009C3080ED5C0AB0EE080A80ED5D0ABAEE8D
:10585000040A80ED5F0A9FED3C0A2F4880EDA80AFC
:105860009FED390A80EDF40A9FED370A00F580605C
:1058700080ED640A9FED350A274880EDA90A9FED67
:10588000330A80EDF50A0020234981F86805FFF707
:105890008FF90120204981F89E05002081F8A2059A
:1058A00081F8A405A1F8A605A1F8A8059FED230A93
:1058B00001F5806080ED6D0A02F0CEFA00201649F5
:1058C000A1F8BA0504E0F6F729FA012004F0CCFAB1
:1058D0001148806A00780128F5D10F48D0F8BC0043
:1058E00000780128EFD10C48D0F850010078012849
:1058F000E9D10948D0F8E40100780128E3D110BDCE
:10590000400A00200000002010000020200000209D
:1059100030000020400000208004002000004842A9
:1059200000007A436F12833A0AD7233D0000F04209
:105930000000C84200007A44E40700200000000094
:10594000D805002000002042CDCCCC3DC3F5C83F97
:1059500010B5994890F89E05012840D1002096493D
:1059600081F89D059FED953ADFED952A9FED952AEB
:10597000DFED951A9FED951ADFED950A9FED950ADB
:1059800001F29440F8F710FF9FED8C3ADFED8C2A7E
:105990009FED8C2ADFED8C1A9FED8C1ADFED8C0ABF
:1059A0009FED8C0A8C48F8F7FFFE9FED8C0A8A4821
:1059B0009C3080ED640A9FED890A7F4880EDA80A3B
:1059C0009FED860A80EDF40A9FED850A00F5806060
:1059D00080ED660A0220784981F89E05EAE0764863
:1059E00090F89E0502282FD1734890EDA20B9FEDF1
:1059F0007D1BB4EEC10BF1EE10FA25D890EDEE0B45
:105A00009FED781BB4EEC10BF1EE10FA1CD801200B
:105A1000694981F89D059FED750A01F5806080ED6B
:105A2000640A9FED720A084680EDA80A9FED6F0A8E
:105A300080EDF40A9FED660A00F5806080ED660A4D
:105A4000032081F89E05B5E05B4890F89E05032889
:105A50002FD1594890EDA20B9FED651BB4EEC10B01
:105A6000F1EE10FA25DB90EDEE0B9FED611BB4EE2D
:105A7000C10BF1EE10FA1CDB01204F4981F89D05A6
:105A80009FED560A01F5806080ED640A9FED5A0A89
:105A9000084680EDA80A9FED580A80EDF40A9FEDB4
:105AA000500A00F5806080ED660A042081F89E05AA
:105AB00080E0414890F89E05042839D13E4890ED99
:105AC000A20B9FED4E1BB4EEC10BF1EE10FA2FD8D6
:105AD00090EDEE0B9FED491BB4EEC10BF1EE10FA09
:105AE00026D8B0F8A005401C3349A1F8A005012034
:105AF00081F89D059FED430A01F5806080ED640A01
:105B00009FED410A084680EDA80A9FED3F0A80ED0F
:105B1000F40A9FED330A00F5806080ED660A0846BE
:105B2000B0F8A005DC2845DB052081F89E0541E0A2
:105B3000214890F89E0505281FD100201E49A1F894
:105B4000A005012081F89D059FED2E0A01F58060DA
:105B500080ED640A9FED2C0A084680EDA80A9FEDAF
:105B60002A0A80EDF40A9FED290A00F5806080ED95
:105B7000660A002081F89E051CE00F4890F89E05FB
:105B8000C0B900200C4981F89D059FED1E0A01F562
:105B9000806080ED640A9FED1C0A084680EDA80A2B
:105BA0009FED190A80EDF40A9FED180A00F5806058
:105BB00080ED660A10BD000080040020000048420D
:105BC00000007A436F12833A0AD7233D000048430E
:105BD0000000000000803B45E40700209A99193E30
:105BE000000048C300000040E17AC43FCDCCCC3E69
:105BF000000000403333D33FCDCCCC3D00000080CB
:105C00003D0AC73F8FC2753EEC51383E00007042DE
:105C100010B504468D48007C022809D19FED8C0AFE
:105C200004F5806080ED640A012084F8B00513E07B
:105C30008648007C032809D19FED860A04F5806020
:105C400080ED640A012084F8B00505E09FED820A2A
:105C500004F5806080ED640A7C48007A052805D14F
:105C60009FED7E0A04F5806080ED640A774890ED30
:105C7000000AB5EEC00AF1EE10FA02D0012084F855
:105C8000B00594F8B00528B99FED750A04F5806059
:105C900080ED640A94F89D05012808D194EDA80AC6
:105CA00084EDA80A94EDF40A84EDF40A73E004F597
:105CB000806090ED640A84EDA80A90ED640A84ED9A
:105CC000F40A624890ED030A6648D0ED000A30EE0F
:105CD000600A04F5806080ED650A6348D0ED020A31
:105CE00004F5806090ED651A70EE810AB0EE600AEE
:105CF000EBF716FADFED5D0A20EE200ADFED5C0A15
:105D0000B4EEE00AF1EE10FA17DC5748D0ED020AC3
:105D100004F5806090ED651A70EE810AB0EE600ABD
:105D2000EBF7FEF9DFED510A20EE200ADFED510A14
:105D3000B4EEE00AF1EE10FA15D24B48D0ED020AAB
:105D400004F5806090ED651A70EE810AB0EE600A8D
:105D5000EBF7E6F9DFED450A20EE200A04F5806056
:105D600080ED630A05E09FED440A04F5806080ED54
:105D7000630A94EDA80A04F58060D0ED630A30EE62
:105D8000200A84EDA80A94EDF40AD0ED630A30EEFF
:105D9000600A84EDF40A04F5806090ED640AF6EE82
:105DA000000AB4EEE00AF1EE10FA03DDB6EE000AE6
:105DB00080ED640A04F5806090ED640ADFED240A4A
:105DC000B4EEE00AF1EE10FA03D29FED210A80ED65
:105DD000640A94EDA80AF6EE000AB4EEE00AF1EEC9
:105DE00010FA03DDB6EE000A84EDA80A94EDA80AC5
:105DF000DFED170AB4EEE00AF1EE10FA03D29FEDE0
:105E0000140A84EDA80A94EDF40AF6EE000AB4EE42
:105E1000E00AF1EE10FA03DDB6EE000A84EDF40AB2
:105E200094EDF40ADFED0A0AB4EEE00AF1EE10FA9E
:105E300003D29FED070A84EDF40A044890ED000AAE
:105E400004F5806080ED610A10BD00000C11002097
:105E5000CDCCCC3DAE47E13EAE47613EB81E853E5F
:105E60009A99193E38030020DC0B00209A99193FBB
:105E70000AD7A33B0AD7A3BB00000000224991ED3B
:105E8000070A80EDA90A91ED0C0A80EDA80A91EDB0
:105E9000090A80EDF50A91ED0A0A80EDF40A90ED09
:105EA000A80ADFED1A0AB4EEE00AF1EE10FA03DDFB
:105EB0009FED160A80EDA80A90EDA80ADFED140AFE
:105EC000B4EEE00AF1EE10FA03D29FED110A80ED74
:105ED000A80A90EDF40ADFED0D0AB4EEE00AF1EE47
:105EE00010FA03DD9FED090A80EDF40A90EDF40A43
:105EF000DFED070AB4EEE00AF1EE10FA03D29FEDEF
:105F0000040A80EDF40A70470C110020CDCCCC3E81
:105F1000CDCCCC3D10B52DED048B0446DD48007C86
:105F2000022806D19FEDDC0A04F5806080ED640A4A
:105F300010E0D848007C032806D19FEDD80A04F56C
:105F4000806080ED640A05E09FEDD50A04F580606D
:105F500080ED640A04F5806090ED640A84EDA80A7F
:105F600090ED640A84EDF40ACE4890ED000ADFED6E
:105F7000CE0A30EEC00A04F5806080ED650ACB4899
:105F8000D0ED020A04F5806090ED651A70EE810A8A
:105F9000B0EE600AEBF7C4F8DFEDC50A20EE200A88
:105FA000DFEDC40AB4EEE00AF1EE10FA17DCBF48E8
:105FB000D0ED020A04F5806090ED651A70EE810A5A
:105FC000B0EE600AEBF7ACF8DFEDB90A20EE200A7C
:105FD000DFEDB90AB4EEE00AF1EE10FA15D2B348DB
:105FE000D0ED020A04F5806090ED651A70EE810A2A
:105FF000B0EE600AEBF794F8DFEDAD0A20EE200A70
:1060000004F5806080ED630A05E09FEDA70A04F5C2
:10601000806080ED630A94EDA80A04F58060D0EDFD
:10602000630A30EE200A84EDA80A94EDF40AD0ED5C
:10603000630A30EE600A84EDF40A90ED640AF6EE2D
:10604000000AB4EEE00AF1EE10FA03DDB6EE000A43
:1060500080ED640A04F5806090ED640ADFED970A34
:10606000B4EEE00AF1EE10FA03D29FED940A80ED4F
:10607000640A94EDA80AF6EE000AB4EEE00AF1EE26
:1060800010FA03DDB6EE000A84EDA80A94EDA80A22
:10609000DFED8A0AB4EEE00AF1EE10FA03D29FEDCA
:1060A000870A84EDA80A94EDF40AF6EE000AB4EE2D
:1060B000E00AF1EE10FA03DDB6EE000A84EDF40A10
:1060C00094EDF40ADFED7D0AB4EEE00AF1EE10FA89
:1060D00003D29FED7A0A84EDF40A6E4890ED000A2F
:1060E000F1EE408A90ED018AF5EEC08AF1EE10FAE9
:1060F0001BD1B5EEC08AF1EE10FA05DD9FED700AF6
:10610000704880ED000A5AE0B5EEC08AF1EE10FA50
:1061100005D29FED6D0A6B4880ED000A4FE09FEDC0
:10612000620A684880ED000A49E0F5EEC08AF1EEA7
:1061300010FA0DDD88EE280AB7EEC00AB0EE409BDB
:10614000FBF7B2FFB7EEC00B5E4880ED000A36E009
:10615000B5EEC08AF1EE10FA13DD88EE880AB7EECC
:10616000C00AB0EE409BFBF79FFFB1EE400B9FEDE6
:10617000571B30EE010BB7EEC00B524880ED000A02
:106180001DE0B5EEC08AF1EE10FA13D288EE880A4F
:10619000B7EEC00AB0EE409BFBF786FFB1EE400BB6
:1061A0009FED4A1B30EE410BB7EEC00B454880ED2A
:1061B000000A04E09FED470A424880ED000AF5EE30
:1061C000C08AF1EE10FA0BD1B5EEC08AF1EE10FAEA
:1061D00006D19FED350A04F5806080ED610A15E077
:1061E0002C48D0ED050A374890ED001AB1EE411A5F
:1061F00070EE810AB0EE600AEAF792FFF6EE000A4E
:1062000020EE200A04F5806080ED610AB4F8A8054C
:10621000401CA4F8A805B4F8A805012805DBBAEECF
:106220000A0A04F5806080ED620AB4F8A805B0F5AA
:10623000C87F05DBBAEE020A04F5806080ED620AD1
:10624000B4F8A805B0F52F7F05DBB9EE040A04F514
:10625000806080ED620AB4F8A80540F24C418842A3
:1062600005DBBAEE020A04F5806080ED620AB4F83C
:10627000A80540F2DC51884208DBBAEE0A0A04F5B0
:10628000806080ED620A0020A4F8A805BDEC048BB4
:1062900010BD00000C1100209A99193E9A99993E60
:1062A000CDCC4C3E3403002000000000DC0B00206D
:1062B0009A99193F0AD7A33B0AD7A3BBCDCCCC3DB3
:1062C000DB0FC93F30030020DB0FC9BF1F85EB5137
:1062D000B81EF93FC3F5484010B50248FEF77AF8FA
:1062E00010BD00008004002010B50248FEF79EF8A3
:1062F00010BD00008004002010B52DED028B6B480E
:10630000006890ED040A6A48D0ED040A30EE200AD5
:10631000B7EEC00A654890EDB01B30EE410BB7EE0A
:10632000C00B644880ED000A6048406990ED040AA3
:10633000B1EE400A5E48D0ED040A30EE200AB7EE16
:10634000C00A5A4890EDFC1B30EE410BB7EEC00B73
:10635000594880ED000A574890ED000AB1EE400A16
:106360005548D0ED000A30EE600ADFED540A20EE09
:10637000200AB7EEC00A524880ED0E0B4D4890ED52
:10638000000A4D48D0ED000A30EE600ADFED4B0AFE
:1063900020EE200AB7EEC00A494880ED220BD8381B
:1063A00090ED361BF7EEC10BB0EE600AEAF754FB36
:1063B000B7EEC00A3D4890EDA21B414890ED0A2B74
:1063C00021EE021B3B4890ED002AB1EE422ADFEDA0
:1063D0003B2A22EE222AB7EEC28A01EE008B384811
:1063E000D83890ED361BF7EEC10BB0EE600AEAF735
:1063F00097FEB7EEC00A2D4890EDAE1B01EE008B64
:10640000B7EEC80B2F4880ED000A2D4890ED041B15
:10641000F7EEC10BB0EE600AEAF71EFBB7EEC00A5A
:10642000224890EDEE1B264890ED0A2B21EE021B30
:10643000214890ED002AB1EE422ADFED202A22EE1B
:10644000222AB7EEC28A01EE008B1D4890ED041B94
:10645000F7EEC10BB0EE600AEAF762FEB7EEC00AD3
:10646000124890EDFA1B01EE008BB7EEC80B1648F0
:1064700080ED000A90ED000A1248D0ED000A30EEDF
:10648000200AF0EE000A80EE201AB7EEC10A0C488E
:1064900080ED0C0B064890ED060AB7EEC00A0848DE
:1064A00080ED140BBDEC028B10BD000080040020B9
:1064B000DC0B0020F4000020F8000020B81E853D11
:1064C00058090020FC0000200001002010B5C6483B
:1064D00090F8A40520B101282ED002287ED1A6E094
:1064E000C148B0F8A605401CBF49A1F8A6059FED1C
:1064F000BF0A084680EDA90A9FEDBC0A80EDF50AA7
:106500009FEDBB0A80EDF40A9FEDB90A80EDA80A61
:10651000B848007C032802D1012081F8A405B248C4
:10652000B0F8A605142806DB0020AF49A1F8A6059F
:10653000022081F86A05ABE0AB48B0F8A605401C24
:10654000A949A1F8A6059FEDAA0A084680EDF40A1C
:106550009FEDA70A80EDA80A90EDA40BB6EE001BF4
:1065600030EE010BB7EEC00B80EDA90A90EDF00BF9
:10657000B6EE001B30EE010BB7EEC00B80EDF50A56
:1065800000F5806090ED360B9FED9B1B31EE400BCC
:10659000B0EEC00B9FED9A1BB4EEC10BF1EE10FAFA
:1065A00006D2084690EDA40BB7EEC00B80EDA90A09
:1065B000954890ED040B9FED901B31EE400BB0EE33
:1065C000C00B9FED8F1BB4EEC10BF1EE10FA08D299
:1065D000854890EDF00BB7EEC00B00E053E080ED86
:1065E000F50A8948D83890ED360B9FED831B31EEC4
:1065F000400BB0EEC00B9FED821BB4EEC10BF1EE71
:1066000010FA13D2D83090ED040B9FED7B1B31EEC6
:10661000400BB0EEC00B9FED7A1BB4EEC10BF1EE58
:1066200010FA03D20220704981F8A40530E09FEDF2
:10663000770A6D4880EDF40A9FED740A80EDA80A90
:1066400090EDA40BB7EEC00B80EDA90A90EDF00B16
:10665000B7EEC00B80EDF50A90EDEE0B9FED6C1BD5
:10666000B4EEC10BF1EE10FA0CD290EDA20B9FED3F
:10667000681BB4EEC10BF1EE10FA03D201205A49A7
:1066800081F86A0504E00320574981F86A0500BFD4
:1066900000BF00205449888100215348018490EDB7
:1066A000F51AF0EE410A90EDF41AB0EE410A00F549
:1066B0007371081FF6F7C8FA4B4890EDF31AF0EE25
:1066C000410A90EDEC1BB7EEC11BB0EE410A00F59C
:1066D000AC7001F0CBFA444890ED601AF0EE410A3C
:1066E00090EDF81BB7EEC11BB0EE410A00F5D27079
:1066F000F7F7ACFF3C4890ED710AB1EE400A80ED2F
:10670000550A90EDF21AF0EE410A90EDEA1BB7EE51
:10671000C11BB0EE410A00F5F67001F0A7FA32484D
:1067200090ED851AF0EE410A90EDF61BB7EEC11B15
:10673000B0EE410A00F50E70F7F788FF2A4890ED99
:10674000960AB1EE400A80ED7A0A90EDA91AF0EEB1
:10675000410A90EDA81AB0EE410A00F52771081F12
:10676000F6F772FA204890EDA71AF0EE410A90ED84
:10677000A01BB7EEC11BB0EE410A303001F076FA33
:10678000194890ED161AF0EE410A806A90ED021A4F
:10679000B0EE410A14487C30F7F758FF124890EDEC
:1067A000270A80ED0B0A90EDA61AF0EE410A90ED53
:1067B0009E1BB7EEC11BB0EE410AC43001F056FA81
:1067C000094890ED3B1AF0EE410AD0F8BC0090ED7C
:1067D000021AB0EE410A1048F7F738FF024890ED70
:1067E0004C0A80ED300A10BD80040020C3F5C83F7C
:1067F000CDCCCC3E0C110020000000606666F63F58
:10680000000000A09999B93F58090020CDCCCC3D9B
:106810009A9999999999C93F9005002010B500203F
:106820005449888100215348018490EDF51AF0EE17
:10683000410A90EDF41AB0EE410A00F57371081F99
:10684000F6F702FA4B4890EDF31AF0EE410A90ED9C
:10685000EC1BB7EEC11BB0EE410A00F5AC7001F0C5
:1068600005FA444890ED601AF0EE410A90EDF81BED
:10687000B7EEC11BB0EE410A00F5D270F7F7E6FEA5
:106880003C4890ED710AB1EE400A80ED550A90ED5A
:10689000F21AF0EE410A90EDEA1BB7EEC11BB0EE22
:1068A000410A00F5F67001F0E1F9324890ED851AE1
:1068B000F0EE410A90EDF61BB7EEC11BB0EE410AB7
:1068C00000F50E70F7F7C2FE2A4890ED960AB1EE79
:1068D000400A80ED7A0A90EDA91AF0EE410A90ED97
:1068E000A81AB0EE410A00F52771081FF6F7ACF9B7
:1068F000204890EDA71AF0EE410A90EDA01BB7EEEC
:10690000C11BB0EE410A303001F0B0F9194890EDEA
:10691000161AF0EE410A806A90ED021AB0EE410AB2
:1069200014487C30F7F792FE124890ED270A80ED6C
:106930000B0A90EDA61AF0EE410A90ED9E1BB7EE01
:10694000C11BB0EE410AC43001F090F9094890ED46
:106950003B1AF0EE410AD0F8BC0090ED021AB0EEFE
:10696000410A0548F7F772FE024890ED4C0A80EDA7
:10697000300A10BD800400209005002010B5A74803
:1069800090ED1C1B00F5987090ED102BA44890ED35
:10699000000AB7EEC00A30EE422B9FEDA20B01EECB
:1069A000420B9E4890ED202B00F5987090ED123B25
:1069B0009E4890ED001AB7EEC11A31EE431B02EE6D
:1069C000410B9B4890EDC21B00F59B6090ED162B90
:1069D00001EE020B964890EDC61B00F59B6090ED12
:1069E000182B01EE020BB7EEC00B914880ED040AA4
:1069F000D0ED040AB0EE600ADFED8E0A02F011F964
:106A00008B4880ED040A90ED040AB1EE400A80ED57
:106A1000090A00F5806090ED5E0AF0EE000A80EE53
:106A2000201A834890ED040A30EE410AF3EE040A7E
:106A300080EE201A9FED800A61EE000A9FED7F1A1A
:106A400080EE810ADFED7E0A80EE201ABDEEC10ADB
:106A500010EE100A00B27649888101F5806090ED51
:106A60005E0AB0EE001AC0EE010A084690ED090A6F
:106A700030EE600AF3EE040A80EE201A9FED6E0AF3
:106A800061EE000A9FED6D1A80EE810ADFED6C0A5F
:106A900080EE201ABDEEC10A10EE100A01B2644861
:106AA00001849FED680A80EDA80A9FED660A80EDDB
:106AB000F40A9FED640A00F5806080ED640A9FEDA2
:106AC000620A5B4880EDA90A9FED5F0A80EDF50A36
:106AD00090EDF51AF0EE410A90EDF41AB0EE410A8D
:106AE00000F57371081FF6F7AFF8514890EDF31AEF
:106AF000F0EE410A90EDEC1BB7EEC11BB0EE410A7F
:106B000000F5AC7001F0B2F8494890ED601AF0EE73
:106B1000410A90EDF81BB7EEC11BB0EE410A00F53B
:106B2000D270F7F793FD424890ED710AB1EE400A3A
:106B300080ED550A90EDF21AF0EE410A90EDEA1B55
:106B4000B7EEC11BB0EE410A00F5F67001F08EF809
:106B5000374890ED851AF0EE410A90EDF61BB7EE3E
:106B6000C11BB0EE410A00F50E70F7F76FFD30481B
:106B700090ED960AB1EE400A80ED7A0A90EDA91ADE
:106B8000F0EE410A90EDA81AB0EE410A00F5277127
:106B9000081FF6F759F8264890EDA71AF0EE410ABB
:106BA00090EDA01BB7EEC11BB0EE410A303001F0F2
:106BB0005DF81F4890ED161AF0EE410A806A90EDDC
:106BC000021AB0EE410A1A487C30F7F73FFD184828
:106BD00090ED270A80ED0B0A90EDA61AF0EE410A1F
:106BE00090ED9E1BB7EEC11BB0EE410AC43001F020
:106BF0003DF80F4890ED3B1AF0EE410AD0F8BC008A
:106C000090ED021AB0EE410A1048F7F71FFD084850
:106C100090ED4C0A80ED300A10BD000028080020DD
:106C20005400002000000000000000005800002078
:106C30008004002033335340000080469A99993EE7
:106C40003429523FCDCCCC3DC3F5C83F9005002040
:106C500000B52DED028B8BB0FD48007C032805D1DB
:106C60009FEDFC0AFC4880ED000A0EE0F848007C2D
:106C7000012805D19FEDF90AF74880ED000A04E0EC
:106C80009FEDF70AF44880ED000AF64890ED121BDC
:106C9000F548D0ED000AB7EEE02A32EE411BF7EEE0
:106CA000C10BB0EE600AF148D0ED000A01F0B9FF67
:106CB000B7EEC01AEE4890EDB22BEA4890ED083BD3
:106CC000E54890ED000AB7EEC00A33EE403B9FED79
:106CD000E90B02EE030BE64890EDB62BE14890ED90
:106CE0000A3B02EE030BE24890EDBA3BDD4890ED23
:106CF000104BE24890ED002AB7EEC22A32EE442B48
:106D000003EE420BDA4890EDBE2B02EE410B90ED04
:106D1000C21BD44890ED162B01EE020BD44890ED27
:106D2000C61BD04890ED182B01EE020BB7EEC00B3E
:106D3000CF4880ED040ACB4890ED121BCA48D0ED35
:106D4000000AB7EEE02A32EE411BF7EEC10BB0EEBF
:106D5000600AC648D0ED000A01F063FFB7EEC01A22
:106D6000C34890EDFE2BBF4890ED083BBA4890ED2C
:106D7000000AB7EEC00A33EE403B9FEDBE0B02EEB9
:106D8000030BBF4890ED182BB64890ED0A3B02EE7E
:106D9000030BBB4890ED1C3BB24890ED104BB7483D
:106DA00090ED002AB7EEC22A32EE442B03EE420BDE
:106DB000B34890ED202B02EE410B90ED241BA94827
:106DC00090ED162B01EE020BAD4890ED281BA54867
:106DD00090ED182B11EE420BB7EEC00BA44880EDDE
:106DE000090AA04890ED121B9F48D0ED000AB7EEAB
:106DF000E02A32EE411BF7EEC10BB0EE600AA1486B
:106E0000D0ED000A01F00DFFB7EEC01A984890EDE2
:106E1000B42B944890ED083B8F4890ED000AB7EEF4
:106E2000C00A33EE403B9FED930B02EE030B9048FC
:106E300090EDB82B8B4890ED0A3B02EE030B8C488B
:106E400090EDBC3B874890ED104B8C4890ED002AAC
:106E5000B7EEC22A32EE442B03EE420B844890ED8B
:106E6000C02B02EE410B90EDC41B7E4890ED162B1B
:106E700001EE020B7E4890EDC81B7A4890ED182B6E
:106E800011EE420B7A4880EDCA0B764890ED121B4A
:106E90007548D0ED000AB7EEE02A32EE411BF7EE5E
:106EA000C10BB0EE600A7748D0ED000A01F0B9FEE0
:106EB000B7EEC01A724890ED162B6A4890ED083B69
:106EC000654890ED000AB7EEC00A33EE403B9FEDF7
:106ED000690B02EE030B6A4890ED1A2B614890EDA6
:106EE0000A3B02EE030B664890ED1E3B5D4890EDB9
:106EF000104B624890ED002AB7EEC22A32EE442BC6
:106F000003EE420B5E4890ED222B02EE410B90ED1A
:106F1000261B544890ED162B01EE020B584890EDBD
:106F20002A1B504890ED182B11EE420B544880ED6F
:106F30002C0B4F4890EDF00B90EDA41B30EE011B95
:106F4000B0EE002B81EE020B9FED4F1B30EE410B9C
:106F5000B0EEC00B9FED4E1BB4EEC10BF1EE10FA7C
:106F600019DB474890ED2C0BB0EEC00BB0EE001BC8
:106F700080EE012BB7EEC20BB0EE408A5830D0ED58
:106F80005E0AB0EE600AF0EE480A01F04AFE3C48A4
:106F9000583080ED5E0A364890F89E05032804D0EC
:106FA000334890F89E05022876D1314890EDB21B07
:106FB0002C4890ED080BB5EE002B30EE422B9FEDE8
:106FC0002D0B01EE020B2A4890EDB61B254890EDE3
:106FD0000A2B01EE020B264890EDBA1B214890EDDA
:106FE000103B264890ED002AB7EEC22A32EE432B22
:106FF00001EE020B1E4890EDBE2B1A4890ED123B9D
:10700000194890ED001AB7EEC11A31EE431B02EE9B
:10701000010B174890EDC21B124890ED162B01EEA4
:10702000020B134890EDC61B0E4890ED182B01EE95
:10703000020BB7EEC00B0E4880ED040A90EDFE1B6C
:10704000084890ED080BB5EE002B30EE422B24E003
:107050000C110020B81E053EA80000207B142E3E17
:10706000CDCC4C3E5809002058000020B400002030
:1070700080040020000000000000000054000020F8
:1070800028080020B800002000000060B81EF93F6A
:10709000000000C0CCCCDC3F46E01FED0A0B01EE47
:1070A000020BA0F5987090ED181B00F5987090ED0C
:1070B0000A2B01EE020BA0F5987090ED1C2B00F549
:1070C000987090ED103BFE4890ED001AB7EEC11A93
:1070D00031EE431B02EE010BFA4890ED202B00F538
:1070E000987090ED123BF84890ED001AB7EEC11A77
:1070F00031EE431B02EE010BF24890ED241B00F52C
:10710000987090ED162B01EE020BEE4890ED281BC7
:1071100000F5987090ED182B11EE420BB7EEC00BF6
:10712000A0F59B6080ED090AE848D0ED040AB0EEB6
:10713000600ADFEDE70A01F074FDE44880ED040A1F
:10714000D0ED090AB0EE600ADFEDE10A01F069FD59
:10715000DE4880ED090A00F58060D0ED5E0AB0EEF1
:10716000001A80EE810AD948D0ED040A30EEC00A38
:10717000B0EE408ADFEDD60A01F053FDDFEDD50A0F
:1071800020EE200AF2EE0E0A20EE200ADFEDD20AEF
:1071900080EE201ABDEEC10A10EE100A00B2CB49F3
:1071A000888101F58060D0ED5E0AB0EE001A80EEB5
:1071B000810A0846D0ED090A30EEC00AB0EE408AD6
:1071C000DFEDC30A01F02DFDDFEDC20A20EE200A3B
:1071D000F2EE0E0A20EE200ADFEDBF0A80EE201A42
:1071E000BDEEC10A10EE100A01B2B8480184EAF7F8
:1071F000B1FC0021B54880F8601380F8901490ED40
:10720000A40B90EDF01B30EE410B00F5806090ED8B
:107210005C1AB7EEC11A20EE010BAC4890EDB01B22
:1072200090EDFC2B31EE422B00F5806090ED5D1A65
:10723000B7EEC11A01EE020BB7EEC00B80ED5B0A90
:10724000D83090ED080BB7EEC00B8DED010A90ED34
:107250000A0BB7EEC00B8DED020A90ED100BB7EEE6
:10726000C00B8DED030A90ED120BB7EEC00B8DED48
:10727000040A90ED160BB7EEC00B8DED050A90EDEC
:10728000180BB7EEC00B8DED060A904890EDCC0BB5
:10729000B7EEC00B8DED070A8A4890ED2E0BB7EEC6
:1072A000C00B8DED080A90ED2C0BB7EEC00B8DEDE9
:1072B000090A864890EDCA0BB7EEC00B8DED0A0A9D
:1072C00001A800F0F7FE854880ED000A90ED000A65
:1072D000F6EE080AB4EEE00AF1EE10FA05DBB7EEBE
:1072E000000A7F4880ED000A04E09FED7E0A7C489A
:1072F00080ED000A7A4890ED000AB5EEC00AF1EE82
:1073000010FA09D1714890F89D05012843D16F48C2
:1073100090F8900401283ED101216C4880F8601358
:1073200090EDB41B00F5806090ED362B1FEDAF0B98
:1073300001EE020B654890EDB81B00F59B6090EDE7
:10734000022B11EE420B614880EDCA0B00205F4911
:1073500088819FED640A01F5806080ED5B0A084634
:1073600090F89D05012816D1084690EDB41B00F554
:107370009B6090ED082B1FEDC10B01EE020B084640
:1073800090EDB81B00F59B6090ED0A2B11EE420BBF
:10739000084680EDCA0B524890ED000AB5EEC00ACF
:1073A000F1EE10FA09D1494890F89D05012844D121
:1073B000464890F8600301283FD10121434880F8F6
:1073C0009014404890ED161B00F5987090ED042B3A
:1073D0001FEDD80B01EE020B3A4890ED1A1B00F599
:1073E000987090ED062B11EE420B364880ED2C0B79
:1073F0000021364801849FED3B0A00F5806080ED56
:107400005B0A324890F89D05012816D12D4890ED71
:10741000161B00F5987090ED042B1FEDEA0B01EEA2
:10742000020B284890ED1A1B00F5987090ED062B82
:1074300011EE420B234880ED2C0B244890EDCA1B23
:1074400000F5806090ED5B0AB7EEC00A31EE400BAC
:107450001E4880EDCA0B1B4890ED2C0B583090ED68
:107460005B1AB7EEC11A30EE010B583880ED2C0BC9
:10747000164890EDA04BB0EE443B90ED9E4BB0EE25
:10748000442B90EDCA4BB0EE441B90EDCC4BB0EECC
:10749000440B00F54E7000F071FE0C4890EDCE0BE1
:1074A000B7EEC00B80ED0B0A90EDD00BB7EEC00B22
:1074B00080ED300A90EDEC4BB0EE443B14E0000060
:1074C00054000020280800205800002080040020DC
:1074D00033335340548061453D0A5F41B000002082
:1074E000AC0000200000000090EDEA4BB0EE442B11
:1074F00000F56A7090ED2C4BB0EE441B90ED2E4BD6
:10750000B0EE440BC03000F039FE0D4890ED300B6A
:10751000B1EE400BB7EEC00BA0F56A7080ED550AD6
:10752000074890ED320BB1EE400BB7EEC00BA0F563
:107530006A7080ED7A0A0BB0BDEC028B00BD0000D2
:107540002808002000200B49888100210948018477
:107550009FED090A80ED550A9FED070A80ED7A0A32
:107560009FED050A80ED0B0A9FED030A80ED300ABE
:1075700070470000800400200000000040F22F400F
:1075800002F072FCFEF756F802E0012002F06CFCFB
:10759000012002F0A3FA0028F7D1022002F09EFA9F
:1075A0000028F2D1032002F099FA0028EDD104203E
:1075B00002F094FA0028E8D1052002F08FFA0028A2
:1075C000E3D1062002F08AFA0028DED166E0FEF759
:1075D0008BFEFDF7EDFAFEF77FFEFCF783FF002040
:1075E00002F07CFA30B10020EAF70EFA0020EAF748
:1075F00033FA19E02A4890F8680520B1284890F835
:107600006805032806D10020EAF7FEF90020EAF712
:1076100023FA09E02249B1F90C00EAF7F5F920490B
:10762000B1F92000EAF718FA012002F057FA98B9E8
:10763000022002F053FA78B9032002F04FFA58B949
:10764000042002F04BFA38B9052002F047FA18B9C5
:10765000062002F043FA28B10020EAF7D5F900200D
:10766000EAF7FAF90E48806A0078012811D10C482F
:10767000D0F8BC00007801280BD10948D0F850019F
:107680000078012805D10648D0F8E40100780128E7
:1076900001D0F4F743FB012002F0E6FB97E700007E
:1076A0008004002085B00021049103910291019192
:1076B00000914FF0E0214969009117490978414351
:1076C00004914FF0E0218969039121E04FF0E0211E
:1076D00089690291DDE90212914219D0DDE90212B5
:1076E000914206D2DDE90221891A019A11440191E1
:1076F00007E0029A0099891A039A1144019A1144E9
:10770000019102990391049A0199914200D300E0FA
:10771000DCE700BF05B070479403002010B50446B5
:1077200004EBC400454901EB8000006804EBC40190
:10773000424A02EB8101486002F0D4FD04EBC4012F
:107740003E4A02EB8101086004EBC400114601EBE4
:107750008000C07CC0F38010B0B104EBC40001EB2A
:107760008000C07C20F0400004EBC40102EB8101EA
:10777000C87404EBC400114601EB8000006804EB00
:10778000C40102EB8101C86004EBC4002B4901EB8A
:107790008000806990B304EBC401284A02EB8101A8
:1077A0008869804758B304EBC400244901EB80008A
:1077B000C07C20F02000203004EBC4011F4A02EB03
:1077C0008101C87404EBC400114601EB8000C07C49
:1077D00020F08000803004EBC40102EB8101C8740A
:1077E00004EBC400114601EB8000006A28B304EBEF
:1077F000C40102EB8101086A80471EE00FE0FFE749
:1078000004EBC4000D4901EB8000C07C20F0800037
:1078100004EBC401094A02EB8101C8740DE004EBDA
:10782000C400064901EB8000C07C20F0800004EB1E
:10783000C401024A02EB8101C87410BD0C0F002084
:1078400010B58CB00446302254496846E8F74DFF25
:1078500000209EE000EB40013DF8112000EBC0014C
:107860004F4B03EB8101098A62F30B0100EBC0026D
:1078700003EB8202118200EB40016A4602EB4101F8
:107880004A8800EBC00103EB8101B1F8111062F3EB
:107890000F1100EBC00203EB8202A2F8111000EB03
:1078A00040016A4602EB4101097900EBC00203EB9B
:1078B0008202D27C61F3440200EBC00103EB810140
:1078C000CA74002100EBC00203EB8202916100EB5D
:1078D000C00203EB8202D16100EBC00203EB820223
:1078E000116200EBC0011A4602EB8101C97C21F054
:1078F0000101491C00EBC00203EB8202D17400EBD2
:10790000C0011A4602EB8101C97C21F0200120311F
:1079100000EBC00203EB8202D17400EBC0011A46F7
:1079200002EB8101C97C21F04001403100EBC00233
:1079300003EB8202D17400EBC0011A4602EB810115
:10794000C97C21F08001803100EBC00203EB820290
:10795000D1749FED140A10EE101A00EBC00203EB75
:107960008202516100EBC0011A4602EB81010C60FA
:1079700000EBC00102EB81014C6000EBC00102EBA7
:1079800081018C6000EBC00102EB8101CC60411CE5
:10799000C8B20828FFF65EAF0CB010BD9CA6010867
:1079A0000C0F00200000000002F09CFC99490860C8
:1079B00008460068FFF744FF392002F055FA27E136
:1079C00002F090FC9349086008209349087093489E
:1079D00090F8330120F04001904880F8331190F87E
:1079E000330120F020018D4880F83311002409E193
:1079F00004EBC400894901EB8000C07C00F0010069
:107A000000B9FEE004EBC400844901EB800000688B
:107A100080490968081A04EBC401804A02EB81011D
:107A2000098AC1F30B01884260D904EBC4001146F6
:107A300001EB8000C07CC0F3401008BB04EBC40025
:107A400001EB8000C07C20F04000403004EBC4011A
:107A500002EB8101C87404EBC400114601EB800005
:107A6000C07C20F02000203004EBC40102EB810137
:107A7000C8746848006804EBC40102EB81018860A7
:107A800004EBC400654901EB8000C07CC0F34300F7
:107A90006149097801EBC101604A02EB8101C97CAF
:107AA000C1F34301884201DD5B490C705B4890F8EB
:107AB000330120F040004030584981F83301084636
:107AC00090F8330120F02000203081F8330104EBDE
:107AD000C40001EB8000C069002806D004EBC4019B
:107AE0004E4A02EB8101C869804789E004EBC4007B
:107AF0004A4901EB8000C06846490968081A04EB4E
:107B0000C401464A02EB8101B1F81110B0EB111F1C
:107B10001BD204EBC400114601EB8000C07C20F0B6
:107B2000400004EBC40102EB8101C87404EBC40003
:107B3000114601EB8000C07C20F02000203004EBD7
:107B4000C40102EB8101C8745AE004EBC40033495C
:107B500001EB8000C07C20F0400004EBC4012F4A00
:107B600002EB8101C87404EBC400114601EB8000F4
:107B7000C07CC00968B104EBC40001EB8000C07C8C
:107B800020F02000203004EBC40102EB8101C87416
:107B90000DE004EBC400214901EB8000C07C20F023
:107BA000200004EBC4011D4A02EB8101C87404EB00
:107BB000C4001A4901EB8000006804EBC401174AB5
:107BC00002EB8101496888421AD904EBC4001146CE
:107BD00001EB8000006804EBC40102EB81014968FD
:107BE000401A00EE100AF8EE400A9FED0D1A81EEE1
:107BF000200A10EE100A04EBC40102EB8101486177
:107C000000BF641C082CFFF6F3AE0A2002F02CF92A
:107C1000D6E6000020030020240300200C0F0020E3
:107C200000007A4482B0CDE9000121F000400190CB
:107C30009DED000B02B051EC100B704700487047EF
:107C4000EC10002000487047FC10002000487047EE
:107C5000DC10002000487047CC100020004870471E
:107C60008C10002000487047AC10002010B52DED9E
:107C7000028B0446B0EE408B24B99FED630ABDEC45
:107C8000028B10BD94ED0F0A84ED100AC4ED078A33
:107C900084ED088A78EEC80AB0EE600A9FED5B1AA0
:107CA000DFED5B0A00F0D4FF84ED0F0A94ED000ACB
:107CB000D4ED0F0A20EE200A84ED0B0A94ED0F0A92
:107CC000B7EEC00AB0EEC01B94ED040AB7EEC00ACE
:107CD000B4EEC01BF1EE10FA16D294ED0F0AD4EDFB
:107CE000100A30EE200AD4ED010A20EE200AB0EE90
:107CF000001AC0EE010A94ED121A94ED0C0A00EE7F
:107D0000810A84ED0C0A03E09FED3F0A84ED0C0A22
:107D100094ED0C0AD4ED060AB4EEE00AF1EE10FA86
:107D200004DD94ED060A84ED0C0A10E094ED0C0AD3
:107D3000D4ED060AF1EE600AB4EEE00AF1EE10FAB4
:107D400005D294ED060AB1EE400A84ED0C0A94EDDA
:107D5000080AD4ED110A30EE600AD4ED120A80EE62
:107D6000201A94ED020AB1EE400A21EE000A84EDD9
:107D70000D0A94ED070AD4ED090A30EE600AD4ED3D
:107D8000030A20EE200A84ED0E0A94ED0B0AD4EDCE
:107D90000C0A30EE200AD4ED0D0A30EE200AD4EDA4
:107DA0000E0A30EE200A84ED0A0A94ED0A0AD4ED98
:107DB000050AB4EEE00AF1EE10FA04DD94ED050ACE
:107DC00084ED0A0A10E094ED0A0AD4ED050AF1EEFA
:107DD000600AB4EEE00AF1EE10FA05D294ED050A5D
:107DE000B1EE400A84ED0A0A94ED070A84ED090A0F
:107DF00094ED0F0A84ED100A94ED080A84ED110A3F
:107E000094ED0A0A3BE7000000000000DB0F494048
:107E1000DB0F49C000B9704780ED000AC0ED010AD0
:107E200080ED021A80ED042AC0ED122A80ED053A99
:107E3000C0ED063A9FED074A80ED0A4A80ED0D4AF3
:107E400080ED0C4A80ED0B4A80ED104A80ED0F4A20
:107E500000BFE0E70000000010B500200449086002
:107E60000449087080210448E8F79BFC10BD00001D
:107E70008C03002090030020B01100201548164903
:107E8000096800EB011080ED000A124812490968E8
:107E900000EB0110C0ED010A0E480F49096800EB24
:107EA000011080ED021A0B480B49096800EB011024
:107EB000C0ED031A08480068401C074908600846DE
:107EC0000068082804DB00200860012003490870CE
:107ED00070470000B01100208C03002090030020A8
:107EE00000B52DED048BA1B03D48007828B9B7EE60
:107EF000000A21B0BDEC048B00BD01A8FBF7C4FF54
:107F0000002018E001A901EB800191ED000A35493C
:107F100001EB8001D1ED000A30EE600A324901EB3D
:107F20008001D1ED000A80EE201A01A901EB800149
:107F300081ED001A401C2028E4DBDFED2C8A0021B3
:107F400026E0DFED2B0AB0EE600A002016E0294A99
:107F500002EBC11202EB800292ED001A01AA02EBC1
:107F60008002D2ED001A31EEC11AF0EE410AB0EEF5
:107F7000401A00EEA01AB0EE410A401C2028E6DBB1
:107F8000B4EEE80AF1EE10FA01D2F0EE408A491C94
:107F90000729D6DBB1EE680ADFED170A80EE201A5A
:107FA000B0EE419AB0EE490AFAF716FCB0EE408AFC
:107FB000B7EE000AB4EEC08AF1EE10FA03DDB7EEB8
:107FC000000AB0EE408AB5EEC08AF1EE10FA03D294
:107FD0009FED070AB0EE408AB0EE480A89E700003C
:107FE0009003002000B1010880B10108F90215508A
:107FF0000000000000B20108FE55614210B5FFF715
:108000006FFFF6EE080AB4EEE00AF1EE10FA01D2C4
:10801000012010BD0020FCE770B504460D46501E3F
:1080200025E048B1411E04EB8101D1ED000AF4EED8
:10803000C00AF1EE10FA19D8511E0EE04E1E04EBE4
:108040008606D6ED000A04EB8106C6ED000A4E1E38
:1080500055F8266045F82160491E8142EEDC04EBAC
:10806000800181ED000A45F8203002E0401E002822
:10807000D7DA00BF70BD0000F0EE400AF6EE001A3D
:1080800060EEA11AB0EE611AB0EE600A10EE100AAE
:108090000749A1EB600000EE100A21EE002AF7EE7E
:1080A000081A42EE401A61EE801AB0EE610A70477B
:1080B000DF59375FF0B52DED028B95B006460BA961
:1080C000304600F031FE00200BE09FED2A0A06A9A1
:1080D00001EB800181ED000A002101AA42F8201085
:1080E000401C0528F1DB002529E005EB450000EBED
:1080F000C500214A02EB80010A220BA801F07AFC9C
:10810000B0EE408A05EB450000EBC5001A4901EBD3
:10811000800090ED0A0ABDEEC00A10EE107A9DEDC7
:108120000A0AB4EEC80AF1EE10FA07DD3B46B0EEDB
:10813000480A052201A906A8FFF76EFF6D1C282D2D
:10814000D3DB0024002006E001A951F8201001290A
:1081500000D1641C401C0528F6DB00EE104AF8EE46
:10816000C00AB1EE041A80EE810A15B0BDEC028B94
:10817000F0BD00006B0B5E5D20AA010831B52DED4E
:10818000080B2DED108BA0B004469DED340BFAF7D3
:10819000CBFAB0EE408B9DED360BFAF7C5FA8DEDBC
:1081A0000A0B9DED340BFBF707F9B0EE40DB9DEDBC
:1081B000360BFBF701F98DED000B9FEDFE0B28EE62
:1081C000000B8DED180B9FEDFD0B28EE000BB0EEB4
:1081D00040CB9DED0A0B9FEDF91B20EE010B8DEDC1
:1081E000140B9FEDF40B2DEE000B8DED120B9FED9C
:1081F000F30B2DEE000B8DED160B9DED000B9FED9F
:10820000EF1B20EE010B8DED100B9DED180B9DED7E
:108210000A1B9FEDE82B01EE420BB0EE409B9DED5B
:10822000140B3CEE400B8DED0E0B9DED120B9DEDF6
:10823000001B9FEDE02B01EE420BB0EE40AB9DED3D
:10824000160B9DED101B30EE410B8DED0C0B2DEE42
:10825000090B9FEDDC1B20EE010B8DED080B9DED56
:10826000000B20EE090B9FEDD71B20EE010B8DEDCF
:10827000060B28EE0A0B9FEDD31B20EE010B8DEDB4
:10828000040B9DED0A0B20EE0A0B9FEDCE1B20EE9A
:10829000010B8DED020B29EE090B0AEE0A0BB0EE75
:1082A00040FB9DED140B30EE4C0B30EE0F0BB7EE98
:1082B000001B81EE002BB0EE429B29EE090BB0EEC5
:1082C00040AB9DED0E1B21EE011B9DED0C2B02EE34
:1082D000021B0FEE4F1BB0EE410BFBF7C5F8B0EEE3
:1082E00040EBB7EE000B80EE0E1B8DED1E1B9DEDDF
:1082F000100B9DED161B30EE410B30EE0E0BB0EE69
:1083000040BB29EE0B1BB0EE410BF9F7CDFEB0EEF2
:10831000001B20EE010BB0EE408BB0EE480BFAF7DD
:1083200003FAB0EE40EBB0EE480BFBF745F88DEDED
:108330001C0B2BEE0B1BB7EE000B0AEE010BB7EE7E
:10834000001B81EE002B8DED1A2B9DED180B9DED82
:108350000C1B20EE011B9DED0E0B2DEE002B9FED57
:108360009B3BB0EE410B02EE030B9DED081B9DED18
:10837000042B31EE421B21EE0F1BB0EE002B01EE61
:10838000020B9DED1E1B20EE011BB0EE002B81EEBB
:10839000020B3CEE400B20EE090B9DED161B9DEDF4
:1083A000042B31EE022B9DED081B32EE411B21EE1A
:1083B0000A1B01EE0B0B8DED080B9DED000B9DEDE7
:1083C0000E1B20EE010B9FED811B20EE010B9DED9E
:1083D000061B9DED022B31EE421B21EE0F1BB0EE72
:1083E000002B01EE020B9DED0A1B9DED0C2B21EEE7
:1083F000021B9FED702B01EE020B9DED1E1B20EE6C
:10840000010BB0EE002B80EE021B9DED140B30EE45
:10841000410B20EE090B9DED101B9DED022B31EE63
:10842000022B9DED061B32EE411B21EE0A1B01EED5
:108430000B0B8DED040BB1EE000B8EEE001B9DEDD2
:10844000180B31EE000BB0EE40DB9DED1C0BB1EED6
:10845000002B80EE021B9DED120B31EE000BB0EEF7
:1084600040CB2DEE0D0BB0EE408BB7EE000B80EE47
:108470000D1B8DED161BB0EE480B0CEE0C0BB0EE89
:1084800040BB9DED1A0B2EEE000B8DED1E0B9DEDEE
:108490001E0B9DED081B20EE010BB0EE002B80EEB5
:1084A000021B9DED180B30EE410BB0EE40FB9DED35
:1084B0001C0B9DED1A1B20EE010BB0EE40EB9DED69
:1084C000080B2EEE000BB0EE002B80EE021B9DED94
:1084D000120B30EE410BB0EE409BB0EE4B0BFAF7B7
:1084E000C3FFB7EE002B82EE001B9DED300B21EE9B
:1084F000000BB0EE40ABB7EE000B80EE0B1B9DED1A
:10850000320B20EE080B21EE000BB0EE40BBB7EEB5
:10851000001B81EE080B20EE0C0BB0EE408B2CEE16
:108520000F0BB0EE001B20EE010B2DEE091BB0EE81
:10853000002B01EE420B20EE0A1BB0EE002B81EE69
:10854000020B9DED161B21EE0F1B08EE091B0BEE17
:10855000010B84ED000B9DED1E0B20EE0C1B9DED21
:10856000040B21EE000B2EEE0D2B9DED041B02EEF5
:10857000410B20EE0A1BB0EE002B81EE020B9DEDAD
:108580001E1B9DED042B21EE022BB0EE003B82EE74
:10859000031B9FED102B32EE412B9DED161B22EE9F
:1085A000011B9DED042B2EEE023BB0EE004B83EE43
:1085B000042B13E0E17A14AE47E1CA3FE17A14AE2E
:1085C00047E1BA3FE17A14AE47E1DA3FE17A14AE0F
:1085D00047E1CABF000000000000000008EE421B97
:1085E0000BEE410B84ED020B20B0BDEC108B09B0FB
:1085F00030BD000073B52DED040B2DED108B8CB04C
:10860000B0EE41BB04460D469DED1C0BFAF78CF80D
:10861000B0EE408BB0EE4B0BFAF786F8B0EE40AB05
:108620009DED1C0BFAF7C8FEB0EE409BB0EE4B0B75
:10863000FAF7C2FE8DED080B9FED520B28EE000BF2
:108640008DED060B9FED510B28EE000B8DED040B0D
:108650009FED4E0B2AEE000B8DED020B9FED490BAB
:1086600029EE000BB0EE40CB9FED480B29EE000B3E
:10867000B0EE40DB9DED080B9FED441B20EE010B9F
:10868000B0EE40EB9DED060B9FED3E1B0AEE410B5D
:10869000B0EE409B9DED040B9DED021B30EE410BB7
:1086A0008DED0A0B9DED080B9FED362BB0EE4C1BAC
:1086B00000EE421BB0EE418B3DEE4E0BB0EE40ABF8
:1086C00029EE090B08EE080BB0EE408B9DED020B76
:1086D0009DED041B30EE410B30EE080BB7EE001B96
:1086E00081EE00FB9DED0A1B21EE011B0AEE0A1B29
:1086F00008EE481BB0EE410BFAF7B6FE3EEE4D1BFE
:1087000030EE010B2FEE000B8DED000B9DED000BFD
:10871000F9F7CAFCB0EE001B20EE010BB0EE408B67
:10872000B0EE480BFAF748FEB1EE002B80EE021BCC
:1087300031EE0C0BB0EE409BB0EE480BF9F7F4FFB6
:10874000B1EE002B80EE021B9DED060B31EE000B0F
:10875000B0EE408B29EE091B08EE081BB0EE410B72
:10876000FAF782FE84ED000BB0EE481BB0EE490B29
:10877000FBF708FA85ED000B0CB0BDEC108B06B0D2
:1087800070BD0000E17A14AE47E1CA3FE17A14AE51
:1087900047E1BA3F73B52DED080B2DED108BA0B05E
:1087A00004460D469DED340BF9F7BEFFB0EE408B4D
:1087B0009DED360BF9F7B8FF8DED120B9DED340BE7
:1087C000FAF7FAFDB0EE40AB9DED360BFAF7F4FD8B
:1087D0008DED060B9FEDFE0B28EE000B8DED1E0BB5
:1087E0009FEDFD0B28EE000B8DED1C0B9DED120B8C
:1087F0009FEDF91B20EE010B8DED1A0B9FEDF40B95
:108800002AEE000B8DED180B9FEDF30B2AEE000BFB
:108810008DED160B9DED060B9FEDEF1B20EE010B72
:108820008DED140B9DED1E0B9DED121B9FEDE82BA6
:1088300001EE420BB0EE409B9DED1C0B9DED1A1B13
:1088400030EE410B8DED100B9DED180B9DED061BD1
:108850009FEDDF2B01EE420BB0EE40CB9DED160BF2
:108860009DED141B30EE410B8DED0E0B2AEE090B26
:108870009FEDDB1B20EE010B8DED0C0B9DED060B30
:1088800020EE090B9FEDD61B20EE010B8DED0A0BA0
:1088900028EE0C0B9FEDD21B20EE010BB0EE40EB4F
:1088A0009DED120B20EE0C0B9FEDCD1B20EE010B6E
:1088B0008DED080B29EE090B0CEE0C0BB0EE40BB56
:1088C0009DED1A0B9DED1C1B30EE410B30EE0B0B9A
:1088D000B7EE001B81EE002B8DED042B9DED040BFC
:1088E00020EE000BB0EE40DB9DED101B21EE011BD6
:1088F0009DED0E2B02EE021B0BEE4B1BB0EE410B5F
:10890000FAF7B2FDB0EE408BB7EE000B80EE081B1D
:108910008DED021B9DED140B9DED161B30EE410BF2
:1089200030EE080BB0EE40FB9DED041B21EE0F1B5B
:10893000B0EE410BF9F7B8FBB0EE001B20EE010BD7
:10894000B0EE408BB0EE480BF9F7EEFEB0EE409B78
:10895000B0EE480BFAF730FDB0EE40CB2FEE0F1B18
:10896000B7EE000B0DEE010BB7EE001B81EE002BF6
:108970008DED002B9DED1E0B9DED0E1B20EE010BD2
:108980009DED101B2AEE011B9FED972B01EE020BB4
:108990009DED0C1B31EE4E1B21EE0B1BB0EE002BA0
:1089A00001EE020B9DED021B20EE010BB0EE002B41
:1089B00080EE021B9DED1C0B30EE411B9DED040B68
:1089C00021EE000B9DED161B31EE0E2B9DED0C1BC9
:1089D00032EE411B21EE0D1B01EE0F0B8DED160B40
:1089E0009DED060B9DED101B20EE010B9FED7E1BF8
:1089F00020EE010B9DED0A1B9DED082B31EE421B75
:108A000021EE0B1BB0EE002B01EE020B9DED121BB5
:108A10009DED0E2B21EE021B9FED6D2B01EE020B47
:108A20009DED021B20EE010BB0EE002B80EE021B31
:108A30009DED1A0B30EE411B9DED040B21EE000B5A
:108A40009DED141B9DED082B31EE022B9DED0A1BB5
:108A500032EE411B21EE0D1B01EE0F0BB0EE408BF1
:108A6000B1EE000B89EE001B9DED1E0B31EE000BED
:108A7000B0EE40EBB1EE000B8CEE001B9DED180B41
:108A800031EE000BB0EE40AB9DED000B29EE000B7C
:108A9000B0EE40BB2BEE080B8DED1C0B9DED000BDB
:108AA0002CEE000BB0EE40CB2CEE080B8DED040B42
:108AB0002EEE0E0BB0EE40DBB7EE000B80EE0E1B81
:108AC0008DED021BB0EE4D0B0AEE0A0BB0EE409B93
:108AD000B0EE490BFAF7C8FCB7EE001B81EE002B95
:108AE000B0EE428BB7EE000B80EE091BB0EE41FBFF
:108AF0009DED160B2BEE000BB0EE002B80EE021B53
:108B00009DED1E0B30EE410BB0EE40BB9DED160B04
:108B10002CEE000BB0EE002B80EE021B9DED180B2F
:108B200030EE410BB0EE409B9DED1C0B2AEE001B7E
:108B30009DED040B0EEE401B9DED320B20EE080B5D
:108B400021EE000BB0EE001B80EE012B2AEE0B0B8A
:108B5000B0EE001B20EE010B2EEE091BB0EE003B29
:108B600001EE430B9DED301B21EE081B20EE010BA7
:108B7000B0EE001B80EE013B32EE030B84ED000BE8
:108B8000B7EE001B81EE0D0B20EE0A0BB0EE408B12
:108B90009DED1C0BB0EE002B80EE021B9FED140B25
:108BA00030EE411B9DED020B21EE000B9DED041BF1
:108BB000B0EE003B81EE032B08EE420B9DED021B55
:108BC00021EE0B1B08EE091B9DED302B14E000007D
:108BD000E17A14AE47E1CA3FE17A14AE47E1BA3F09
:108BE000E17A14AE47E1DA3FE17A14AE47E1CABF59
:108BF000000000000000000022EE0D2B22EE0F2BE3
:108C000021EE021B9DED322B22EE0D2B22EE0F2BBF
:108C100002EE401B85ED001B20B0BDEC108B0AB0AE
:108C200070BDB0EE401AB4EEE01AF1EE10FA02DDBB
:108C3000B0EE600A7047B1EE600AB4EEC01AF1EE11
:108C400010FA02D2B1EE600AF4E7B0EE410AF1E7A1
:108C5000B4EEE01AF1EE10FA00D27047B4EEC10A99
:108C6000F1EE10FA0EDD31EE602AF0EE421A03E06A
:108C700030EE612AB0EE420AB4EEC10AF1EE10FA0B
:108C8000F6DC13E0B4EEE00AF1EE10FA0ED231EEAB
:108C9000602AF0EE421A03E030EE212AB0EE420ADA
:108CA000B4EEE00AF1EE10FAF6D300BF00BFD4E74D
:108CB000EDF7A0FBF6F7D0FFF5F798FDF4F7C8F94C
:108CC000F4F71AF8F4F7F0FBF4F728FCF4F79CF843
:108CD000F4F7DCF8F4F746FBF4F70AFBF4F75CFA78
:108CE000F4F7C6FAF4F774FBF4F788FAF4F7A6FB86
:108CF000F4F710F900F0DEFBFBF7ECF8F8F74AFDAB
:108D0000F6F7CCF900F0C6FBF2F7C0FFF4F746F92E
:108D100000F038F800BFFEE701460020842901D0AA
:108D2000CA1C1044704700000246002016E002EB07
:108D3000800393ED000A0B4B03EB8003D3ED000A95
:108D400030EE600A084B03EB8003D3ED000A80EE9F
:108D5000201A01EB800383ED001A401C0A28E6DB91
:108D600070470000D0A90108F8A9010870B50446B1
:108D700025460DB1294600E00121084601F074F8AE
:108D8000002070BD10B501F0A1F8002010BD7FB526
:108D900004460D46606998B1A06988B1B4F908002D
:108DA000FFF7BAFF0646D4E90510CDE9006102904D
:108DB0002B462269D4E9001001F036FA039013E043
:108DC000B4F90800FFF7A8FF064603A8CDE9006044
:108DD000238A9AB22B46D4E9001001F0F3F9012856
:108DE00002D0002004B070BD0398FBE72DE9F041EC
:108DF00005460E461C4807681C480068001D00F028
:108E0000F3FE50B91948006890F82C1001208840F2
:108E100017490968814316480160681C38B936B1A2
:108E200012480168091D134800F028FF1AE07C1958
:108E30000E4800684460BC4207D20C480168091D16
:108E40000D48006800F000FF0CE008480168091DAB
:108E50000A48006800F0F8FE09480068844201D220
:108E600007480460BDE8F0810C040020F8030020EE
:108E7000100400205422002000040020FC030020E5
:108E80002804002038B5044600F004FF2D4800688F
:108E9000401C2C4908602C48006840B92A480460EE
:108EA0000846006801280DD100F058F90AE027486B
:108EB000006838B924480068C06AE16A884201D86D
:108EC0002148046022480068401C21490860084687
:108ED000006860656CB12046F6F7A0F9216B206848
:108EE000401A009004F134012046D4E90B23F6F730
:108EF0001FFE2046F6F7F6F994F82C100120884062
:108F000014490968084313490860E16A01EB8101CB
:108F1000114A02EB8100211D00F0B0FE00F0E4FEDA
:108F20000A48006868B108480068C06AE16A884277
:108F300007D24FF0805009490860BFF34F8FBFF34D
:108F40006F8F38BD08040020F803002014040020AF
:108F500024040020100400207821002004ED00E00B
:108F600010B516E000F096FE0C48C068C468201DDD
:108F700000F03AFE0A480068401E094908600948A6
:108F80000068401E0749086000F0AEFE204600F071
:108F90000BF8044800680028E4D110BD40220020EE
:108FA000080400200404002010B5044694F8690069
:108FB00030B9206B00F0B6FE204600F0B3FE1AE098
:108FC00094F86900012803D1204600F0ABFE12E0BE
:108FD00094F86900022801D1012000E0002050B976
:108FE00000BF502080F31188BFF34F8FBFF36F8F06
:108FF00000BF00BFFEE710BD30B54FF470531748F7
:1090000000F007042CB1C01D20F00700134C041B16
:109010001B1B0246124C22600024114D6C60D018BC
:10902000083820F007000F4C206000240D4D2D68FB
:109030006C600C4D2D682C601146441A4C60094C34
:1090400024680C60084D4C682C60084D4C682C60FE
:109050004FF00044064D2C6030BD00006822002017
:10906000340400203C04002044040020400400207C
:109070005004002000BFFFF773FF06480068012876
:10908000F9D94FF0805004490860BFF34F8FBFF308
:109090006F8FF0E77821002004ED00E02DE9F05F0C
:1090A00082460E4690469B460A9F0C9C4FEA8801DA
:1090B000A522206BE7F74BFBA8F10100216B01EB28
:1090C000800929F0070909F0070008B9012000E02C
:1090D000002050B900BF502080F31188BFF34F8F9C
:1090E000BFF36F8F00BF00BFFEE786B1002507E02A
:1090F000715D04F134004155705D00B902E06D1CF2
:10910000202DF5D300BF00215320015502E000209F
:1091100084F83400072F00D30627E762E7650020B4
:109120002066201D00F08DFD04F1180000F089FD7F
:109130002461C7F10700A06164620020606684F8C2
:1091400068005A465146484600F050F920600B9896
:1091500008B10B980460BDE8F09F000010B5002432
:1091600007E004EB84010F4A02EB810000F05CFD94
:10917000641C072CF5D30C4800F056FD0B4800F09A
:1091800053FD0B4800F050FD0A4800F04DFD0A4821
:1091900000F04AFD0448094908600448084908608D
:1091A00010BD000078210020042200201822002099
:1091B0002C2200204022002054220020FC0300200A
:1091C0000004002010B50146164800E0006803685E
:1091D0008B42FBD30246436813448B4204D143685D
:1091E0004C682344436001460A464B6813440468B4
:1091F000A34211D10C4C03682468A34208D04B68E9
:109200000468646823444B6003681B680B6005E0D6
:10921000054B1B680B6001E003680B60884200D0BF
:10922000016010BD340400203C0400200A49096894
:10923000096809B9012100E0002121B14FF0FF3197
:10924000064A116006E004490968C968C868034A0B
:109250004168116070470000FC03002028040020D2
:109260000E480068401C08B9012000E0002050B9F9
:1092700000BF502080F31188BFF34F8FBFF36F8F73
:1092800000BF00BFFEE700BF502080F31188BFF38E
:109290004F8FBFF36F8F00BF00BFFEE75404002065
:1092A0002DE9F04104464FF0000800F077FE4948F0
:1092B000006808B9FFF7A0FE474800682040002872
:1092C00070D1D4B1083404F00700B0B104F0070045
:1092D000C0F10800044404F0070008B9012000E0D0
:1092E000002050B900BF502080F31188BFF34F8F8A
:1092F000BFF36F8F00BF00BFFEE7002C52D037488E
:10930000006884424ED8364E3046056801E02E464D
:109310002D686868A04202D228680028F7D12D483D
:10932000006885423ED0306800F108082868306047
:109330006868001B102819D92F1907F0070008B911
:10934000012000E0002050B900BF502080F31188B8
:10935000BFF34F8FBFF36F8F00BF00BFFEE768689A
:10936000001B78606C603846FFF72CFF1B4968686B
:109370000968081A19490860084600681949096807
:10938000884203D215480068164908601249686887
:109390000968084368600020286013480068401C82
:1093A0001149086001F056F808F0070008B90120DB
:1093B00000E0002050B900BF502080F31188BFF3B7
:1093C0004F8FBFF36F8F00BF00BFFEE74046BDE881
:1093D000F08100003C0400205004002040040020E4
:1093E000340400204404002048040020001F4FF0F3
:1093F00080730360001F21F001030360001F054B11
:10940000036014380260001F6FF00203036020380D
:1094100070470000619201084278037842EA032213
:1094200012B20A807047000070B504460D4660789D
:10943000A17840EA0120144908802078A52821D18C
:109440000846018809312046F8F7B0F9012819D1FA
:10945000A079617940EA01200C490880084600881B
:10946000A0F2022060B9E07BA17B40EA012008491C
:109470000880607C217C40EA01200549488000E0AA
:1094800000BF00BF70BD00002A0300202C03002095
:109490002603002010B580220249A1F18000F6F7D2
:1094A0003FFF10BD8000002402E0012000F0DCFC42
:1094B000FBE7000010B524220249A1F12400F5F7D2
:1094C0001FFB10BD24010024094890ED001BB4EEE1
:1094D000410BF1EE10FA07D0064890ED001BB4EEF8
:1094E000410BF1EE10FA01D1012070470020FCE79A
:1094F0006003002068030020094890ED001BB4EED3
:10950000410BF1EE10FA07D0064890ED001BB4EEC7
:10951000410BF1EE10FA01D1012070470020FCE769
:109520007803002080030020B4EE400BF1EE10FA27
:1095300001D0012070470020FCE7B4EE400BF1EEB3
:1095400010FA01D0012070470020FCE710B52DED86
:10955000088BB0EE409BB0EE418BB0EE490BFFF7AD
:10956000ECFF20B9B0EE480BFFF7E7FF28B15148F8
:1095700090ED000BB0EE40AB97E0B0EEC9ABB0EEB3
:10958000C8BBB0EE480BFFF7B7FF90B3B7EE000BC8
:10959000B4EE40ABF1EE10FA04D1B7EE000BB0EE32
:1095A00040AB82E0B7EE000BB4EEC0ABF1EE10FAC8
:1095B0000FDDB5EEC08BF1EE10FA05DD3E4890ED03
:1095C000000BB0EE40AB70E09FED3C0BB0EE40AB5B
:1095D0006BE0B5EEC08BF1EE10FA04DD9FED370BBA
:1095E000B0EE40AB61E0344890ED000BB0EE40AB24
:1095F0005BE0FFE7B5EEC0BBF1EE10FA04D1B7EEC9
:10960000000BB0EE40AB50E0B7EE000BB4EE40BB49
:10961000F1EE10FA0ED1B5EEC08BF1EE10FA02DDCC
:10962000B0EE49AB41E0B7EE000B80EE091BB0EEA7
:1096300041AB3AE0B0EE000BB4EE408BF1EE10FA25
:1096400004D129EE090BB0EE40AB2EE0B6EE000BD4
:10965000B4EE408BF1EE10FA0BD1B5EEC09BF1EEFB
:1096600010FA06DBB0EE490BF9F7FEFEB0EE40ABA8
:109670001BE0B5EEC09BF1EE10FA0ED2B0EE480B37
:10968000F9F7A6F9B4EEC80BF1EE10FA05D20948C5
:1096900090ED000BB0EE40AB07E0B0EE481BB0EE33
:1096A000490BF9F70DFAB0EE40ABB0EE4A0BBDEC4A
:1096B000088B10BD7003002078030020000000001C
:1096C00000000000F0B500B101B9F0BD06784778A0
:1096D00046EA0726C6F30A060E804678F610877813
:1096E00046EA4716C6F30A064E808678B611C77852
:1096F00046EA8706077946EA8726C6F30A068E8079
:1097000006797610477946EAC716C6F30A06CE8070
:109710004679C6F301168E7246793611B708CF72B4
:109720008679C77946EA072636B28E81067A477A65
:1097300046EA072637B201F10C06CF81867AC77A4E
:1097400046EA072637B201F10C060F82077B8F74B9
:10975000477BCF74867BC77B46EA07268E82067CD2
:10976000477C46EA072636B20E810E88A6F580664B
:1097700036B20E804E88A6F5806636B24E808E8850
:10978000A6F5806636B28E80CE88A6F5806636B2A3
:10979000CE800E89A6F5806636B20E81B1F90660DC
:1097A0000A2E04DCB1F9066016F10A0F02DAB1F9EB
:1097B000062000E0002200EE102AF8EEC00A9FED1D
:1097C000371A80EE810AF1EE040A20EE200ADFED5E
:1097D000340A20EE200A334E86ED000AB1F900600B
:1097E0000A2E04DCB1F9006016F10A0F02DAB1F9B1
:1097F000005000E000256E4200EE106AB8EEC00A8C
:109800009FED261AC0EE010AB1EE040A20EE800A8E
:10981000DFED250A20EE200A224E86ED050AB1F979
:1098200008600A2E04DCB1F9086016F10A0F02DAAA
:10983000B1F9083000E00023B3F5C87F03DD02264C
:10984000184F3E7409E013F5C87F03DA0326154F5D
:109850003E7402E00126134F3E74B1F904600A2EF3
:1098600004DCB1F9046016F10A0F02DAB1F9044020
:1098700000E0002400EE104AF8EEC00A9FED071A3F
:1098800080EE810ADFED090A20EE200A054E86ED02
:10989000030ACE7A034F3E7200BF16E7000025444C
:1098A000CDCCCC3E0C1100209A99193F9A99993E43
:1098B00040F2622000F0D8FA94E000F01BF94A4828
:1098C0000078401C4849087008460078022803DBED
:1098D00000200870FAF762FB012000F0FFF898B949
:1098E000022000F0FBF878B9032000F0F7F858B92F
:1098F000042000F0F3F838B9052000F0EFF818B9AB
:10990000062000F0EBF8A8B19FED380AE7F73CFE1F
:109910009FED360AE7F758FFC820F4F777FE9FED72
:10992000330AE7F7C1FE9FED310AE7F7DDFF0120BB
:1099300000F09AFA002000F0D1F8B0B19FED2B0AA8
:10994000E7F722FE9FED290AE7F73EFFC820F4F76C
:109950005DFE9FED260AE7F7A7FE9FED240AE7F7D5
:10996000C3FF012000F080FA3CE0214890F8680530
:10997000B0B99FED1E0AE7F707FE9FED1C0AE7F757
:1099800023FFC820F4F742FE9FED180AE7F78CFE8C
:109990009FED160AE7F7A8FF012000F065FA21E025
:1099A0001348D0ED7A0AB0EE600AE7F7EDFD1048F3
:1099B000D0ED0B0AB0EE600AE7F706FFC820F4F717
:1099C00025FE0B48D0ED550AB0EE600AE7F76CFEB5
:1099D0000748D0ED300AB0EE600AE7F785FF0120B6
:1099E00000F042FA69E700000401002000000000D6
:1099F0008004002010B50346DFED0D0AB0EE600ACA
:109A0000002012E003EB800494ED001A01EB8004C7
:109A1000D4ED001A31EE611AF0EE410AB0EE401AB0
:109A200000EEA01AB0EE410A401C9042EADB10BDE5
:109A30000000000000B541EC100B2DED028B83B04F
:109A4000B1EEC08B18EE100A18EE901A8DED008B57
:109A5000002818BF0120084320F00040C0F17F60BB
:109A600000F1E040C00F14D010EE101A10EE900A72
:109A70008DED000B002918BF0121084320F00040A4
:109A8000C0F17F6000F1E040C00F04BF0120E6F7A5
:109A900031FF51EC180B03B0BDEC028B00BD10B5CB
:109AA00000EE100A2DED028BB1EEC08A18EE100AFE
:109AB00020F00040C0F1FF40C00F0AD010EE100AA5
:109AC00020F00040C0F1FF40C00F04BF0120E6F7C6
:109AD00011FF18EE100ABDEC028B10BD014601EB20
:109AE000C100034A02EB8000C07CC0F34010704705
:109AF0000C0F002010B53748806A90ED030A3648F5
:109B000080ED000A3348D0F8BC0090ED030A3248DB
:109B100080ED010A2F48D0F8500190ED030A2E483D
:109B200080ED020A2B48D0F8E40190ED030A2A48A0
:109B300080ED030A294890ED2C0BB7EEC00B2648A8
:109B400080ED040A234890EDCA0BB7EEC00B224803
:109B500080ED050A1F4890EDFC0BB7EEC00B1E48C8
:109B600080ED060A1B4890EDB00BB7EEC00B1A480B
:109B700080ED070A174890EDF00BB7EEC00B1648C2
:109B800080ED080A134890F8A40500EE100AB8EE1C
:109B9000400A114880ED090A1048583090ED6D0ACE
:109BA0000D4880ED0A0A2C2201460D48E6F758FDC3
:109BB00000200B4981F82C0081F82D00802081F8CD
:109BC0002E007F2081F82F0030220648F0F7C0FDDC
:109BD00010BD00008004002084110020280800200F
:109BE000500100242019002001460A69D1E9013002
:109BF0009860D1E9010358605068884201D18868B3
:109C00005060002008611068401E106010687047A6
:109C1000034B0360034B0B6080231360704700000D
:109C2000301200209C12002000F1080141604FF02A
:109C3000FF31816000F10801C16001610021016014
:109C4000704700210161704710B502460B685C1C2B
:109C50000CB9106907E002F1080000E040684468B0
:109C600024689C42FAD944684C604C68A1608860C2
:109C700041600A611468641C146010BD42684A6047
:109C800093688B60936859609160086103685B1CFE
:109C90000360704700BF502080F31188BFF34F8FDF
:109CA000BFF36F8F00BF0E480068401C0C4908606E
:109CB00008460068012812D10A480068C0B208B9F5
:109CC000012000E0002050B900BF502080F311882F
:109CD000BFF34F8FBFF36F8F00BF00BFFEE770472A
:109CE0005404002004ED00E00D48006850B900BFA6
:109CF000502080F31188BFF34F8FBFF36F8F00BFE9
:109D000000BFFEE706480068401E05490860084697
:109D1000006820B9002080F3118800BF00BF7047A1
:109D20005404002070B506463546002E44D0083D48
:109D30002C46224960680968084008B1012000E00B
:109D4000002050B900BF502080F31188BFF34F8F1F
:109D5000BFF36F8F00BF00BFFEE7206808B9012086
:109D600000E0002050B900BF502080F31188BFF3FD
:109D70004F8FBFF36F8F00BF00BFFEE70F496068D2
:109D800009680840C0B12068B0B90C49606809682A
:109D90008843606000F002F9094960680968084476
:109DA000074908602046FFF70DFA06480068401C86
:109DB0000449086000F04EFB70BD00005004002014
:109DC000400400204C04002000204FF0E0210861F6
:109DD0008861064800684FF47A71B0FBF1F0401ECC
:109DE0004FF0E0214861072008617047F003002030
:109DF00070B5E6F73BFB0446102C16D304F1E020C7
:109E000090F8F05315480078854201DB012000E00E
:109E1000002050B900BF502080F31188BFF34F8F4E
:109E2000BFF36F8F00BF00BFFEE70D48006800F46E
:109E3000E0600C490968884201D8012000E0002058
:109E400050B900BF502080F31188BFF34F8FBFF38C
:109E50006F8F00BF00BFFEE770BD000058040020F8
:109E60000CED00E05C04002070B504460025F4B160
:109E70001448006808B9012000E0002050B900BF74
:109E8000502080F31188BFF34F8FBFF36F8F00BF57
:109E900000BFFEE700F082F821462320F5F7D8FA4C
:109EA00000212046FEF7A2FF00F0D4FA05463DB996
:109EB0004FF0805004490860BFF34F8FBFF36F8F9E
:109EC00070BD00003004002004ED00E010B586B045
:109ED00000200590049003AA04A905A8FFF798FEA6
:109EE0000022DDE904101346CDE90021029023A1F0
:109EF0002448039A00F098F923490860084600684E
:109F000008B1012400E00024012C24D100BF50201E
:109F100080F31188BFF34F8FBFF36F8F00BF4FF0F7
:109F2000FF301A49086001201949086000201949CA
:109F30000860052211A1184800683430E6F764FB78
:109F400020B115480068F5F79BF901E0F5F74CF9E9
:109F500000F084F810E0601C08B1012000E000204F
:109F600050B900BF502080F31188BFF34F8FBFF36B
:109F70006F8F00BF00BFFEE706B010BD49444C45DF
:109F800000000000759001082C0400202804002027
:109F9000140400200C040020F8030020024800688C
:109FA000401C0149086070473004002010B5244867
:109FB000006818B101202349086040E000202149D1
:109FC000086021480068B0FA80F0C0F11F0101EB81
:109FD00081001E4A52F8200008B1012000E0002054
:109FE00050B900BF502080F31188BFF34F8FBFF3EB
:109FF0006F8F00BF00BFFEE701EB8102134B03EB45
:10A00000820042685268426000F10802436893424D
:10A0100002D14268526842604268D2680C4B1A60B2
:10A0200005220CA1184600683430E6F7EDFA20B19D
:10A0300007480068F5F724F901E0F5F7D5F810BDF9
:10A04000300400201C04002010040020782100208F
:10A05000F803002049444C45000000001CB552485C
:10A0600000685249884201D0012000E0002050B928
:10A0700000BF502080F31188BFF34F8FBFF36F8F65
:10A0800000BF00BFFEE7484800684849491E8842B3
:10A0900001D0012000E0002050B900BF502080F323
:10A0A0001188BFF34F8FBFF36F8F00BF00BFFEE774
:10A0B0003F49084600780190FF200A461070084684
:10A0C000007800909DF8000000F0F0009DF800205E
:10A0D000904201D1012000E0002050B900BF502083
:10A0E00080F31188BFF34F8FBFF36F8F00BF00BFA6
:10A0F000FEE79DF8000000F050002E4A1070072087
:10A100002D4A106009E02C480068401E2A4A106061
:10A110009DF800004006000E00909DF8000000F041
:10A1200080008028EFD024480068C0F10700042890
:10A1300001D1012000E0002050B900BF502080F381
:10A140001188BFF34F8FBFF36F8F00BF00BFFEE7D3
:10A15000194800680002184A10601046008800F490
:10A16000E0601060124A019810700F4820300068BB
:10A1700040F470000C49203108600846006840F047
:10A1800070400860FFF720FE00200C490860E6F7E9
:10A1900035F90B48006840F0404009490860E6F78F
:10A1A00019F900201CBD000000ED00E071C20F4154
:10A1B00000E400E0580400205C0400205404002067
:10A1C00034EF00E02DE9FF4F85B080468946174601
:10A1D000DDE912ABB800FFF763F8064656B16C2014
:10A1E000FFF75EF804460CB1266304E03046FFF743
:10A1F00099FD00E000248CB1002084F86900CDE9CD
:10A2000000ABCDE902403A4649464046089BFEF77E
:10A2100045FF2046FEF736FE012501E04FF0FF35F1
:10A22000284609B0BDE8F08F2DE9F04F85B007460C
:10A23000884691469A46DDE90EB6109C0EB1012083
:10A2400000E0002050B900BF502080F31188BFF318
:10A250004F8FBFF36F8F00BF00BFFEE70CB101202F
:10A2600000E0002050B900BF502080F31188BFF3F8
:10A270004F8FBFF36F8F00BF00BFFEE76C200390CE
:10A2800003986C2801D1012000E0002050B900BFE4
:10A29000502080F31188BFF34F8FBFF36F8F00BF43
:10A2A00000BFFEE700BFB4B1AEB125462C462E6319
:10A2B000022085F86900002004A953464A46CDE9EA
:10A2C00000B1CDE9025041463846FEF7E7FE284688
:10A2D000FEF7D8FD01E000200490049805B0BDE829
:10A2E000F08F000001490868704700000C0400204E
:10A2F00070B5FFF77DFD002501480468204670BD5C
:10A300000C0400202DE9F0414FF000084648006899
:10A3100000287CD145480068451C4448056015BBB1
:10A3200043480068006808B9012000E0002050B9E7
:10A3300000BF502080F31188BFF34F8FBFF36F8FA2
:10A3400000BF00BFFEE73A4807683A48006838494E
:10A3500008603848076038480068401C3649086083
:10A36000FEF764FF00BF3548006885423FD300BF59
:10A370002F480068006808B9012000E0002020B1E3
:10A380004FF0FF302D49086030E029480068C06870
:10A39000C4686668B54202D22848066026E0201DDF
:10A3A000FFF722FCA06A18B104F11800FFF71CFCAB
:10A3B0002046F4F797FF94F82C100120884020499C
:10A3C000096808431E490860E16A01EB81011D4AE2
:10A3D00002EB8100211DFFF751FC1B49E06A09686F
:10A3E000C96A8842C4D34FF00108C1E700BF1648CC
:10A3F0000068C06A00EB8000124951F82000012873
:10A4000001D94FF001081148006818B100E002E0DE
:10A410004FF0010804E00E480068401C0C49086039
:10A420004046BDE8F0810000300400200C0400200C
:10A43000FC03002000040020200400202804002049
:10A440001004002078210020F80300201C040020C4
:10A450001804002070B5002400263848006850B960
:10A4600000BF502080F31188BFF34F8FBFF36F8F71
:10A4700000BF00BFFEE7FFF70DFC30480068401E3C
:10A480002E49086008460068002852D12C48006810
:10A4900000284ED027E02B48C068C46804F118009B
:10A4A000FFF7A2FB201DFFF79FFB2046F4F71AFFE2
:10A4B00094F82C1001208840234909680843224958
:10A4C0000860E16A01EB8101204A02EB8100211D55
:10A4D000FFF7D4FB1E49E06A0968C96A884202D3C3
:10A4E00001201C4908601748006808B9012000E0F5
:10A4F00000200028CFD00CB1FEF798FE1648056862
:10A5000065B100BFFFF7FEFE10B1012011490860E0
:10A510006D1E002DF6D100200F4908600D4800681F
:10A5200038B1012630070D490860BFF34F8FBFF3E4
:10A530006F8FFFF7D9FB304670BD0000300400205C
:10A54000080400202C220020100400207821002084
:10A55000F80300201C0400201804002004ED00E093
:10A5600002494FF0000000F008B800BF0000F87F7B
:10A570004FF04070E1EE100A70470CF00F03092B0A
:10A5800008BF082000F059800A2B0BD0082B18BFF9
:10A59000704708BF1CF0400F0AD04FF000004FF08A
:10A5A000000170471CF0400F18BF4FF0004070478B
:10A5B0001CF0100F08D020F0704300F07F4242EAF8
:10A5C000D3014FEA4370704700F0604021F07F42B2
:10A5D00042EA000201F07F4040EA727070474FF09B
:10A5E000FF0C4CF4E06C1CEA11531CBF9CEA030CFA
:10A5F0009445C2BFDA4201EB02517047002B0DD0E7
:10A60000BCF1000F0FD0002A01F00041A4BF41F0BF
:10A61000E04141F07F614FF00000704701F00041E0
:10A620004FF00000704750EA01334FF09B0C18BF09
:10A630004CF0806C7FF494AF70471CF4801F11D0F5
:10A640001CF4E02F03D06FEACC31490070474FF083
:10A650004050EFF3008222F0704242EA000282F39F
:10A66000008870474FF00000704700000000803FF6
:10A670000000000000000000000000000000803F1B
:10A680000000000000000000000000000000803F0B
:10A690000000000000000000C3F51C41F40190011F
:10A6A0000F00640064000B00640064000A00640092
:10A6B00064000B00640064000A00640064000B0086
:10A6C000640064000A00200364000500FF005EBC13
:10A6D000E2613FDD83C29C7E20A3FD1F419DC3211B
:10A6E0007FFCA2401E5F01E3BD3E6082DC237D9FB4
:10A6F000C1421CFEA0E1BF5D0380DE3C62BEE00201
:10A700005CDF81633D7C22C09E1D43A1FF4618FA99
:10A71000A427799BC584DA3866E5BB5907DB8567D2
:10A7200039BAE406581947A5FB7826C49A653BD97F
:10A7300087045AB8E6A7F91B45C6987A24F8A644B8
:10A740001A99C7257B3A6486D85B05E7B98CD23065
:10A750006EEDB3510F4E10F2AC2F7193CD114FAD82
:10A76000F3702ECC92D38D6F31B2EC0E50AFF1134B
:10A770004DCE90722C6D33D18F0C52B0EE326C8E68
:10A78000D0530DEFB1F0AE4C1291CF2D73CA947629
:10A7900028ABF517490856B4EA6937D58B5709EB4A
:10A7A000B536688AD495CB2977F4AA4816E9B75507
:10A7B0000B88D6346A2B7597C94A14F6A8742AC830
:10A7C00096154BA9F7B6E80A54D7896B35000000F7
:10A7D000891112239B322446AD573665BF74488CCD
:10A7E000C19D5AAFD3BE6CCAE5DB7EE9F7F8811094
:10A7F000080193331A22A5562C47B7753E64C99CAD
:10A80000408DDBBF52AEEDDA64CBFFF976E8022172
:10A810008B30100299132667AF763444BD554AAD8C
:10A82000C3BC588ED19F6EEBE7FA7CC8F5D9833153
:10A830000A2091121803A7772E66B5543C45CBBD6C
:10A8400042ACD99E508FEFFB66EAFDD874C9044232
:10A850008D5316619F702004A9153227BB364CCE4C
:10A86000C5DF5EEDD7FC6888E1997AABF3BA855213
:10A870000C4397711E60A1142805B3373A26CDDE2C
:10A8800044CFDFFD56ECE9986089FBBB72AA0663F2
:10A890008F7214409D512225AB343006B9174EEF0C
:10A8A000C7FE5CCCD5DD6AA9E3B8788AF19B8773D3
:10A8B0000E6295501C41A3352A24B1163807CFFFEC
:10A8C00046EEDDDC54CDEBB962A8F99A708B0884B2
:10A8D00081951AA793B62CC2A5D33EE1B7F04008E4
:10A8E000C919522BDB3A644EED5F766DFF7C89947B
:10A8F00000859BB712A6ADD224C3BFF136E0C118C4
:10A900004809D33B5A2AE55E6C4FF77D7E6C0AA559
:10A9100083B4188691972EE3A7F23CC0B5D14229A3
:10A92000CB38500AD91B666FEF7E744CFD5D8BB53A
:10A9300002A499961087AFF326E2BDD034C1C33983
:10A940004A28D11A580BE77F6E6EF55C7C4D0CC619
:10A9500085D71EE597F42880A1913AA3B3B2444A63
:10A96000CD5B5669DF78600CE91D722FFB3E8DD6FA
:10A9700004C79FF516E4A9902081BBB332A2C55A43
:10A980004C4BD7795E68E11C680DF33F7A2E0EE7D9
:10A9900087F61CC495D52AA1A3B03882B193466B23
:10A9A000CF7A5448DD59622DEB3C700EF91F8FF7BA
:10A9B00006E69DD414C5ABB122A0B9923083C77B03
:10A9C0004E6AD5585C49E33D6A2CF11E780F0000B1
:10A9D00015E69D3DC059CA3CB401D8B84BAEE23D26
:10A9E0002829B0B9F390A9BC193274417751D141EB
:10A9F00007D2AB3F8063D2603200243EDC48413F47
:10AA0000A83AE43BCC0C0B3F44F9423DC26B973E65
:10AA1000BB12BA42E301B34267C7A04056A43764F1
:10AA20005AA1C03ECB84873E1E198B3D1E53473E24
:10AA3000D21D843DC8EFADBE86AA20BFB03A06BF86
:10AA4000E0672CC005A312BC00000000CFBAE63DB1
:10AA50005392753DE55EE03C626920BDF10D8DBE0F
:10AA6000F1F6203E344B16BF2F6B1ABFBC41B4BC6D
:10AA700005A312BC00000000C2DAE43F2E54AE3E33
:10AA800083E0713C03411DC078451A402829B0BAC3
:10AA9000D97808BF4D4813BF2EE657BE05A312BC98
:10AAA000000000003C4B0240348037BC98DF29BDD9
:10AAB000D89A853EA512014001DB61BEA0DF13BF1D
:10AAC000580126BFCC0704BD05A312BC000000003E
:10AAD000F583BABB6AD93A3E83E0713C7ADE0E4018
:10AAE000B0208D3D3EB269BF054E8EBFB1C24D3E16
:10AAF000137FF43D05A312BC00000000925D813E6F
:10AB000044FB18BD13D67DC0D4BB68BE79AE2FBD43
:10AB1000E546B13D56F01BBF65A919BFA88E553D4E
:10AB200005A312BC00000000F966F640960729BD97
:10AB300083E0713CA8AA50BE6EC18A3E5C3D873D51
:10AB4000CD756B408AAC95BEB8C988BE6774DF42CC
:10AB500000000000FED4B8BE0951F4BF382EE33C1B
:10AB60005F24543FC5CA60BF4C4FD2BF8BF909BFA9
:10AB7000D78701BF1DE7D63D05A312BC000000002A
:10AB80001407403ED13F413DE92807400CB03FBE8D
:10AB9000F1667DBE753F273E70EE23BFD1032FBF08
:10ABA0008691FE3D05A312BC000000001231853FD6
:10ABB0008AE5F6BE83E0713C17F0F23F8DEFC33EAD
:10ABC000DEACD1BE3AC912BF55BF2ABF7DE628BF51
:10ABD00005A312BC00000000B459BBBF001A05BE9B
:10ABE000F321683DF1BD5FBF8F170BC036573D3E67
:10ABF000C520E0BE3B8B0EBF6EA4ECBC05A312BC0F
:10AC000000000000BB5EB2BE3CDBC33E83E0713C93
:10AC1000936F09C0A69C97BE38F60C3F7330FBBEFD
:10AC2000BD5503BFFE62763D05A312BC00000000C7
:10AC300053AEE03F2251E83DEBC4C53D7AA50CBFC1
:10AC4000EB73CD3F4226213F3FC519BF219532BF4F
:10AC50000B5DB33F05A312BC00000000429304BE8D
:10AC6000209B1A40B937BF3C383104BE4CDE14BFBC
:10AC7000F67B5B408CBB09BF446C20BF5D36F03F68
:10AC800005A312BC00000000FC17743F279F65C09D
:10AC9000272E473C4A7E243F8B4F113F873165C0AA
:10ACA00055A42ABFA70622BF0D502A3E05A312BCF9
:10ACB000000000003597133F6A6B6040AFB236BCAE
:10ACC000FB211EBFED9BEB3E8EE64D40F1D80BBF46
:10ACD0006F0F12BF38119DBF05A312BC000000000A
:10ACE000661269BF2AC7543EDAE4703C6DC6653F00
:10ACF000967A9ABFDC810ABEEB561BBFD2FD20BFFD
:10AD0000F452B1BC05A312BC0000000036CE86BDD3
:10AD1000384C843EF99E91BAC3499ABCBCCA92BED3
:10AD20001E6F8A3E6ADA09BF700A1BBF925D02403D
:10AD300005A312BC00000000CD95A13F51DCF93FF6
:10AD4000D8648D3BC498543E99F0933F88498E3F18
:10AD5000DDD010BF209A1DBF1B9D53BE05A312BCA2
:10AD6000000000008066B83ECB2E0FC09E9A4B3C80
:10AD70003D0F163FD3848DBD96989DBFE0101EBF3A
:10AD800069C319BFED7D784005A312BC0000000027
:10AD9000B93628BF4F76B3BE9DD8033E7CD209BEDC
:10ADA000876B25BE13EFF83FD89ED93E5452CF3E55
:10ADB0005FEDC83E05A312BC0000803FE63D1ABF10
:10ADC00053AFDBBC02F5563E03EC43BE7A1D41BED9
:10ADD0008412863D9F5611BE2B1273BE04594F3DFF
:10ADE00005A312BC0000803F62DA17BF7EAA0ABD2D
:10ADF000221A5DBC1D0548BE77853EBE29939A3D4B
:10AE000059FD713F718F693F76E35D3C05A312BC2C
:10AE10000000803F425AADBFD6AA7DBE83E0713CA0
:10AE2000A8AA50BE702656BEBA6BC93D32056E4008
:10AE30007FA071405437973D05A312BC0000803FAE
:10AE4000F4191CBF5DA8FCBC048E2C3F0C774EBED1
:10AE5000607534BE0FED833D0A81403F9277323FEB
:10AE60009467BE3D05A312BC0000803F2923EEBEBF
:10AE70002E1B933F83E0713CA8AA50BE8A200EBDD2
:10AE8000D8498BBF7CB63F4036045940DD5B913AD0
:10AE900005A312BC0000803FC85D9ABFFE7D8240C2
:10AEA00083E0713CDC9E443FC84575BE1A86C1BF35
:10AEB000DDB2433FE144683FE6CA203D05A312BC32
:10AEC0000000803F82E128BF47036C4083E0713C73
:10AED00089B3883F687AA1BE17D437BD200C303FB4
:10AEE0004A26B93FE59102C105A312BC0000803F8C
:10AEF00041EF95BFB6A00840B5545E3CF226133F23
:10AF000009C275BE15FFB73DDC80AF3E44F9063F70
:10AF1000B22C983B05A312BC0000803F5CC621BF49
:10AF2000C1561BC083E0713CA8AA50BE997E79BE71
:10AF3000DDEBB2BF8B322E40707D3140A2621C3CF3
:10AF400005A312BC0000803F9A242EBF8D25243F0C
:10AF50001EA63D3DB62CBFBD202912BE931808C0C9
:10AF6000001EE93E6C09793EFAED0BBF05A312BC49
:10AF70000000803F758E09BF0D1AFABC1BDA58BF5E
:10AF80009A4051BEB878F8BD43C5983DF390553FFF
:10AF90003C4D663F91F009BF05A312BC0000803F05
:10AFA000E5D52DBF37C5B3BF562DE9BBEC6751BE04
:10AFB000844783BE5EBDA63F37001B3F31B6903E3F
:10AFC00041646C4005A312BC0000803FC7121ABF49
:10AFD000D4B936BF1154C53E562D79BE63276CBE19
:10AFE0009CA7AABF62BD113D8656B7BE0858034054
:10AFF00005A312BC0000803F2BA557BFCB9DD9BD38
:10B0000063601D3DAF2158BEAF783ABE3EB0133EDF
:10B010006B0B0F4000AC0E406C05CDBC05A312BC01
:10B020000000803FF3ABE9BEC6A6153F83E0713C4C
:10B03000A8AA50BED2FBA6BDC1E43A4023F5894080
:10B040006AB28F4092AF843C05A312BC0000803FDF
:10B05000D3A513BFF0FA643FFA9B103D8692693E78
:10B060004AEB0FBE1C41B23FB8C8ED3E7EC6413F21
:10B0700027122DC005A312BC0000803F33A919BFC1
:10B080007D9429BF0666453D917E2BBE068185BE17
:10B090009F3EC23E0BED503F6809323F323ABC3F03
:10B0A00005A312BC0000803FFF76C5BFD80F2FC09C
:10B0B0006072A3BA65DEE2BE04C9FBBDB7418D3F35
:10B0C0001006523FD1B2AE3ED9403ABB05A312BCE6
:10B0D0000000803FF85416BF3CBC373FA016C33D6C
:10B0E000D9E987BD064844BE499CCDBECE540C3F2D
:10B0F00049D8FF3E9AB19ABF05A312BC0000803F19
:10B10000BB48A13C3E424D3D1D59F9BC65381EBDB2
:10B110007042A13C9C344D3D3D46F9BC33341EBDCC
:10B120000C3AA13CFA264D3D5D33F9BC33341EBDCB
:10B130006616A13C2E004D3D6C09F9BC1A321EBDAD
:10B140003412A13CA5F44C3D8CF6F8BC33341EBD42
:10B15000020EA13CEBE44C3D30D9F8BC58371EBD83
:10B16000A6F0A03C26A94C3D027FF8BC1F481EBD9E
:10B17000DFDFA03C037B4C3D9C35F8BC5E4D1EBD23
:10B1800019700A3FD0648D3F340F243F3BE2143FD7
:10B19000E76F0A3F39648D3F280E243F3BE2143F9E
:10B1A000B56F0A3FAA638D3F3D0D243F3BE2143F3C
:10B1B000446E0A3FDD618D3F350B243F3BE2143F77
:10B1C000336E0A3F56618D3F390A243F3BE2143FFC
:10B1D000446E0A3FAF608D3FA708243F3BE2143F17
:10B1E000166D0A3FD55D8D3F1004243FA4E1143F46
:10B1F0003C6C0A3FC95A8D3F7EFE233F2FE1143F2E
:10B200004EF257BF977486BFCAA68C3F67D40C3ED8
:10B2100061C559BF501888BF3DB58E3F0B0C093E24
:10B2200041115BBFB53689BFE816903FD099043E07
:10B23000F0315CBFA4C589BF3293903F570A013EED
:10B2400008205DBFB1DF89BFAF5B903F94DBF63D67
:10B25000B4225EBFC4B089BFE59D8F3FFDF8EB3DD2
:10B2600041D35EBF8CF288BF910B8E3FF7AEE13DBC
:10B27000D3125FBFEEB487BF21CA8B3FD063D43DEA
:10B28000B0202C40FB5A2740AC380FC07C80DDC07A
:10B29000F1672E40143F2940CE8E10C028ACDEC08E
:10B2A000161830408E5A2A40AA0A11C0D175DFC044
:10B2B0009EB1314000522B40315B11C05A01E0C0B9
:10B2C0005D153240C9002B40EA7A10C07138E0C0E9
:10B2D00045B8314050DF29406BD60EC09897DFC08B
:10B2E0008D2A3140429928405C1B0DC05CD6DEC0DF
:10B2F000157430402024274090310BC065E3DDC039
:10B3000071E8B9C07D69B3C093609840CC98023FA2
:10B3100034BBBAC0231EB4C000E69840FFB3023F5E
:10B32000DC81BBC0BABFB4C0C75499409599023FF5
:10B33000CD3ABCC0924EB5C077AE99401134023FB1
:10B3400002ABBCC01A5EB5C0746A994084D8013F94
:10B35000228CBCC001DDB4C0E3A59840D601003FFB
:10B360005255BCC0D340B4C04EC697407B31FC3E62
:10B37000B197BBC0C71CB3C04E6E964021EAF63EE3
:10B38000F7EA63BC73D9E8BCD1B0183DAE7E1C3E71
:10B39000E63B78BC575EF2BC679E1C3D23BC1D3E5D
:10B3A000645B86BC779EF8BCFBAD1D3DC3451E3E6D
:10B3B000FA298EBCCD1DFDBCEE431E3DB6F31D3EED
:10B3C00016C094BCF564FEBC03961C3D185A1D3E85
:10B3D000E49F99BCB4ACFBBCE430183D541B1C3E4C
:10B3E000645A9BBC4B3EF6BCB9C7123D691C1A3E61
:10B3F0003D829BBC72C3EFBCC9220D3DF5F6173EE2
:10B40000AA49703C336E1A3E52B57DBE81CEC0BF94
:10B41000C631123CFC711B3EF83582BEEC84C3BFC2
:10B420002BA1BB3BE2931E3E024B86BEC68AC4BF25
:10B430007CB8643B80D5213E9D108ABEE23EC4BFED
:10B44000BD70E73B23BA273E0F9A8DBED09DC2BF89
:10B4500021AC463CFE642C3E9B708FBE5BEDBFBFB3
:10B46000A27E973C8B16303E26E08FBE4018BCBFB4
:10B470007826B43C1268303ECA898EBE959CB7BF10
:10B48000CA4F803F18219C3F0EDBA0BF3A740A3E92
:10B490005C72823FEF549E3FB6D9A2BFB840123EC5
:10B4A0004A44843F15C59F3F1DCBA3BFD1CB183E57
:10B4B00080BA853F0D8EA03F6CE9A3BF66DA1E3EC1
:10B4C0007BBC863FF984A03F1D00A3BFDF36233E2F
:10B4D0006C77873FB1DF9F3F9E45A1BF5419263E41
:10B4E000ABB2873F7F839E3F66BB9EBF91F1283EF4
:10B4F0001B9B873F40A39C3F8A939BBF89782B3E31
:10B50000611AC84011A7B74001B593C0CEAAA73EA3
:10B51000CB91C740E89FB84002D595C040F7BD3EEB
:10B52000B001C740251FB940CA2997C0A5DDC03E5C
:10B530005C63C6408A3FB940BEE697C05ED7B73E5F
:10B5400048A6C540D508B940E12798C01E6BA63E65
:10B550000DC1C440618DB840661498C056658F3ED9
:10B560008AAFC3406CECB74011E597C0C85D643E3C
:10B57000656FC240F231B74021B197C065A5293E41
:10B58000ECB901080FFC00080000000000000000FA
:10B59000800000000000000000000000E0B9010889
:10B5A000A97901080200000000000000000100006D
:10B5B0000000000000000000D4B901087D750108FA
:10B5C0000100000000000000000400000000000076
:10B5D00000000000F8B901082DBA000803000000BF
:10B5E0000000000000040000000000000000000057
:10B5F000C8B90108B198010802000000000000006D
:10B60000000400000000000000000000C0B90108B4
:10B61000A994010802000000000000008000000062
:10B6200000000000000000000006101600061016C2
:10B630000001020304050607080C1014182030400E
:10B6400000000000000000000000000000000000FA
:10B6500000000000010000000200000003000000E4
:10B6600004000000000000000500000000000000D1
:10B6700000000000000000000600000000000000C4
:10B6800000000000000000000700000001000200B0
:10B690000400060008000A000C0010002000400012
:10B6A00080000001010101030701000008040204F9
:10B6B000080101010000000001020304010203046B
:10B6C00006070809000000000000545452205245AB
:10B6D0004747455300000000000000000000003014
:10B6E00031323334353637383941424344454600E8
:10B6F0008D3A0108213B0108555555555555C53F13
:10B700007D6FEB0312D6D4BF5544880E55C1C93F97
:10B710003B8F68B52882A4BF88B20175E0EF493F2E
:10B7200009F7FD0DE13D023F4B2D8A1C273A03C06E
:10B73000C88A599CE52A004059018D1B6C06E6BF5A
:10B7400082922EB1C5B8B33F4FBB610567ACDD3FF8
:10B75000182D4454FB21E93F9BF681D20B73EF3F38
:10B76000182D4454FB21F93FE2652F227F2B7A3CB0
:10B77000075C143326A6813CBDCBF07A8807703C69
:10B78000075C143326A6913CC4EB98999999C9BFDC
:10B79000711623FEC671BCBF6D9A74AFF2B0B3BF11
:10B7A0009AFDDE522DDEADBF2F6C6A2C44B4A2BFD1
:10B7B0000D5555555555D53FFF8300922449C23F3D
:10B7C0006E204CC5CD45B73F513DD0A0660DB13F71
:10B7D000EB0D76244B7BA93F11DA22E33AAD903F83
:10B7E0000000803F0030983F0000B53F0040D73F49
:10B7F00000000000320A7E397F661E395B991F39CE
:10B800000000803FF037983FF304B53FFD44D73F39
:10B81000000000000000F03F000000000000F83FC2
:10B8200000000000000000000000004003B8E23FFC
:10B83000000000000000000006D0CF43EBFD4C3EAE
:10B84000033333333333E33FFFAB6FDBB66DDB3FA3
:10B850004D268F515555D53F01411DA96074D13FEB
:10B8600065DBC9934A86CD3FEF4E454A287ECA3FE5
:10B870003E5555555555C53F93BDBE166CC166BF67
:10B880002CDE25AF6A56113FF16BD2C541BDBBBE60
:10B89000D0A4BE726937663E4C5555555555A53FE7
:10B8A0007751C1166CC156BF9015CB19A001FA3E55
:10B8B000AD529C804F7E92BEC4B1B4BD9EEE213E7F
:10B8C000D43888BEE9FAA8BD0000000000000000DE
:10B8D00000004054FB21F93F3163621A61B4D03D4E
:10B8E0000000601A61B4D03D7370032E8A19A33B27
:10B8F0000000002E8A19A33BC14920259A837B3979
:10B9000000000000000000006E83F9A22915444EDB
:10B91000D15727FCC0DD34F5999562DB4190433C5B
:10B92000AB6351FE61C5BBDE3A6E24B7E0D24D4237
:10B93000EA2E49061C92D1091CEB1DFE3EA729B137
:10B94000F53582E88444BB2E26709CE9417E5FB4C5
:10B9500039D69139F43953838B5F849C3B28F9BDE8
:10B96000FF97F81F0F9805DE8B112FEF1F6D0A5AF6
:10B97000CF7E366DB709CB27663F464F2DEA5F9ED7
:10B98000C7BA27757BF1E5EBF739073DEA92528A92
:10B99000B15FFB6B085D8D1FA6F810111111813F7F
:10B9A000D561C119A0012ABF7DFEB157E31DC73E75
:10B9B000EB9C2B8AE6E55ABE7CD5CF5A3AD9E53DB9
:10B9C000524546455245450073656E645461736B3C
:10B9D00000000000636861737369735461736B00E6
:10B9E0006465746563745461736B000064656661BB
:10B9F000756C745461736B00696D755461736B0081
:10BA000053595354454D564945573A20436F756C29
:10BA100064206E6F74207265636F7264207461734A
:10BA20006B20696E666F726D6174696F6E2E204D4A
:10BA30006178696D756D206E756D626572206F66D7
:10BA4000207461736B7320726561636865642E0096
:10BA500000000000920E493CB10AC93C2BC3163DC0
:10BA60002EFB483D752B7B3D04A9963D80B6AF3D2E
:10BA700036BDC83D2FBCE13D73B2FA3D87CF093ECC
:10BA80008340163EB5AB223EA2102F3ECF6E3B3E0A
:10BA9000C2C5473E0115543E135C603E7F9A6C3E22
:10BAA000CCCF783EC07D823E938E883E229A8E3ED9
:10BAB00032A0943E86A09A3EE59AA03E128FA63E02
:10BAC000D47CAC3EEF63B23E2A44B83E491DBE3E34
:10BAD00015EFC33E53B9C93ECA7BCF3E4136D53E72
:10BAE00080E8DA3E4F92E03E7533E63EBBCBEB3E5C
:10BAF000EA5AF13ECBE0F63E275DFC3EE4E7003F2C
:10BB00003D9C033F824B063F9BF5083F6B9A0B3FE2
:10BB1000DA390E3FCDD3103F2A68133FD9F6153FCF
:10BB2000C07F183FC6021B3FD17F1D3FCBF61F3F92
:10BB30009967223F25D2243F5636273F1594293F47
:10BB40004AEB2B3FDE3B2E3FBB85303FC9C8323F1F
:10BB5000F304353F233A373F4268393F3B8F3B3F41
:10BB6000F9AE3D3F67C73F3F70D8413F01E2433FD9
:10BB700003E4453F65DE473F12D1493FF8BB4B3FE9
:10BB8000029F4D3F207A4F3F3D4D513F4918533F53
:10BB900031DB543FE595563F5348583F6AF2593FD1
:10BBA0001A945B3F532D5D3F05BE5E3F2146603FCB
:10BBB00097C5613F5A3C633F59AA643F880F663F6F
:10BBC000D86B673F3CBF683FA7096A3F0C4B6B3F90
:10BBD0005E836C3F93B26D3F9ED86E3F73F56F3FAF
:10BBE0000809713F5213723F4714733FDD0B743FD6
:10BBF0000BFA743FC6DE753F07BA763FC58B773FB9
:10BC0000F853783F9812793F9DC7793F02737A3F86
:10BC1000BE147B3FCDAC7B3F283B7C3FC9BF7C3F04
:10BC2000AC3A7D3FCCAB7D3F23137E3FB0707E3F6F
:10BC30006DC47E3F580E7F3F6D4E7F3FAB847F3F8C
:10BC40000FB17F3F97D37F3F43EC7F3F11FB7F3F97
:10BC50000000803F11FB7F3F43EC7F3F97D37F3F46
:10BC60000FB17F3FAB847F3F6D4E7F3F580E7F3FCC
:10BC70006DC47E3FB0707E3F23137E3FCCAB7D3FD3
:10BC8000AC3A7D3FC9BF7C3F283B7C3FCDAC7B3F7E
:10BC9000BE147B3F02737A3F9DC7793F9812793F6C
:10BCA000F853783FC58B773F07BA763FC6DE753FBE
:10BCB0000BFA743FDD0B743F4714733F5213723F0E
:10BCC0000809713F73F56F3F9ED86E3F93B26D3F89
:10BCD0005E836C3F0C4B6B3FA7096A3F3CBF683FDC
:10BCE000D86B673F880F663F59AA643F5A3C633F51
:10BCF00097C5613F2146603F05BE5E3F532D5D3FC6
:10BD00001A945B3F6AF2593F5348583FE595563FB6
:10BD100031DB543F4918533F3D4D513F207A4F3F4F
:10BD2000029F4D3FF8BB4B3F12D1493F65DE473F75
:10BD300003E4453F01E2433F70D8413F67C73F3FBF
:10BD4000F9AE3D3F3B8F3B3F4268393F233A373F97
:10BD5000F304353FC9C8323FBB85303FDE3B2E3F41
:10BD60004AEB2B3F1594293F5636273F25D2243FD7
:10BD70009967223FCBF61F3FD17F1D3FC6021B3F75
:10BD8000C07F183FD9F6153F2A68133FCDD3103F27
:10BD9000DA390E3F6B9A0B3F9BF5083F824B063F0B
:10BDA0003D9C033FE4E7003F275DFC3ECBE0F63ED1
:10BDB000EA5AF13EBBCBEB3E7533E63E4F92E03E96
:10BDC00080E8DA3E4136D53ECA7BCF3E53B9C93E04
:10BDD00015EFC33E491DBE3E2A44B83EEF63B23E56
:10BDE000D47CAC3E128FA63EE59AA03E86A09A3E39
:10BDF00032A0943E229A8E3E938E883EC07D823E33
:10BE0000CCCF783E7F9A6C3E135C603E0115543E69
:10BE1000C2C5473ECF6E3B3EA2102F3EB5AB223E81
:10BE20008340163E87CF093E73B2FA3D2FBCE13DF9
:10BE300036BDC83D80B6AF3D04A9963D752B7B3D10
:10BE40002EFB483D2BC3163DB10AC93C920E493C1E
:10BE500000000000920E49BCB10AC9BC2BC316BD3C
:10BE60002EFB48BD752B7BBD04A996BD80B6AFBD2A
:10BE700036BDC8BD2FBCE1BD73B2FABD87CF09BEC8
:10BE8000834016BEB5AB22BEA2102FBECF6E3BBE06
:10BE9000C2C547BE011554BE135C60BE7F9A6CBE1E
:10BEA000CCCF78BEC07D82BE938E88BE229A8EBED5
:10BEB00032A094BE86A09ABEE59AA0BE128FA6BEFE
:10BEC000D47CACBEEF63B2BE2A44B8BE491DBEBE30
:10BED00015EFC3BE53B9C9BECA7BCFBE4136D5BE6E
:10BEE00080E8DABE4F92E0BE7533E6BEBBCBEBBE58
:10BEF000EA5AF1BECBE0F6BE275DFCBEE4E700BF28
:10BF00003D9C03BF824B06BF9BF508BF6B9A0BBFDE
:10BF1000DA390EBFCDD310BF2A6813BFD9F615BFCB
:10BF2000C07F18BFC6021BBFD17F1DBFCBF61FBF8E
:10BF3000996722BF25D224BF563627BF159429BF43
:10BF40004AEB2BBFDE3B2EBFBB8530BFC9C832BF1B
:10BF5000F30435BF233A37BF426839BF3B8F3BBF3D
:10BF6000F9AE3DBF67C73FBF70D841BF01E243BFD5
:10BF700003E445BF65DE47BF12D149BFF8BB4BBFE5
:10BF8000029F4DBF207A4FBF3D4D51BF491853BF4F
:10BF900031DB54BFE59556BF534858BF6AF259BFCD
:10BFA0001A945BBF532D5DBF05BE5EBF214660BFC7
:10BFB00097C561BF5A3C63BF59AA64BF880F66BF6B
:10BFC000D86B67BF3CBF68BFA7096ABF0C4B6BBF8C
:10BFD0005E836CBF93B26DBF9ED86EBF73F56FBFAB
:10BFE000080971BF521372BF471473BFDD0B74BFD2
:10BFF0000BFA74BFC6DE75BF07BA76BFC58B77BFB5
:10C00000F85378BF981279BF9DC779BF02737ABF82
:10C01000BE147BBFCDAC7BBF283B7CBFC9BF7CBF00
:10C02000AC3A7DBFCCAB7DBF23137EBFB0707EBF6B
:10C030006DC47EBF580E7FBF6D4E7FBFAB847FBF88
:10C040000FB17FBF97D37FBF43EC7FBF11FB7FBF93
:10C05000000080BF11FB7FBF43EC7FBF97D37FBF42
:10C060000FB17FBFAB847FBF6D4E7FBF580E7FBFC8
:10C070006DC47EBFB0707EBF23137EBFCCAB7DBFCF
:10C08000AC3A7DBFC9BF7CBF283B7CBFCDAC7BBF7A
:10C09000BE147BBF02737ABF9DC779BF981279BF68
:10C0A000F85378BFC58B77BF07BA76BFC6DE75BFBA
:10C0B0000BFA74BFDD0B74BF471473BF521372BF0A
:10C0C000080971BF73F56FBF9ED86EBF93B26DBF85
:10C0D0005E836CBF0C4B6BBFA7096ABF3CBF68BFD8
:10C0E000D86B67BF880F66BF59AA64BF5A3C63BF4D
:10C0F00097C561BF214660BF05BE5EBF532D5DBFC2
:10C100001A945BBF6AF259BF534858BFE59556BFB2
:10C1100031DB54BF491853BF3D4D51BF207A4FBF4B
:10C12000029F4DBFF8BB4BBF12D149BF65DE47BF71
:10C1300003E445BF01E243BF70D841BF67C73FBFBB
:10C14000F9AE3DBF3B8F3BBF426839BF233A37BF93
:10C15000F30435BFC9C832BFBB8530BFDE3B2EBF3D
:10C160004AEB2BBF159429BF563627BF25D224BFD3
:10C17000996722BFCBF61FBFD17F1DBFC6021BBF71
:10C18000C07F18BFD9F615BF2A6813BFCDD310BF23
:10C19000DA390EBF6B9A0BBF9BF508BF824B06BF07
:10C1A0003D9C03BFE4E700BF275DFCBECBE0F6BECD
:10C1B000EA5AF1BEBBCBEBBE7533E6BE4F92E0BE92
:10C1C00080E8DABE4136D5BECA7BCFBE53B9C9BE00
:10C1D00015EFC3BE491DBEBE2A44B8BEEF63B2BE52
:10C1E000D47CACBE128FA6BEE59AA0BE86A09ABE35
:10C1F00032A094BE229A8EBE938E88BEC07D82BE2F
:10C20000CCCF78BE7F9A6CBE135C60BE011554BE65
:10C21000C2C547BECF6E3BBEA2102FBEB5AB22BE7D
:10C22000834016BE87CF09BE73B2FABD2FBCE1BDF5
:10C2300036BDC8BD80B6AFBD04A996BD752B7BBD0C
:10C240002EFB48BD2BC316BDB10AC9BC920E49BC1A
:10C250000000008084C20108000000207C0400006F
:10C26000080300081CC3010800000024BC010000F2
:10C27000080300081CC301087C040020B4C40000AB
:10C280006403000821A3803F290CAF803F6F128315
:10C290003A10A92085CDCCCC3D490C83C842055825
:10C2A000A5D46853A9780156A9E809811C2C50C36C
:10C2B00047F409120409531C0C1A401C461C0518AB
:10C2C0000AD7233C09521C0D1BBD3786351CD424CC
:10C2D0007449091E10016B0346FFFF100DE7416B07
:10C2E0003A58A08B3A7D04017C160240AB03411002
:10C2F00009055308065804070F160810820911167D
:10C300000A15800B1605200C18010D321042013C55
:10C3100090D00304015B1AAA0101240001FF01BDB2
:04000005080002CD20
:00000001FF
