:020000040800F2
:10000000A8F00020290300089B830008816A0008EB
:1000100099830008C5120008C9E900080000000023
:10002000000000000000000000000000690200085D
:100030009323000800000000C5020008B3C00008B8
:100040004303000843030008430300084303000878
:1000500043030008430300089523000843030008F6
:1000600043030008A3230008A92300084303000852
:100070004303000843030008430300084303000848
:100080004303000843030008430300084303000838
:10009000C91200084303000843030008AF23000807
:1000A0004303000843030008430300084303000818
:1000B0004303000843030008430300084303000808
:1000C00043030008430300084303000843030008F8
:1000D00043030008D9C50008430300081DC70008F2
:1000E0009B23000843030008430300084303000860
:1000F00043030008430300084303000805190008F0
:1001000043030008430300084303000843030008B7
:1001100043030008430300084303000843030008A7
:1001200043030008811900088D19000843030008E3
:100130004303000843030008430300084303000887
:10014000D512000843030008430300089D830008FC
:1001500025220008312200083D22000885C8000839
:100160004303000843030008430300084303000857
:100170004303000843030008430300080000000095
:10018000430300084303000800F002F800F05CF8A5
:100190000AA090E8000C82448344AAF10107DA45E2
:1001A00001D100F051F8AFF2090EBAE80F0013F0D8
:1001B000010F18BFFB1A43F001031847D096010046
:1001C000F09601000A444FF0000C10F8013B13F0C8
:1001D000070408BF10F8014B1D1108BF10F8015BA0
:1001E000641E05D010F8016B641E01F8016BF9D193
:1001F00013F0080F1EBF10F8014BAD1C0C1B09D1EA
:100200006D1E58BF01F801CBFAD505E014F8016B5B
:1002100001F8016B6D1EF9D59142D6D370470000ED
:100220000023002400250026103A28BF78C1FBD8FF
:10023000520728BF30C148BF0B6070471FB518F088
:1002400025FB1FBD10B510BD00F0BDFA1146FFF72C
:10025000F5FF13F071FD00F0DBFA03B4FFF7F2FFD6
:1002600003BC00F0EBFA00002C4B19680868B0E8FA
:10027000F04F80F30988BFF36F8F4FF0000080F3D9
:10028000118870470000000008480068006880F38B
:1002900008884FF0000080F3148862B661B6BFF39F
:1002A0004F8FBFF36F8F00DF00BF00BF08ED00E08E
:1002B000DFF80C00016841F470010160704700BF75
:1002C00088ED00E0EFF30980BFF36F8F134B1A68DE
:1002D0001EF0100F08BF20ED108A20E9F04F1060CB
:1002E00009B44FF0500080F31188BFF34F8FBFF374
:1002F0006F8F16F0BDF84FF0000080F3118809BC35
:1003000019680868B0E8F04F1EF0100F08BFB0EC95
:10031000108A80F30988BFF36F8F7047A002002016
:10032000EFF30580704700000948804709480047FF
:10033000FEE7FEE7FEE7FEE7FEE7FEE7FEE7FEE795
:10034000FEE7FEE704480549054A064B70470000F2
:1003500065C1000889010008A8B00020A8F00020AD
:10036000A8D00020A8D000209FED1A1AF5EE000AB0
:1003700040EE010ABDEEE00AF5EEC00A10EE100AEA
:10038000F1EE10FA38BF401E00EE100A1349F7EEE6
:10039000001AB8EEC00A30EEC00ADFED0F0A20EEF8
:1003A000200AFCEEC00A10EE900AC0F3080000EE2E
:1003B000900A01EB8000F8EE600A90ED011A70EEF1
:1003C000600A90ED000A71EEE01A21EE800A00EE5C
:1003D000810A704783F9223E00000044888F01089B
:1003E000DFED190AB5EEC00A60EE200ABDEEE01A94
:1003F00011EE100AF1EE10FA38BF401E00EE100A9E
:100400001349F7EE001AB8EEC00A30EEC00ADFED6D
:100410000F0A60EE200ABCEEE00A10EE100AC0F3EC
:10042000080000EE100A01EB8000B8EE400A90EDE3
:10043000011A70EEC00A90ED000A71EEE01A21EE8A
:10044000800A00EE810A704783F9223E00000044D2
:10045000888F010853EA020C00F069802DE9F04B07
:100460004FF00006002B1FBFB3FA83F503FA05F423
:1004700024FA05F65E4012BF1643B2FA82F502FA7C
:1004800005F4C5F120051EBF22FA05FC44EA0C0460
:10049000203556EA044C4FEA144418BF641C4FF050
:1004A00000084FF00009904271EB030C39D300298A
:1004B00019BFB1FA81F701FA07F6B0FA80F700FA2E
:1004C00007F6C7F120071EBF20FA07FC46EA0C0614
:1004D0002037B6FBF4FCA7EB0507103F07F01F0B16
:1004E000CBF120060CFA0BFB2CFA06F644BFB34600
:1004F0000026202FA4BF5E464FF0000B5BEA060CDF
:1005000008BF4FF0010B19EB0B09ABFB027C48EB6A
:100510000608C01B06FB02CC0BFB03CC71EB0C01E5
:10052000C1E70B46024641464846BDE8F08B13B58D
:100530004FF000004FF00001AFF30080BDE81C4019
:10054000704740EA010310B59B070FD1042A0DD371
:1005500010C808C9121F9C42F8D020BA19BA8842A4
:1005600001D9012010BD4FF0FF3010BD1AB1D307E3
:1005700003D0521C07E0002010BD10F8013B11F819
:10058000014B1B1B07D110F8013B11F8014B1B1B42
:1005900001D1921EF1D1184610BD10B5431C02E0E6
:1005A00010F8011B71B18107FAD14FF0013202C876
:1005B0008C1A8C4314EAC211F9D0C01A0A0603D06F
:1005C000C01E10BDC01A10BD0A0401D0801E10BD8F
:1005D0000902FCD0401E10BD032A40F2308010F00A
:1005E000030C00F0158011F8013BBCF1020F6244CE
:1005F00098BF11F801CB00F8013B38BF11F8013B5F
:10060000A2F1040298BF00F801CB38BF00F8013B0B
:1006100011F0030300F02580083AC0F0088051F87B
:10062000043B083A51F804CBA0E80810F5E7121D86
:100630005CBF51F8043B40F8043BAFF30080D207A5
:1006400024BF11F8013B11F801CB48BF11F8012B71
:1006500024BF00F8013B00F801CB48BF00F8012B94
:10066000704710B5203AC0F00B80B1E81850203A1E
:10067000A0E81850B1E81850A0E81850BFF4F5AF42
:100680005FEA027C24BFB1E81850A0E8185044BFCC
:1006900018C918C0BDE810405FEA827C24BF51F839
:1006A000043B40F8043B08BF7047D20728BF31F82D
:1006B000023B48BF11F8012B28BF20F8023B48BF7E
:1006C00000F8012B704702F0FF0343EA032242EADD
:1006D000024200F002B84FF000020429C0F012807C
:1006E00010F0030C00F01B80CCF1040CBCF1020FE5
:1006F00018BF00F8012BA8BF20F8022BA1EB0C01BA
:1007000000F00DB85FEAC17C24BF00F8012B00F8AF
:10071000012B48BF00F8012B70474FF0000200B5D5
:10072000134694469646203922BFA0E80C50A0E814
:100730000C50B1F12001BFF4F7AF090728BFA0E8C2
:100740000C5048BF0CC05DF804EB890028BF40F88E
:10075000042B08BF704748BF20F8022B11F0804FD0
:1007600018BF00F8012B704770477047704710B5ED
:1007700000F00CF8006810BD10B5044600F006F853
:10078000046010BD0048704748B000200048704722
:1007900048B000201FB584B000200A9C06AB04AA14
:1007A00002A90094AFF3008018B1DDE9020108B09E
:1007B00010BD0348204000F039F800200146F6E75C
:1007C0000000207C70477546FFF7DCFFAE46050051
:1007D0006946534620F00700854618B020B5FFF75C
:1007E000B1FDBDE820404FF000064FF000074FF08C
:1007F00000084FF0000B21F00701AC46ACE8C0093F
:10080000ACE8C009ACE8C009ACE8C0098D46704747
:1008100010B50446AFF300802046BDE81040FFF756
:100820001CBD002801D000F009B8704710B500F0D9
:1008300025F8BDE81040FFF7F4BF0000014918207B
:10084000ABBEFEE72600020070B505460C460A2046
:1008500000E06D1C00F068F835B128780028F8D168
:1008600002E0641C00F060F814B120780028F8D190
:10087000BDE870400A2000F057B8000010B502280B
:1008800003D0410103D50DA112E0002010BD0101EC
:1008900001D50FA10CE0C10001D511A108E0810034
:1008A00001D512A104E0400001D513A100E0002110
:1008B00015A0FFF7C9FF012010BD0000496E766149
:1008C0006C6964204F7065726174696F6E0000001E
:1008D000446976696465204279205A65726F000028
:1008E0004F766572666C6F7700000000556E646528
:1008F00072666C6F77000000496E657861637420E2
:10090000526573756C7400005349474650453A2050
:1009100041726974686D6574696320657863657098
:1009200074696F6E3A20000008B569468DF80000C2
:100930000320ABBE08BD00004A494A6822F4403299
:100940004A604A6843681A434A6001684A6822F468
:1009500080724A6001684A68036942EA03224A6079
:1009600001684A6822F040724A6001684A688368F8
:100970001A434A6001688A6822F400628A6001684A
:100980008A68C3681A438A60816A6FF07062D142D4
:1009900014D001688A6822F070628A6001688A68EF
:1009A000836A1A438A6001688A6822F040528A602A
:1009B00001688A68C36A1A438A6009E001688A6824
:1009C00022F070628A6001688A6822F040528A6070
:1009D00001688A6822F002028A6001688A68037EE0
:1009E00042EA43028A6090F8201089B101684A689F
:1009F00042F400624A6001684A6822F460424A6038
:100A000001684A68436A5B1E42EA43324A6004E076
:100A100001684A6822F400624A600168CA6A22F4E6
:100A20007002CA620168CA6A838B5B1E42EA035283
:100A3000CA6201688A6822F400728A6001688A6862
:100A400090F8303042EA43228A6001688A6822F4D2
:100A500080628A6001688A68406942EA8020886012
:100A6000704700000023014010B52DED028BB0EE61
:100A7000408AB0EE480A0EF047FBBDEC028B10BD79
:100A800010B52DED028BB0EE408AF0EE608AF0EEEC
:100A9000680AB0EE480A0EF0CDFBBDEC028B10BD2B
:100AA00010B52DED028BB0EE408AB0EE480AFFF78C
:100AB0005BFCBDEC028B10BDF0EE400AF5EEC00A07
:100AC000F1EE10FA02DDB0EE600A7047B1EE600A96
:100AD000FBE7000018B19FED020A80ED000A7047A5
:100AE0000000000018B1B3EE060A80ED000A70475E
:100AF00070B52DED0C8B84B006460C4615469FED67
:100B0000990AF0EE408A9FED970AB0EE409A9FED69
:100B1000950AF0EE40BA9FED930AF0EE409A9FEDF1
:100B2000910AB0EE40AA0EB104B11DB904B0BDECFB
:100B30000C8B70BD8C48FFF7CDFF8C48FFF7D2FFC0
:100B40008A48D0ED000A9FED8A1A60EE810AB0EE65
:100B5000600A00F02DF9F0EE408A28EEA80AF0EEC7
:100B6000408A8248D0ED000AB0EE001A60EE810A99
:100B70009FED7F1A60EE810AB0EE600A00F018F96E
:100B8000B0EE409A29EE090AB0EE409ADFED790AFC
:100B9000B7EE000A00EEA80ADFED770A00EEC90AF8
:100BA000DFED760A20EE200A754880ED000A6E48D7
:100BB00090ED000ADFED730A80EE201AB7EE000A0E
:100BC00031EE000A20EE000A6D48D0ED000A80EEFA
:100BD000801A6D4880ED001A94ED000AB5EEC00A47
:100BE000F1EE10FA0DD194ED010AB5EEC00AF1EE66
:100BF00010FA06D194ED020AB5EEC00AF1EE10FA31
:100C000046D09FED580AB0EE408A00200190029035
:100C10000390D4ED000A60EEA00A94ED011AD4ED21
:100C2000011A41EE210A94ED021AD4ED021A41EEA6
:100C3000210AB0EE600A00F0A9F8B0EE408A94ED07
:100C4000000A20EE080A8DED010A94ED010A20EE5B
:100C5000080A8DED020A94ED020A20EE080A8DEDD5
:100C6000030ADDED010AF1EE600AB0EE600AFFF75B
:100C7000FBFEF0EE409A9DED031AF0EE410A9DED69
:100C8000021AB0EE410AFFF7FBFEB0EE40AA07E001
:100C90009FED340AF0EE409A9FED320AB0EE40AA82
:100CA00095ED000AB5EEC00AF1EE10FA0DD195ED02
:100CB000010AB5EEC00AF1EE10FA06D195ED020A6E
:100CC000B5EEC00AF1EE10FA3CD0B0EE690A00F0C1
:100CD0006FF8B0EE408AB0EE690AFFF7E1FEB0EEC1
:100CE00040DAB0EE4A0A00F063F8F0EE40AAB0EE47
:100CF0004A0AFFF7D5FEB0EE40BA28EE2A0AD5ED33
:100D0000010A20EE200AD5ED000A0DEE200A68EE59
:100D10000B0A95ED021A00EE810AB0EE40CA95ED7D
:100D2000010A20EE0B0AD5ED020A0AEEE00AF0EE07
:100D300040CAF0EE6C0AB0EE4C0AFFF7A1FEF0EEEE
:100D400040BA03E09FED070AF0EE40BAB0EE4A1A4F
:100D5000F0EE690AB0EE6B0A30460FF0E3F800BF20
:100D6000E4E6000000000000C8030020CC030020DF
:100D700035FA8E3CC1BFAD3B9DF8C5362F7C1C417A
:100D8000D0030020506CC24AD403002010B52DEDD2
:100D9000028BB0EE408AB0EE480A0EF01BFDB7EEB3
:100DA000001AC1EE000AB0EE600ABDEC028B10BD65
:100DB00010B52DED028BB0EE408AB0EE480AFFF779
:100DC0000FFBBDEC028B10BD2DE9F0412DED028B28
:100DD0009AB00546B0EE408A0E4617469846002067
:100DE0001790189019901490159016904DB146B127
:100DF0003FB1B8F1000F04D0B5EEC08AF1EE10FAA1
:100E000005D100201AB0BDEC028BBDE8F08196ED53
:100E1000000A8DED170A96ED010A8DED180A96ED80
:100E2000020A8DED190A97ED000A8DED140A97ED6F
:100E3000010A8DED150A97ED020A8DED160A17AA23
:100E400014A928460EF0C0FE402104A8FFF765FC57
:100E500000200090019002900390002417A904A89C
:100E600014F0D4FD00BF30E004A800EB041090EDB6
:100E7000000AD5ED000A20EE200A04A800EB0410B9
:100E8000D0ED010A95ED011A00EE810A04A800EBED
:100E90000410D0ED020A95ED021A00EE810A04A8B2
:100EA00000EB0410D0ED030A95ED031A00EE810A61
:100EB00020EE080AF0EE000A80EE201A684600EBE9
:100EC000840080ED001A601CC4B2042CCCDB00242A
:100ED00010E005EB840090ED000A684600EB84000A
:100EE000D0ED000A30EE200A05EB840080ED000A08
:100EF000601CC4B2042CECDB284613F0D7FC0120A4
:100F000080E7000010B501221021024802F09BFF8B
:100F100010BD00000000024010B500221021024860
:100F200002F091FF10BD0000000002407047000079
:100F300010B501221146024802F085FF10BD0000E5
:100F40000004024010B500220121024802F07BFF9C
:100F500010BD00000004024010B543781B021BB214
:100F60000478234300EE103AB8EEC01A1C4BD3EDC0
:100F7000001A21EE211A81ED001AC3781B021BB260
:100F80008478234300EE103AB8EEC01A144BD3ED28
:100F9000001A21EE211A81ED011A43791B021BB2BE
:100FA0000479234300EE103AB8EEC01A0C4BD3ED8F
:100FB000001A21EE211A81ED021A037A1B04C4796A
:100FC00043EA04238479234300EE903AB8EE601A92
:100FD000DFED041A21EE211A82ED001A10BD000087
:100FE000C401002000401C42704710B50446204652
:100FF00012F0F2FE10BD10B5044620460FF052FC70
:1010000010BD00004278120212B203781A4300EEBB
:10101000102AF8EEC00A144A92ED001A60EE810A16
:10102000C1ED000AC278120212B283781A4300EEB0
:10103000102AF8EEC00A0C4A92ED001A60EE810AFE
:10104000C1ED010A4279120212B203791A4300EE8D
:10105000102AF8EEC00A044A92ED001A60EE810AE6
:10106000C1ED020A70470000C801002010B500243D
:10107000FFF75CFFFFF7B8FF0FF0CEF810B144F0B8
:10108000800402E00FF02EF804430FF0BDFA10B117
:1010900044F0400402E00FF03DFA0443204610BD46
:1010A0002DE9FC4105460E461746002000900190B0
:1010B000FFF732FF922000F0D1F806226946122095
:1010C00000F0ACF8FFF71EFF9DF80100000200B22F
:1010D0009DF8001040EA010400EE104AB8EEC00A84
:1010E0004C48D0ED000A20EE200A86ED000A9DF85B
:1010F0000300000200B29DF8021040EA010400EE75
:10110000104AB8EEC00A4348D0ED000A20EE200A8B
:1011100086ED010A9DF80500000200B29DF804105A
:1011200040EA010400EE104AB8EEC00A3948D0ED9A
:10113000000A20EE200A86ED020AFFF703FF0822CC
:101140006946002000F06AF8FFF7F2FE9DF8000003
:101150000F2838D19DF80300000200B29DF802105C
:1011600040EA010400EE104AB8EEC00A2A48D0ED69
:10117000000A20EE200A85ED000A9DF80500000215
:1011800000B29DF8041040EA010400EE104AB8EEE7
:10119000C00A2148D0ED000A20EE200A85ED010AA0
:1011A0009DF80700000200B29DF8061040EA010415
:1011B00000EE104AB8EEC00A1748D0ED000A20EE43
:1011C000200A85ED020AFFF7A7FEA22000F046F8EC
:1011D00002226946222000F021F8FFF793FE9DF8D5
:1011E0000000C0009DF8011040EA6114B4F5806F62
:1011F00002DBA4F5006004B200EE104AF8EEC00A6B
:10120000B4EE001AB3EE070A00EE810A87ED000A79
:10121000BDE8FC81C4010020C801002070B506466D
:101220000C46154646F0800000F018F806E0552000
:1012300000F014F82070641C681EC5B2002DF6D1B1
:1012400070BD70B504460D4644F0800000F006F80D
:10125000552000F003F8287070BD000001B582B081
:101260004FF47A70012301AA02A90090024804F009
:10127000C9FD9DF804000EBDB021002010B5024646
:101280001378DB00547843EA6410B0F5806F02DB1A
:10129000A0F5006318B200EE100AF8EEC00AB4EE32
:1012A000001AB3EE070A00EE810A81ED000A10BDB4
:1012B00070B505460C462846FFF7D0FF2046FFF7DD
:1012C000CDFF70BDFEE70000014801F0BCBC00008E
:1012D000D41F0020014801F0B6BC0000FC1F002014
:1012E00038B51048B0F8FE43B0F8FC5361200E4901
:1012F000086000208860C8600820086101200B4950
:1013000008704C70200A8870CD70280A087100207F
:1013100048718871C8716B460A460349044801F058
:10132000C5FA38BDF0030020841700208801002092
:10133000D41F002038B5264890EDFE0ADFED250ABF
:1013400020EE200ABDEEC00A10EE104A812022498C
:10135000086000208860C860082008611C4890ED83
:10136000F90AF2EE040A20EE200ABDEEC00A10EEE1
:10137000100A1A490870164890EDFA0AF2EE040AAB
:1013800020EE200ABDEEC00A10EE100A4870104888
:1013900090EDFC0ADFED120A20EE200ABDEEC00A35
:1013A00010EE100A88700A4890F8F403C8700848D4
:1013B00090F8EC030871200E4871200C8871200A07
:1013C000C8716B460A460449064801F06FFA38BDF9
:1013D000F0030020002474496C17002080010020D5
:1013E0000000C842D41F002008B5822028490860A8
:1013F00000208860C86008200861264890F8FE0335
:10140000000225490870234890F8FE0348702148DF
:1014100090F8FC03000288701E4890F8FC03C87026
:101420001E4890ED080ADFED1E0A20EE200ABDEEF0
:10143000C00A10EE100A0871184890ED070AF2EE83
:10144000040A20EE200ABDEEC00A10EE100A487110
:10145000124890ED0A0ADFED120A20EE200ABDEED6
:10146000C00A10EE100A88710C4890ED090AF2EEDD
:10147000040A20EE200ABDEEC00A10EE100AC87160
:101480006B460A460249074801F010FA08BD000001
:101490006C170020F003002080010020D4070020FA
:1014A0000000C842D41F002038B505460C4640F263
:1014B000FF100D49086000208860C860082008619E
:1014C000280A0A4908704D70200A8870CC700020E4
:1014D000087148718871C8716B460A460249044810
:1014E00001F0E4F938BD0000541700207801002015
:1014F000FC1F002010B52DED028B82B0B0EE408AAB
:10150000B2EE041AFAEE040AB0EE480A00F02CFF1C
:10151000B0EE408A0C20B2EE041AFAEE040AB0EEE5
:10152000480A00F0EAFE044606200E490860002042
:101530008860C8600820086100200B490870487066
:101540008870C8700871487120128871CC7101AB25
:101550000A460449054801F0A9F902B0BDEC028B26
:1015600010BD00002417002068010020FC1F00208F
:1015700010B52DED028B82B0B0EE408AB2EE041AA7
:10158000FAEE040AB0EE480A00F0EEFEB0EE408A31
:101590000C20B2EE041AFAEE040AB0EE480A00F08B
:1015A000ACFE044605200E49086000208860C86033
:1015B0000820086100200B49087048708870C870C6
:1015C0000871487120128871CC7101AB0A46044938
:1015D000054801F06BF902B0BDEC028B10BD0000B4
:1015E0000C17002060010020D41F002008B5062041
:1015F0000C49086000208860C86008200861FF204E
:101600000949087048708870C870087148718871FD
:10161000FB20C8716B460A460249044801F046F9AE
:1016200008BD00002417002068010020FC1F0020D6
:1016300008B506200C49086000208860C8600820B2
:101640000861FF200949087048708870C8700871E7
:1016500048718871FC20C8716B460A4602490448EB
:1016600001F024F908BD00002417002068010020C3
:10167000FC1F002038B5044640F2FF100C490860FA
:1016800000208860C86008200861002009490870AF
:1016900048708870C870200A08714C7100208871E9
:1016A000C8716B460A460249034801F0FFF838BD8D
:1016B0003C17002070010020D41F002008B5052031
:1016C0000C49086000208860C86008200861FF207D
:1016D0000949087048708870C8700871487188712D
:1016E000FB20C8716B460A460249044801F0DEF847
:1016F00008BD00000C17002060010020D41F00204E
:1017000008B505200C49086000208860C8600820E2
:101710000861FF200949087048708870C870087116
:1017200048718871FC20C8716B460A46024904481A
:1017300001F0BCF808BD00000C170020600100207B
:10174000D41F002004284FF000007047002070478D
:1017500010B50022044905480BF03AFB0449034840
:101760000BF028FB002010BD843B00207C270020CC
:101770008433002010B5014603480BF01BFB0248E0
:101780000BF0E8FA002010BD7C27002000207047F5
:1017900010B52DED028B0446B4F90010B4F9082001
:1017A000881A16F05FF941EC180B9FED200B53ECF3
:1017B000102B16F056FB03D2A069401EA06112E068
:1017C000B4F90010B4F90820881A16F04BF941EC6E
:1017D000180B9FED180B53EC102B16F067F902D283
:1017E000A069401CA061A069C0EB4030B4F90010B2
:1017F000084400EE100AB8EEC00A9FED101AC0EEC1
:10180000010A9FED0F0A20EE800AF0EE000A60EE5A
:10181000200A9FED0C1A80EE810AF7EE000A20EEF6
:10182000200A84ED050ABDEC028B10BD000000000B
:1018300000FFAF400000000000FFAFC000F8FF4510
:10184000DA0F49400000B44310B52DED028B044679
:10185000B4F90010B4F90820881A16F003F941EC25
:10186000180B9FED200B53EC102B16F0FAFA03D255
:10187000A069401EA06112E0B4F90010B4F908207C
:10188000881A16F0EFF841EC180B9FED180B53EC8B
:10189000102B16F00BF902D2A069401CA061A069C0
:1018A000C0EB4030B4F90010084400EE100AB8EE66
:1018B000C00A9FED101AC0EE010A9FED0F0A20EE3C
:1018C000800AF0EE000A60EE200A9FED0C1A80EE0E
:1018D000810ADFED0B0A20EE200A84ED050ABDEC3B
:1018E000028B10BD0000000000FFAF4000000000B0
:1018F00000FFAFC000F8FF45DA0F494000706045B7
:1019000000003B431B48406800F0006080B31A4869
:10191000406B00681949884205D94FF000601749AB
:101920004C3908601CE01448406B00681149B8311C
:10193000884205D94FF000601049503908600FE027
:101940000D48406B00680B495831884204D94FF06C
:1019500000600849C86003E04FF0006005498860F6
:1019600005480068006840F4007003490968086091
:101970007047000000600240782000205864024058
:10198000014801F0A1BE0000BC26002010B5FE48B1
:10199000C06C0068FD49884276D9FC48543800681C
:1019A000F949C96C0968FA4A914201D1202169E0DC
:1019B000F549C96C0968F54A483A914201D120219C
:1019C00060E0F149C96C0968F14A6032914201D185
:1019D000202157E0EC49C96C0968EC4A1832914261
:1019E00001D120214EE0E849C96C0968E84A183263
:1019F000914201D1C91445E0E349C96C0968E34A41
:101A0000303A914201D1C9143CE0DF49C96C096800
:101A1000DF4A7832914201D1C91433E0DA49C96C06
:101A20000968DA4A3032914201D1C9142AE0D64914
:101A3000C96C0968D64A3032914202D14FF4001184
:101A400020E0D149C96C0968D04A183A914202D1C4
:101A50004FF4001116E0CC49C96C0968CC4A9032A9
:101A6000914202D14FF400110CE0C749C96C0968DA
:101A7000C64A4832914203D14FF4001102E003E01C
:101A80004FF00061084070E1BF48C06C0068C04979
:101A9000A831884276D9BD4858380068BA49C96C1F
:101AA0000968BB4A914201D1202169E0B649C96C5D
:101AB0000968B64A483A914201D1202160E0B24912
:101AC000C96C0968B24A6032914201D1202157E0C5
:101AD000AD49C96C0968AD4A1832914201D1202143
:101AE0004EE0A949C96C0968A94A1832914201D14E
:101AF000C91445E0A449C96C0968A44A303A914226
:101B000001D1C9143CE0A049C96C0968A04A7832E7
:101B1000914201D1C91433E09B49C96C09689B4AC1
:101B20003032914201D1C9142AE09749C96C096841
:101B3000974A3032914202D14FF4001120E092498D
:101B4000C96C0968914A183A914202D14FF40011C8
:101B500016E08D49C96C09688D4A9032914202D1D4
:101B60004FF400110CE08849C96C0968874A483273
:101B7000914203D14FF4001102E003E04FF0006105
:101B80000840F2E08048C06C0068814948318842D2
:101B900076D97F48103840687B49C96C09687C4A0F
:101BA000914201D1202169E07749C96C0968774ADF
:101BB000483A914201D1202160E07349C96C09681B
:101BC000734A6032914201D1202157E06E49C96CBD
:101BD00009686E4A1832914201D120214EE06A49CB
:101BE000C96C09686A4A1832914201D1C91445E0AA
:101BF0006549C96C0968654A303A914201D1C914F6
:101C00003CE06149C96C0968614A7832914201D16E
:101C1000C91433E05C49C96C09685C4A30329142AE
:101C200001D1C9142AE05849C96C0968584A3032B0
:101C3000914202D14FF4001120E05349C96C096868
:101C4000524A183A914202D14FF4001116E04E491F
:101C5000C96C09684E4A9032914202D14FF400118A
:101C60000CE04949C96C0968484A4832914203D19D
:101C70004FF4001102E003E04FF00061084074E00F
:101C80004348103800684049C96C0968404A91428D
:101C900001D1202168E03C49C96C09683B4A483AB7
:101CA000914201D120215FE03749C96C0968384A67
:101CB0006032914201D1202156E03349C96C096854
:101CC000324A1832914201D120214DE02E49C96C8F
:101CD00009682F4A1832914201D1C91444E02A49B7
:101CE000C96C0968294A303A914201D1C9143BE0D4
:101CF0002549C96C0968264A7832914201D1C91434
:101D000032E02149C96C0968204A3032914201D140
:101D1000C91429E01C49C96C09681D4A3032914236
:101D200002D14FF400111FE01749C96C0968174A26
:101D3000183A914202D14FF4001115E01249C96CD2
:101D40000968134A9032914202D14FF400110BE01E
:101D50000D49C96C09680D4A4832914202D14FF4CD
:101D6000001101E04FF00061084000286FD00648E4
:101D7000C06C0068054988427BD90348C06C006884
:101D80000349884208D105E0B02100205864024090
:101D900010600240202068E0FE48C06C0068FE49E8
:101DA000884201D1202060E0FA48C06C0068FB49FD
:101DB000884201D1202058E0F648C06C0068F649FE
:101DC0006031884201D120204FE0F248C06C0068A9
:101DD000F2494839884201D1C01446E0ED48C06C50
:101DE0000068ED491831884201D1C0143DE0E9484E
:101DF000C06C0068E9491831884201D1C01434E050
:101E0000E448C06C0068E4497831884201D1C014CC
:101E10002BE0E048C06C0068E0493039884202D1CC
:101E20004FF4001021E0DB48C06C0068DA49303123
:101E3000884202D14FF4001017E0D648C06C006809
:101E4000D6493031884204D14FF400100DE0DFE173
:101E50000FE0D048C06C0068CF499031884202D171
:101E60004FF4001001E04FF00060CB49091F0860FB
:101E70006AE1C848C06C0068C8494831884274D9D2
:101E8000C448C06C0068C5496039884201D120202F
:101E900066E0C048C06C0068BF49884201D120207C
:101EA0005EE0BC48C06C0068BC49884201D120207B
:101EB00056E0B848C06C0068B7496031884201D12B
:101EC00020204DE0B348C06C0068B44948398842CE
:101ED00001D1C01444E0AF48C06C0068AE4918316D
:101EE000884201D1C0143BE0AA48C06C0068AB49ED
:101EF0001831884201D1C01432E0A648C06C006895
:101F0000A5497831884201D1C01429E0A148C06CAC
:101F10000068A2493039884202D14FF400101FE016
:101F20009C48C06C00689C493031884202D14FF413
:101F3000001015E09748C06C00689849303188421D
:101F400002D14FF400100BE09248C06C0068924937
:101F50009031884202D14FF4001001E04FF0006050
:101F60008D4908390860EFE0FFE78A48C06C0068D7
:101F70008A491839884274D98648C06C00688749F4
:101F80006039884201D1202066E08248C06C006838
:101F90008149884201D120205EE07E48C06C006803
:101FA0007E49884201D1202056E07A48C06C006802
:101FB00079496031884201D120204DE07548C06CDC
:101FC000006876494839884201D1C01444E071481C
:101FD000C06C006870491831884201D1C0143BE0E0
:101FE0006C48C06C00686D491831884201D1C0143A
:101FF00032E06848C06C006867497831884201D196
:10200000C01429E06348C06C0068644930398842D4
:1020100002D14FF400101FE05E48C06C00685E49BA
:102020003031884202D14FF4001015E05948C06C9D
:1020300000685A493031884202D14FF400100BE059
:102040005448C06C006854499031884202D14FF422
:10205000001001E04FF0006050497039C86073E033
:10206000FFE74C48C06C00684C496039884201D198
:10207000202066E04748C06C00684749884201D18B
:1020800020205EE04348C06C00684449884201D18A
:10209000202056E03F48C06C00683F4960318842CC
:1020A00001D120204DE03B48C06C00683B494839D5
:1020B000884201D1C01444E03648C06C00683649FB
:1020C0001831884201D1C0143BE03248C06C00682E
:1020D00032491831884201D1C01432E02D48C06C19
:1020E00000682D497831884201D1C01429E029487F
:1020F000C06C006829493039884202D14FF4001081
:102100001FE02448C06C006823493031884202D166
:102110004FF4001015E01F48C06C00681F493031B3
:10212000884202D14FF400100BE01A48C06C0068DE
:1021300019499031884202D14FF4001001E04FF06C
:1021400000601649703988601548007800F0020078
:1021500078B11348007820F0020011490870084651
:10216000007840F004000870012211460D4801F08B
:102170006AFE0D48007800F00200E0B10A480078DD
:1021800020F00200084908700846007840F004007A
:1021900008700BE0B0210020106402407060024023
:1021A000A900002000040240AA0000200122102102
:1021B000184801F048FE1848007800F0020078B195
:1021C0001548007820F0020013490870084600788E
:1021D00040F004000870012210210E4801F033FE87
:1021E00011F034FB0D48007800F0040080B10B487A
:1021F000007820F00400094908700846007840F093
:10220000080008700648006840F0010004490860B2
:1022100010BD000000000240AB000020A90000201B
:10222000103C0140014801F04FBA0000FC2500209D
:10223000014801F049BA00001C270020014801F0C4
:1022400043BA00009C25002001680A4BCAB2103A2C
:10225000A3FB02321209084B9B5CC365032A04D915
:102260006FF30901091D816502E06FF309018165C2
:10227000806D7047ABAAAAAA408F010801460020D2
:102280008A6A8B69002B0FD0B3F5005F1DD08AB32B
:10229000012A30D0022A2ED0032A04D1C96A11F0B3
:1022A000807F00D0012070471AB1012A07D0022A8E
:1022B000F9D1C96A11F0807FF5D001207047C96A51
:1022C000B1F1C07FFAD1012070475AB1012A0BD079
:1022D000022A07D0032AF7D1C96AB1F1C07FF3D12E
:1022E0000120704701207047C96A11F0807FFAD041
:1022F00001207047FFE701207047014671EE602A18
:10230000F0EE621AB0EE602A70EE422A82EEA13A36
:1023100001208840401E02EE900AF8EEE22A63EEA9
:10232000222AFCEEE22A12EE900A80B27047B0EE4A
:10233000401A30EEC10AF0EE401AB0EE412A00EE2B
:10234000100AB8EEC00A60EE212A01228A4000EE8F
:10235000102AB8EEC00AB7EE003A30EE433A82EEE9
:10236000830A30EE020A7047F0EE401AF4EEC11A0A
:10237000F1EE10FA02DDB0EE410A7047F4EEE01A19
:10238000F1EE10FA02D2B0EE600AF6E7B0EE610AA2
:10239000F3E77047012001F02DBC4FF4006001F01D
:1023A00029BC082001F026BC102001F023BC10B588
:1023B000202001F01FFCBDE810404FF4007001F038
:1023C00019BC70470022002905D001291AD0022922
:1023D0001BD04FF440720E490B6823F440730B601E
:1023E0000B681A430A600A6822F0F8020A600A6859
:1023F000022343EAC00010430860086840F48030BC
:10240000086070474FF48072E5E74FF40072E2E72E
:10241000103C02401448016811F4007F0FD001689D
:1024200021F400710160016841F4006101600168FC
:1024300021F400610160016841F4007101600168EC
:1024400011F4806F0FD0016821F480610160016890
:1024500041F480510160016821F4805101600168FC
:1024600041F4806101607047003C024008490A68FD
:1024700022F440720A600A6842F004020A600A68A4
:102480004FF4803343EA0020104308607047000097
:10249000103C0240064A136823F44073136013682B
:1024A0001360136843F0010313600170704700006C
:1024B000103C02400B49D1F800C02CF4407CC1F81C
:1024C00000C0D1F800C04CF4407CC1F800C0D1F885
:1024D00000C04CF0010CC1F800C00260BFF36F8F68
:1024E00043607047103C0240074A136823F440736E
:1024F0001360136843F480731360136843F001039F
:102500001360018070470000103C0240074A1368C6
:1025100023F440731360136843F40073136013686B
:1025200043F001031360016070470000103C02405B
:102530001A49086810F0100F194805D0C26942F016
:102540001002C26110220A600A6812F0200F05D042
:10255000C26942F00802C26120220A600A6812F0D1
:10256000400F05D0C26942F00402C26140220A60F5
:102570000A6812F0800F05D0C26942F00202C261FF
:1025800080220A600A6812F0020F05D0C26942F088
:102590002002C26102200860704700000C3C02402B
:1025A0008443002070B5044614490020C86101F03E
:1025B00051FC0646124D286810F4803F0ED0B4F14D
:1025C000FF3F07D024B101F045FC801BA04201D998
:1025D000032070BD286810F4803FF0D1286810F007
:1025E000010F01D001202860286810F0F20F03D0FD
:1025F000FFF79EFF012070BD002070BD84430020C6
:102600000C3C024070B50B480168001D0568001DB8
:102610000068084400280CD0074C0822A11C04F0D4
:10262000BFFE04F112012846BDE87040042204F008
:10263000B7BE70BD107AFF1F6402002038B44FF09F
:10264000000CCDF800C090F83C20012A1BD00122DC
:1026500080F83C200A680724092A17D90368DD6836
:102660000A3A02EB420204FA02F225EA0202DA60B6
:102670000A788B680A3A02EB420293400268D468F7
:102680002343D36014E038BC0220704703681D69FF
:1026900002EB420204FA02F225EA02021A610A7807
:1026A0008B6802EB42029340026814692343136172
:1026B0004A681F24072A15D203685D6B521E02EB7D
:1026C000820204FA02F225EA02025A630A8893B2ED
:1026D0000A79521E02EB820293400268546B234334
:1026E00053632CE00D2A15D203681D6BD21F02EB39
:1026F000820204FA02F225EA02021A630A8893B2FD
:102700000A79D21F02EB820293400268146B2343C2
:10271000136314E00368DD6A0D3A02EB820204FAE7
:1027200002F225EA0202DA620A8893B20A790D3AC5
:1027300002EB820293400268D46A2343D362184AB0
:10274000184B04689C4206D10C68122C03D15468C3
:1027500044F48004546004689C421CD10B68102B24
:1027600001D0112B17D1536843F40003536009685B
:10277000102910D10C490D4A0968B1FBF2F101EBA7
:10278000810149000091009929B10099491E0091E9
:1027900000990029F9D180F83CC038BC002070476E
:1027A00000230140002001400802002040420F00A9
:1027B00070B504460025002C03D0206C002610B113
:1027C00007E0012070BD204600F01EF8666484F822
:1027D0003C60206C10F0100F04D0012584F83C60A0
:1027E000284670BD206C20F4885040F00200206420
:1027F0002046FEF7A1F86664206C20F0020040F04D
:1028000001002064EAE7000000B587B000210291D2
:10281000039104910591069100681849A0F1804246
:10282000B2F5903220D0A0F18042B2F5913219D1A8
:10283000086840F480600860086800F480600190D7
:102840000F48016841F020010160006800F020009D
:1028500001904FF4806002900320039002A9094880
:1028600001F0D4F907B000BD086840F4807008603A
:10287000086800F48070019007B000BD4438024041
:10288000303802400014024090F82020012A07D07E
:10289000022A05D0416A41F480214162012070473B
:1028A00000684269114341610020704770B490F89C
:1028B0002040D0F800C0DCF808C0012C08D0022C61
:1028C00006D0416A41F48021416270BC012070470A
:1028D0000CF080640CF000652C4302D11CF0805F8A
:1028E0005FD0CCF3016CBCF1020F06D9416A41F410
:1028F0000001416270BC01207047012404FA0CF40D
:102900001C608B684FF4C0749BB1CD6804EB0C164F
:102910002B434D6843EAC5030568AB514FF4C273BE
:10292000066803EB0C130D69F550097D012909D0E8
:102930000DE00D88CB6804EB0C1643EA455305689F
:10294000AB51EBE70168CD5845F48075CD50117956
:10295000D379557941EA036193791B0443EA05234E
:1029600019434FF4C675036805EB0C1559511178DE
:10297000D37841EA0361937852781B0443EA022238
:1029800011434FF4C473026803EB0C13D150016878
:1029900004EB0C100A5842F001020A5070BC0020EF
:1029A0007047416A41F40011416270BC01207047D8
:1029B00090F82020012A07D0022A05D0416A41F46C
:1029C00080214162012070474248D0F8002242F045
:1029D0000102C0F80022D0F8002222F47C52C0F894
:1029E0000022D0F800224B6A42EA0322C0F80022FB
:1029F0000A7D012302F01F0203FA02F2D0F81C3212
:102A00009343C0F81C32CB69D3B9D0F80C3293434E
:102A1000C0F80C32B1F80CC04B686CF31F43D1F80E
:102A200014C000EBCC0CCCF84032B1F808C00B68F5
:102A30006CF31F43D1F814C000EBCC0CCCF844323B
:102A4000CB69012B1AD1D0F80C321343C0F80C32E9
:102A5000B1F800C04B686CF31F43D1F814C000EB11
:102A6000CC0CCCF84032B1F808C0CB686CF31F43F3
:102A7000D1F814C000EBCC0CCCF844328B697BB19C
:102A8000D0F804321343C0F804320B6973B1D0F8A4
:102A900014321343C0F81432096A01290CD010E033
:102AA000D0F804329343C0F80432EEE7D0F8143281
:102AB0009343C0F81432EFE7D0F81C121143C0F86A
:102AC0001C12D0F8001221F00101C0F80012002001
:102AD0007047000000640040704710B490F820C0B8
:102AE000BCF1010F09D0BCF1020F06D0416A41F4DC
:102AF0008021416210BC0120704739B1D0F800C07C
:102B0000DCF810C01CF0030F7DD006E0D0F800C048
:102B1000DCF80CC01CF0030F7BD04FF4D87C0468A9
:102B20000CEB011C54F80C4004F004049460002CDD
:102B30007DD0046854F80C40E4085460046854F8EC
:102B40000CC00CF0020CC2F80CC04FF4DA7C046824
:102B50000CEB011C54F80C4004F00F0414610468E1
:102B600054F80C40C4F307249461046854F80CC072
:102B70004FEA1C4CC2F814C04FF4DC72D0F800C00D
:102B800002EB01125CF802C083F800C0D0F800C06C
:102B90005CF802C04FEA1C2C83F801C0D0F800C0DA
:102BA0005CF802C04FEA1C4C83F802C0D0F800C0A9
:102BB0005CF80220120EDA704FF4DE72D0F800C01A
:102BC00002EB01125CF802C083F804C0D0F800C028
:102BD0005CF802C04FEA1C2C83F805C0D0F800C096
:102BE0005CF802C04FEA1C4C83F806C0D0F800C065
:102BF0005CF80220120EDA71F9B10068016941F047
:102C00002001016102E00BE003E010E010BC0020B5
:102C10007047416A41F40011416210BC01207047C5
:102C2000416A41F40011416210BC01207047046800
:102C300054F80C40640D146080E70068C16841F0EE
:102C40002001C160DEE72DE9F05F05460024286819
:102C50004669D0F804908768D0F80CA0D0F810B07E
:102C6000D0F8188016F0010F54D017F0010F17D0CC
:102C70000121816017F0020F03D0284600F0F8FC14
:102C80000EE017F0040F02D04FF4006408E017F0D4
:102C9000080F02D04FF4805402E0284600F0E7FC11
:102CA00017F4807F19D029684FF48070886017F47A
:102CB000007F03D0284600F0DDFC0EE017F4806FA3
:102CC00002D044F4005408E017F4006F02D044F43A
:102CD000804402E0284600F0CCFC17F4803F19D075
:102CE00029684FF48030886017F4003F03D02846ED
:102CF00000F0C2FC0EE017F4802F02D044F4004430
:102D000008E017F4002F02D044F4803402E0284693
:102D100000F0B1FC16F0080F07D01AF0100F04D025
:102D200044F4007429681020C86016F0040F4FF0B6
:102D3000080707D01AF0080F04D02868C760284693
:102D400000F0CEF916F0020F07D02868C06810F026
:102D5000030F02D0284600F0C5F916F0400F07D047
:102D60001BF0100F04D044F480642968102008611F
:102D700016F0200F07D01BF0080F04D02868076159
:102D8000284600F03FFC16F0100F07D028680069B5
:102D900010F0030F02D0284600F035FC16F4003F77
:102DA00008D019F0100F05D0296810204860284677
:102DB00000F02AFC16F4803F07D019F0080F04D069
:102DC00028684760284600F058FC16F4004F4AD0A7
:102DD00019F0040F44D016F4807F04D018F0010FCE
:102DE00001D044F0010416F4007F04D018F0020F63
:102DF00001D044F0020416F4806F04D018F0040FE0
:102E000001D044F0040416F4006F29D018F0700FBC
:102E100026D008F07000402815D006DC102809D014
:102E200020280AD0302816D10AE050280ED0602879
:102E300011D10EE044F008040DE044F010040AE063
:102E400044F0200407E044F0400404E044F080042F
:102E500001E044F480742868816921F07001816187
:102E6000296804204860002C05D0686A2043686205
:102E70002846FFF731FEBDE8F09F70B50446002CF0
:102E800003D094F8200010B104E0012070BD20466A
:102E900000F0A8F82068016841F00101016000F02D
:102EA000D9FF0546206840684FF0050610F0010F75
:102EB00011D100F0CFFF401B0A2807D9606A40F407
:102EC0000030606284F82060012070BD2068406896
:102ED00010F0010FEDD02068016821F002010160BF
:102EE00000F0B8FF05462068406810F0020F11D0CE
:102EF00000F0B0FF401B0A2807D9606A40F4003098
:102F0000606284F82060012070BD2068406810F085
:102F1000020FEDD1207E01283FD02068016821F00A
:102F200080010160607E01283DD02068016821F0A9
:102F300040010160A07E01283BD02068016821F09B
:102F400020010160E07E012839D02068016841F04D
:102F500010010160207F012837D02068016821F02E
:102F600008010160607F012835D02068016821F0E8
:102F700004010160E168A0686269084321691143A6
:102F800008436168491E08432168C86100206062E7
:102F9000012084F82000002070BD2068016841F005
:102FA00080010160BEE72068016841F040010160D6
:102FB000C0E72068016841F020010160C2E7206895
:102FC000016821F010010160C4E72068016841F048
:102FD00008010160C6E72068016841F00401016052
:102FE000C8E70000F0B587B0002102910391049179
:102FF00005910691354E0168354B3068022409254C
:10300000401C344AA1F180474FF0030CB7F5C84784
:1030100010D0A1F18047B7F5D04730D1116841F009
:1030200080611160116801F08061019130600128B8
:1030300027D02EE03060012807D1106840F00070E2
:103040001060106800F000700190186840F00800EF
:103050001860186800F008000190CDF808C00394CB
:10306000CDF814C0069502A91B4800F0CFFD002240
:103070000621142001F016FB142001F005FB07B017
:10308000F0BD106840F000701060106800F0007033
:103090000190186840F002001860186800F0020003
:1030A0000190602002900394CDF814C0069502A907
:1030B0000A4800F0ABFD00220621402001F0F2FAA0
:1030C000402001F0E1FA07B0F0BD0000240200202A
:1030D0003038024040380240000C024000040240F8
:1030E00070470000F0B52DED0E8B8BB0044602AB9F
:1030F00004AA00212046FFF7F0FCFE4884427DD15F
:103100000498052808D0312879D0512878D0A0F229
:103110000720002875D13FE09DF80A009DF80910AE
:1031200040EA012085B29DF80B0000019DF80C10CB
:1031300040EA21169DF80D009DF80C1001F00F01DA
:1031400040EA01279DF808000009EB4908701021AA
:10315000DFEDEA0A9FEDEA0A2846FFF7E8F8E648BD
:1031600080ED010A0C21F3EE0E0ABBEE0E0A30468A
:10317000FFF7DDF8E04880ED020A0C21F2EE040AC8
:10318000BAEE040A3846FFF7D2F8DB4880ED030AAE
:1031900004200DF0AFFBE4E0DA480088D94908814B
:1031A0009DF80E0088719DF809009DF8081040EA0E
:1031B000012000B2D34908809DF80B009DF80A1049
:1031C00040EA012000B2CF4948809DF80D009DF8EB
:1031D0000C1040EA012000B2CA4988800846B0F9C4
:1031E000040000EE100AF8EEC00A9FEDC71A80EE48
:1031F000810AF2EE040A20EE200A03E0B2E06DE05C
:103200004DE0ADE0DFEDC10A20EE200A084680ED7A
:10321000030AB1F9020014F025FC41EC1E0B9FEDEE
:10322000BC0B53EC102B14F07DFC41EC1D0B9FEDFF
:10323000BA0B53EC102B14F057FA41EC1C0B9FED1A
:10324000B80B53EC102B14F04FFA41EC1B0B9FED15
:10325000B60B53EC102B14F065FC41EC1A0B9FEDF0
:10326000B40B53EC102B14F03FFA41EC190B9FED0B
:10327000B20B53EC102B14F055FC41EC180B13F06F
:103280009FFFA04908610846FEF782FA9D4890ED2D
:10329000050A80ED070A03200DF02CFB61E09DF884
:1032A0000800A74908709DF809008DF804009DF8F2
:1032B0000A008DF805009DF80B008DF806009DF8BA
:1032C0000C008DF807000846019941609DF80F0039
:1032D0009B4988720B200DF00DFB42E09DF8080021
:1032E00040B200EE100AB8EEC00ADFED960A20EEFA
:1032F000200A954880ED0B0A9DF8090040B200EEC7
:10330000100AB8EEC00ADFED910A20EE200A8E48BE
:1033100080ED0C0A9DF80A0040B200EE100AB8EEEB
:10332000C00ADFED880A20EE200A874880ED0D0AEA
:103330009DF80B0040B200EE100AB8EEC00ADFEDB7
:10334000830A20EE200A804880ED0E0A9DF80C10BA
:10335000A0F5797080F820140A200DF0CBFA00E077
:1033600000BF48E17A488442FBD10498062805D082
:10337000A0F20520E8B301287DD1A2E09DF80A0063
:103380009DF8091040EA012087B29DF80B0000016A
:103390009DF80C1040EA21159DF80D009DF80C10C9
:1033A00001F00F0140EA01269DF80800000952498A
:1033B00008741021DFED510A9FED510A3846FEF7DF
:1033C000B6FF4D4880ED050A0C21F3EE0E0ABBEE68
:1033D0000E0A2846FEF7ABFF474880ED060A0C218F
:1033E000F2EE040ABAEE040A3046FEF7A0FF4248A5
:1033F00000E005E080ED070A05200DF07BFAF9E01A
:103400004048018801859DF80E1080F826109DF82F
:1034100009009DF8081040EA012000B239490884EB
:103420009DF80B009DF80A1040EA012001B23548D2
:1034300041849DF80D009DF80C1040EA012001B276
:1034400030488184B0F9240000EE100AF8EEC00A7A
:103450009FED401A80EE810AF3EE040A20EE200A66
:10346000DFED3D0A20EE200A264880ED0B0A0146DA
:10347000B1F9220000E0BCE014F0F4FA41EC1A0BC0
:103480009FED230B53EC102B14F04CFB41EC190B6C
:103490009FED210B53EC102B14F026F941EC180B87
:1034A00013F08EFE1749086301F12000FEF7CCF9F6
:1034B000144890ED0D0A80ED0F0A01200DF01AFA64
:1034C00098E010480188A0F848109DF80E1080F888
:1034D00046109DF809009DF8081040EA012000B24E
:1034E0000849A1F840009DF80B009DF80A1040EA39
:1034F000012033E0D41F00209C170020C3F5484072
:10350000C3F548C0BC17002000401C46EC51383EB3
:103510006E861BF0F92109400000000000003E40CB
:103520000000000000004240000000000000F03FEA
:1035300000000000000014400000000000000040F7
:103540001C180020CDCCCC3DD40700200AD7233C4A
:10355000FC1F0020000080469A99993E01B228483D
:10356000A0F842109DF80D009DF80C1040EA0120D3
:1035700001B22348A0F84410B0F9440000EE100A4C
:10358000F8EEC00A1FED0D1A80EE810AF3EE040A70
:1035900020EE200A5FED100A20EE200A184880ED88
:1035A000130A0146B1F9420014F05CFA41EC1A0B1F
:1035B0001FED290B53EC102B14F0B4FA41EC190B4E
:1035C0001FED2B0B53EC102B14F08EF841EC180B65
:1035D00013F0F6FD0A49086501F14000FEF734F9E1
:1035E000074890ED150A80ED170A02200DF082F9C8
:1035F00000E000BF00BF0BB0BDEC0E8BF0BD0000C3
:10360000BC17002070477047704770B5044694F8A7
:103610002000012805D0606A40F40020606201208B
:1036200070BD022084F820002068016821F00101AB
:10363000016000F00FFC05462068406810F0010FA3
:1036400012D000F007FC401B0A2808D9606A40F439
:1036500000306062052084F82000012070BD2068E1
:10366000406810F0010FECD10020606270BD70471F
:1036700070477047704770477047704710B50446F1
:10368000002C02D0607910B106E0012010BD0020AE
:103690002071204600F004F801206071002010BD68
:1036A00081B00068A0F18041B1F50C3108D1054826
:1036B000016841F480510160006800F4805000907E
:1036C00001B07047303802402DE9F84304464FF00E
:1036D0000008CDF8008076484FF416510068B0FB22
:1036E000F1F7A56D2E6894F85C00082101FA00F04E
:1036F000304211D02068026812F0040F0CD002682A
:1037000022F00402026094F85C0001FA00F0A86064
:10371000606D40F00100606594F85C004FF00109B5
:1037200009FA00F0304209D02168496911F0800F90
:1037300004D0A860606D40F00200606594F85C10F1
:1037400004208840304209D02168096811F0020F36
:1037500004D0A860606D40F00400606594F85C10CF
:1037600010208840304224D02168096811F0080FE9
:103770001FD0A8602068016811F4802F0DD0006868
:1037800010F4002F04D0A16C99B12046884710E0B6
:10379000216C71B1204688470BE0016811F4807FED
:1037A00003D1016821F008010160216C09B12046B4
:1037B000884794F85C1020208840304251D021681E
:1037C000096811F0100F4CD0A86094F83500052856
:1037D0000DD02068016811F4802F32D0006810F4F9
:1037E000002F29D0E16B59B32046884739E0206883
:1037F000016821F0160101602068416921F0800113
:103800004161206C08B9A06C20B12068016821F0EA
:103810000801016094F85C003F2101FA00F0A86003
:1038200084F8359084F83480216D00293ED001B0B1
:103830002046BDE8F0430847616C09B1204688473F
:103840000FE0016811F4807F07D1016821F01001B9
:10385000016084F8359084F83480E16B09B120462A
:103860008847606D002821D0606D10F0010F15D0E1
:10387000052084F835002068016821F0010101600D
:103880000098401C0090B84204D82068006810F0EE
:10389000010FF5D184F8359084F83480E16C00296B
:1038A00004D001B02046BDE8F0430847BDE8F883E6
:1038B000080200202DE9F041044600F0CBFA05464D
:1038C000DCB1022084F83500002684F834602068DA
:1038D000016821F0010101602068006810F0010F0B
:1038E00013D000F0B7FA401B052809D920206065E5
:1038F000032084F83500BDE8F0810120BDE8F081A7
:103900002068006810F0010FEBD121680868234A95
:103910001040A3686268D4F810C01A43E36843EA11
:103920000C031A4363691A43A3691A43E3691A43F0
:10393000236A1A431043626A042A03D1236BE26AA2
:103940001A43104308602068406920F00701606A4C
:1039500040EA0105012704280ED1A06A0543E06A68
:1039600050B12046FEF78AFC30B14020606584F8F3
:1039700035700120BDE8F081206845612046FEF7E2
:1039800063FC94F85C103F2202FA01F181606665E5
:1039900084F835700020BDE8F08100003F8010F011
:1039A00070B5044600F056FA0546B4F1FF3F02D068
:1039B00004480078044400F04DFA401BA042FAD3BA
:1039C00070BD0000940200202DE9F04104460F462E
:1039D000DFF8988098F8180001280AD0012088F8AC
:1039E00018004CF25030FEF7DDFD0246100003D007
:1039F00035E00220BDE8F0814FF0FF3038602068EC
:103A00001B4E012815D0A568E0682844A84224D997
:103A1000217C2846FEF7D6FC4CF25030FEF7C2FD62
:103A20000246306820F0FA00306010000FD03D6090
:103A300013E0207C6168FEF719FD4CF25030FEF770
:103A4000B1FD0246306820F00400306005E06D1CD6
:103A5000A168E0680844A842DAD8FEF7DBFC002041
:103A600088F818001046BDE8F0810000844300206B
:103A7000103C02400348016841F000410160002011
:103A800070470000103C02402DE9F0410646884690
:103A900014461D461A4F387E012807D0012038767B
:103AA0004CF25030FEF77EFD18B115E00220BDE863
:103AB000F081AEB1012E18D0022E1BD022462B462B
:103AC0004046FEF7F7FC4CF25030FEF76BFD0D4917
:103AD0000A6822F001020A6000213976BDE8F0810F
:103AE000E1B24046FEF7D6FCEDE7A1B24046FEF754
:103AF000FBFCE8E721464046FEF708FDE3E700004F
:103B000084430020103C0240002008490A6812F05B
:103B1000004F09D0074A064B1360074B1360096832
:103B200011F0004F00D0012070470000103C02400F
:103B300023016745043C0240AB89EFCD10B5044634
:103B4000102C14D106200CF0D5FE2248007840F04D
:103B50000100204908702048007840F001001E490B
:103B600008701E480078A0B30FF070FE31E0202CE2
:103B70000ED107200CF0BEFE1948007840F001007D
:103B8000174908701548007818B30FF05FFE20E061
:103B9000082C09D108200CF0ADFE1248007840F046
:103BA00001001049087014E0012C12D113F00EF935
:103BB00001280ED00C490D48006812F057FB0A4846
:103BC000006830B120070A490860BFF34F8FBFF388
:103BD0006F8F10BDAA000020AB000020AD000020B8
:103BE000A9000020AC00002020010020840000205B
:103BF00004ED00E010B504490A68024202D00860F2
:103C0000FFF79CFF10BD0000143C01402DE9F84F68
:103C10000022DFF818A2DFF810924FF0010E032700
:103C20004FF00F08AAF1040B0EFA02FC0B6803EA2E
:103C30000C0363457DD10C7904F00304012C01D001
:103C4000022C14D18568540007FA04F6B543CE68F7
:103C500006FA04F42C438460446824EA0C0C0C79C2
:103C6000C4F30014944044EA0C0CC0F804C0D1F82A
:103C700004C037EA0C0C0CD0C4684FEA420C07FAB7
:103C80000CF5AC438D6805FA0CFC4CEA040CC0F84A
:103C90000CC091F804C00CF0030CBCF1020F12D15F
:103CA0004FEAD20C00EB8C04256A4FEA427C4FEAC3
:103CB000DC6C08FA0CF6B5430E6906FA0CFC4CEA0B
:103CC000050CC4F820C004684FEA420C07FA0CF552
:103CD000AC430D7905F0030505FA0CFC4CEA040C25
:103CE000C0F800C0D1F804C01CF4403F7DD0D9F822
:103CF00000C04CF4804CC9F800C0D9F800C00CF4E6
:103D0000804CCDF800C022F0030C0CF1804505F585
:103D10009835D5F808C89407240F08FA04F62CEA59
:103D20000606A0F1804CBCF5003C64D0A0F1804CAC
:103D300000E05AE0BCF5013C60D0A0F1804CBCF53D
:103D4000023C5ED0A0F1804CBCF5033C5CD0A0F1FD
:103D5000804CBCF5043C5AD0A0F1804CBCF5053C2D
:103D600058D0A0F1804CBCF5063C56D0A0F1804C58
:103D7000BCF5073C54D04FF0080C0CFA04FC4CEA9C
:103D8000060CC5F808C8DAF800C02CEA030C4C6829
:103D900014F4801F01D04CEA030CCAF800C0244C74
:103DA000D4F800C02CEA030C4D6815F4001F01D0B4
:103DB0004CEA030CC4F800C0DBF800C02CEA030C8A
:103DC0004C6814F4003F01D04CEA030CCBF800C05F
:103DD000184CD4F800C02CEA030C4D6815F4803F51
:103DE00001D04CEA030CC4F800C0521C102AFFF4A6
:103DF0001BAFBDE8F88F4FF0000CBEE74FF0010C91
:103E0000BBE74FF0020CB8E74FF0030CB5E74FF0FB
:103E1000040CB2E74FF0050CAFE74FF0060CACE72F
:103E20004FF0070CA9E7000044380240083C01406D
:103E30000C3C0140003C01400069084201D00120D7
:103E4000704700207047002A01D081617047090443
:103E5000816170470148806870470000940200202B
:103E600070B50446002C04D094F83D00002510B134
:103E700006E0012070BD84F83C50204600F0E0FAD6
:103E8000242084F83D002068016821F001010160D0
:103E90002068016841F4004101602068016821F454
:103EA0000041016001F048FB544B6168994203D81E
:103EB0005349884203D304E05249884201D2012089
:103EC00070BD5149B0FBF1F12268D2F804C02CF06A
:103ED0003F0C4CEA010CC2F804C062689A4201D857
:103EE0004A1C07E04FF4967251434FF47A72B1FBCB
:103EF000F2F14A1C2168D1F820C02CF03F0C42EAB4
:103F00000C020A626168994210D84900401EB0FB59
:103F1000F1F2521CC2F30B02042A01D2042026E063
:103F2000B0FBF1F0401CC0F30B0020E0A268002AB7
:103F300050D001EBC10303EB0113A0F1010CBCFB5A
:103F4000F3F35B1C43F480431B051B0D4AD0002A8E
:103F50004AD001EBC10202EB0111401EB0FBF1F0AF
:103F6000401CC0F30B0040F4804040F40040216846
:103F7000CA6922F0FF0222F44F421043C861216A4D
:103F8000E06901432068026822F0C0021143016029
:103F9000E168206901432068826822F0FF0222F470
:103FA000034211438160A169606901432068C268CE
:103FB00022F0FF021143C1602068016841F0010155
:103FC00001602564202084F83D00256384F83E507C
:103FD000002070BD01EB4103A0F1010CBCFBF3F329
:103FE0005B1CB1E70120C2E701EB4101401EB0FBC1
:103FF000F1F0401CC0F30B00B7E70000A086010001
:1040000080841E0000093D0040420F002DE9FF4F53
:1040100083B004468A469346DDF84490DDF840803C
:10402000129EFFF717FF054694F83D00202803D0A5
:1040300007B00220BDE8F08F19230122A0492046D5
:10404000009502F077FE18B107B00220BDE8F08FAE
:1040500094F83C00012808D0012084F83C00206836
:10406000016811F0010F04D007E007B00220BDE89D
:10407000F08F016841F0010101602068016821F4BE
:1040800000610160222084F83D00402084F83E0059
:1040900000272764C4F82480A4F82A90608D208526
:1040A0008848E062019500965A4651462046069B94
:1040B00002F000FD18B107B00120BDE8F08F208D9F
:1040C00010B3012829D0022835D0206841698069C1
:1040D0000290208D002800F0E880DFF8EC81208D30
:1040E000032800F2B780012834D002284AD0334692
:1040F000002241462046009502F01CFE00286CD0AC
:1041000007B00120BDE8F08F206841698169029104
:10411000016841F400710160DBE72068016821F467
:10412000806101602068416981690291016841F400
:1041300000710160CDE72068016821F480610160B1
:104140002068016841F4006101602068416980696C
:104150000290BEE72A463146204602F0ACFE18B176
:1041600007B00120BDE8F08F20680069616A08701F
:10417000606A401C6062208D401E2085608D401E5C
:1041800060858EE03346002241462046009502F0CD
:10419000D1FD18B107B00120BDE8F08F206801689B
:1041A00041F40071016020680069616A0870606A0A
:1041B000401C6062218D491E2185618D491E6185EB
:1041C000216809690170606A401C6062208D401E90
:1041D0002085608D401E608563E02068016821F4C1
:1041E0008061016020680069616A0870606A401C33
:1041F0006062208D401E2085608D401E60853346A4
:10420000002241462046009502F094FD18B107B007
:104210000120BDE8F08F2068016841F40071016061
:1042200020680069616A0870606A401C6062218DC4
:10423000491E2185618D491E6185216809690170CA
:10424000606A401C6062208D401E2085608D401E8B
:10425000608526E02A463146204602F02CFE18B141
:1042600007B00120BDE8F08F20680069616A08701E
:10427000606A401C6062218D491E2185618D491E46
:1042800061852268516911F0040F0AD0116901702B
:10429000606A401C6062208D401E2085608D401E3B
:1042A0006085208D00287FF41AAF202084F83D001F
:1042B00084F83E7084F83C7007B00020BDE8F08FB1
:1042C000020010000000FFFF040001002DE9FF4F75
:1042D00083B004468A469346DDF84490DDF840807A
:1042E000129EFFF7B7FD054694F83D00202803D045
:1042F00007B00220BDE8F08F192301224E49204665
:10430000009502F017FD18B107B00220BDE8F08F4C
:1043100094F83C00012808D0012084F83C00206873
:10432000016811F0010F04D007E007B00220BDE8DA
:10433000F08F016841F0010101602068016821F4FB
:1043400000610160212084F83D00402084F83E0097
:1043500000272764C4F82480A4F82A90608D208563
:104360003648E062019500965A4651462046069B23
:1043700002F04AFC18B107B00120BDE8F08F208D93
:10438000002836D02A463146204602F0D2FD58B1E8
:10439000206C042804D12068016841F40071016098
:1043A00007B00120BDE8F08F606A216800780861DD
:1043B000606A00F1010CC4F824C0208D401E80B258
:1043C0002085618D491E61852368596911F0040FAC
:1043D0000CD058B19CF800001861606A401C606203
:1043E000208D401E2085608D401E6085208D002818
:1043F000C8D12A463146204602F06EFC58B1206CE6
:10440000042804D12068016841F40071016007B0FC
:104410000120BDE8F08F2068016841F4007101605F
:10442000202084F83D0084F83E7084F83C7007B08A
:104430000020BDE8F08F0000020010000000FFFF28
:104440002DE9F04786B006460024019402940394B7
:1044500004940594306853490327534DA0F18042DA
:104460004FF012084FF001094FF0040AB2F5A842CC
:104470003ED0A0F18042B2F5B0425AD0A0F18042C5
:10448000B2F5B84231D1086840F00400086008680D
:1044900000F004000090086840F00100086008681F
:1044A00000F00100009048150190CDF80880CDF88B
:1044B0000C900497CDF814A001A93C48FFF7A6FB87
:1044C000A8150190CDF80880CDF80C900497CDF890
:1044D00014A001A93648FFF799FB286840F40000B2
:1044E0002860286800F40000009006B0BDE8F0875E
:1044F000086840F002000860086800F002000090C0
:104500004FF440700190CDF80880CDF80C900497DE
:10451000CDF814A001A92748FFF778FB286840F4DC
:1045200000102860286800F40010009006B0BDE874
:10453000F087086840F020000860086800F020005C
:1045400000900197CDF80880CDF80C900497CDF835
:1045500014A001A91848FFF759FB286840F480000F
:104560002860286800F480000090154D13482860EA
:104570004FF0606068604020A860EC600001286136
:104580006C61AC61EC61C00128626C622846FFF787
:1045900091F908B1FDF715FF7563AE6306B0BDE88C
:1045A000F0870000303802404038024000080240E6
:1045B000000002400004024000140240B8600240C3
:1045C00020210020024881680278114481607047F0
:1045D0009402002010B50B48016841F4007101609D
:1045E000016841F480610160016841F480710160FB
:1045F000032000F08BF80F2000F006F800F026F8FA
:10460000002010BD003C024070B504460D4D4FF433
:104610007A712878B1FBF0F00B490968B1FBF0F032
:1046200001F0ECFC08B1012070BD102C07D2002273
:104630002146501E00F036F86C60002070BD01204D
:1046400070BD0000940200200802002082B00C48D7
:10465000016841F480410160006800F480400190ED
:104660000848016841F080510160006800F0805006
:10467000019000220F21901E02B000F013B800003C
:10468000443802404038024000280ADB00F01F0195
:10469000012202FA01F14009800000F1E020C0F897
:1046A0000011704710B4184B1B68C3F30223C3F109
:1046B000070CBCF1040F01D94FF0040C1C1D072C92
:1046C00001D2002300E0DB1E012404FA0CFCACF153
:1046D000010C0CEA0101994004FA03F35B1E1A4035
:1046E0001143002806DB00F1E020090180F80014E6
:1046F00010BC704700F00F0000F1E020090180F8C5
:10470000141D10BC704700000CED00E000F0070025
:10471000064A11684FF6FF03194041EA002040F0B5
:10472000FD7040F080601060704700000CED00E00C
:10473000BFF34F8F05480168054A01F4E06111435A
:104740000160BFF34F8F00BFFDE700000CED00E0FC
:104750000400FA057047006841620020704730B4D9
:104760000368586A00291BD0D3F828C000EB1C4C02
:1047700000200129A1F101014FF4827408D004EB5B
:1047800080055D590CEB154C401CC0B28842F6D335
:1047900004EB81014CEA0240585030BC00207047C5
:1047A00040EA02409862F8E7D0F8080508F002BF36
:1047B00001EBC10200EB8202D0F80805D26C08F0D0
:1047C00023BE01EBC10200EB8202D0F80805D2F84B
:1047D0008C2208F087BED0F8080508F0EDBE11F075
:1047E000800F01F00F0101EBC10100EB810101D04D
:1047F0003C3101E001F51F71006809F0F2BE70B5AF
:10480000044611F0800F01F00F0000EBC00104EB33
:1048100081014FF001024FF0000502D03C314A7097
:1048200002E001F51F714D70087094F8BC04012876
:1048300008D084F8BC24206809F04EFB84F8BC54EE
:10484000002070BD022070BD70B5044601F00F025B
:104850006068824201D9012070BD01F00F0000EBB9
:10486000C00011F0800F04EB80004FF001034FF007
:10487000000503D000F13C014B7002E000F51F7110
:104880004D708D700A7094F8BC04012808D084F82B
:10489000BC34206809F034FD84F8BC54002070BD9D
:1048A000022070BD01F00F0101EBC10100EB81009E
:1048B000D0F89C02704770B5044611F0800F01F0EB
:1048C0000F0000EBC00104EB81014FF0010C4FF031
:1048D000000503D03C3181F801C002E001F51F71F1
:1048E0004D700870CA600B714A7802B10881022BC2
:1048F00000D14D7194F8BC04012808D084F8BCC4E0
:10490000206809F025FA284684F8BC5470BD0220BE
:1049100070BD10B50C4604F00F0C0CEBCC0100EB95
:10492000810101F51F710A618B6100230B624B70DD
:1049300081F800C00369012B00D14A6114F00F0F08
:1049400005D0027C006809F036FD002010BD027C15
:10495000006809F00DFCF8E770B504460D46616883
:1049600005F00F00884201D9012070BD15F0800FBD
:104970004FF000064FF0010206D000EBC00104EB3F
:1049800081013C314A7006E005EBC50104EB810171
:1049900001F51F714E708A70087094F8BC040128EC
:1049A00008D084F8BC24206809F0D6FC15F00F0F5D
:1049B00002D007E0022070BD217C04F2C4422068CE
:1049C00009F06EFC84F8BC64002070BD10B50C4684
:1049D00004F00F0C0CEBCC0100EB81013C310A61BF
:1049E0008B6100230B6201234B7081F800C00369C7
:1049F000012B00D14A6114F00F0F05D0027C006832
:104A000009F0D9FC002010BD027C006809F0B0FB61
:104A1000F8E72DE9F05F04462568284609F0A4FE72
:104A200000287ED1206809F0CBFE002879D0D5F887
:104A30000808C0F30D20C4F8FC04206809F0C0FE8B
:104A400010F0020F04D02068416901F002014161B9
:104A5000206809F0B5FE10F0100F36D0206881698B
:104A600021F0100181612F6A07F00F0000EBC000F8
:104A700004EB800000F51F76C7F34340022802D004
:104A8000062812D01CE047F6F070074218D0C7F392
:104A90000A1217462846316909F096FE30693844F3
:104AA0003061306A384430620AE0082204F2C441BE
:104AB000284609F089FE306AC7F30A1108443062BB
:104AC0002068816941F010018161206809F078FE59
:104AD00010F4002F4FF0100B4FF0000A4FF00109B7
:104AE00067D00026206809F04AFE80465FEA080089
:104AF0005FD018F0010F56D0F1B2206809F058FECF
:104B0000074617F0010F07D005EB4610C0F8089BC9
:104B10003146204603F06CFC17F0080F0AD008203D
:104B200000E01FE205EB4611C1F8080B31462046B4
:104B300003F03AFC17F0100F03D005EB4610C0F855
:104B400008BB17F0020F1DD0686910F0800F05D068
:104B5000D5F8040840F48061C5F8041806EBC600D7
:104B600004EB800000F51F70C178012905D180F8A1
:104B700003A0F1B2204600F002FA05EB4611022034
:104B8000C1F8080B17F0200F04D005EB46112020C8
:104B9000C1F8080B17F4005F05D005EB46114FF480
:104BA0000050C1F8080B761C4FEA5808B8F1000F06
:104BB0009FD1206809F004FE10F4802F74D0206883
:104BC00009F0D6FD07460026002F6DD04FF0020BEE
:104BD00017F0010F64D0F1B2206809F0D7FD8046CC
:104BE00018F0010F24D006F00F0009FA00F0D5F8F4
:104BF00034188143C5F8341805EB4610C0F80899FD
:104C00002069012810D106EBC60004EB8000826CFD
:104C1000C16C1144C1643EB9606D28B904F2C4424C
:104C20000121206809F03CFBF1B22046FFF7C0FDEE
:104C300018F0080F04D005EB46110820C1F8080948
:104C400018F0100F04D005EB46111020C1F8080928
:104C500018F0400F04D005EB46114020C1F80809B8
:104C600018F0020F15D03146284609F041FD06EB39
:104C7000C60004EB80003C30C178012905D180F8E2
:104C800003A0F1B2204600F076F905EB4610C0F81B
:104C900008B918F0800F03D03146204603F01CFC01
:104CA000761C7F08002F93D1206809F089FD10F051
:104CB000004F11D0D5F8040820F00101C5F8041800
:104CC00094F8F404012861D0204600F056FA2068D8
:104CD000416901F000414161206809F071FD10F463
:104CE000006F0CD0D5F8080810F0010F02D0204654
:104CF00000F088FA2068416901F400614161206890
:104D000009F05EFD10F4805F65D0D5F8040820F04E
:104D10000101C5F804181021206809F0E9FC002100
:104D2000606800281DD94FF67F3205EB4110C0F8AE
:104D30000829D0F8003923F40013C0F80039C0F86E
:104D4000082BD0F8003B23F40013C0F8003BD0F848
:104D5000003B43F00063C0F8003B491C6068884298
:104D6000E3D8D5F81C0840F00111C5F81C18206BD9
:104D700098B1D5F8840840F00B01C5F88418D5F82F
:104D8000440840F00B01C5F8441813E084F8F4A47B
:104D900000212046FFF7DEFC99E7D5F8140842F21F
:104DA0002B010143C5F81418D5F8100840F00B0189
:104DB000C5F81018D5F8000820F4FE61C5F80018F1
:104DC000217C04F2C442206809F06AFA2068416933
:104DD00001F480514161206809F0F2FC10F4005F99
:104DE00016D0206809F002F8206809F0ADFCE060F8
:104DF00000F09CFB23680146227B184609F050FD19
:104E0000204600F0A3F92068416901F40051416196
:104E1000206809F0D5FC10F0080F07D0204600F0FC
:104E2000B0F92068416901F008014161206809F08A
:104E3000C7FC10F0800F17D0A86920F08001A9618D
:104E40000126606801280FD906EBC60004EB80003C
:104E500090F87F02012803D1F1B22046FFF7BFFC92
:104E6000761C6068B042EFD8206809F0A9FC10F405
:104E7000801F23D00126606801281AD905EB46104F
:104E8000D0F8001906EBC60004EB800090F8402033
:104E9000012A0AD111F0004F07D080F83F90F0B2FC
:104EA00040F080012046FFF79AFC761C6068B04213
:104EB000E4D82068416901F480114161206809F05B
:104EC0007FFC10F4001F2DD001206168012924D936
:104ED00005EB4011D1F8001B00EBC00204EB82028D
:104EE00092F88032012B14D111F0004F11D094F8B8
:104EF000FC3401F4803103F00103994209D182F8B6
:104F00007F92A96941F08002AA61696911F0800F5E
:104F10002AD0401C61688142DAD82068416901F4D6
:104F200000114161206809F04BFC10F0804F07D060
:104F30002046FFF739FC2068416901F0804141615A
:104F4000206809F03DFC10F0040F0BD02068456884
:104F500015F0040F02D02046FFF73DFC20684168A1
:104F600029434160BDE8F09FD5F8040840F4007083
:104F7000C5F80408D1E7D0F8080508F072BBD0F8EE
:104F8000080508F083BB2DE9F0478AB00446002CE1
:104F900005D0266894F8BD04002520B108E00AB0C9
:104FA0000120BDE8F08784F8BC54204600F08CF85E
:104FB000032084F8BD04F06B10F4807F00D12561DC
:104FC000206809F0CFF804F11000D4F82C8090E8A4
:104FD0000F10A76A666A8DE80F10CDF81C8006973F
:104FE0000596616B206B0991089094E80F0008F01A
:104FF0000BFF022728B184F8BD740AB00120BDE878
:10500000F0870021206809F003FC00216068012678
:10501000002813D901EBC10004EB800080F83D604B
:1050200080F83C10A0F8441080F840508564C564B6
:105030004565481CC1B260688842EBD800216068B1
:10504000002814D901EBC10004EB800080F87D52E8
:1050500080F87C1280F88052C0F88852C0F88C52D8
:10506000C0F89452481CC1B260688842EAD804F182
:105070001000D4F82CA090E80F10D4F82890D4F8A1
:1050800024808DE80F10CDF81CA0CDF81890CDF835
:105090001480616B206B0991089094E80F0008F070
:1050A000A5FF28B184F8BD740AB00120BDE8F087DF
:1050B00084F8385084F8BD64206808F089FF0AB08D
:1050C0000020BDE8F087000000B587B00021029104
:1050D00003910491059106910068B0F1A04F2BD186
:1050E0001648016841F001010160006800F001000C
:1050F00001904FF4C05002900220039003200590CD
:105100000A20069002A90E48FEF780FD0D480168AE
:1051100041F0800101600C48016841F48041016068
:10512000006800F480400190002205214320FFF731
:10513000B9FA4320FFF7A8FA07B000BD30380240A3
:1051400000000240343802404438024070B5044642
:105150000125E06800280ED0022801D0FDF731F9C2
:105160002946D4F8080508F002FBD4F80805BDE884
:10517000704008F0B5BA0025F2E7D0F8080508F04D
:10518000DFBAD0F8080508F0E5BA10B5044694F87F
:10519000BC0401280BD0012084F8BC0484F838102A
:1051A000206809F065FB002084F8BC0410BD0220D3
:1051B00010BDD0F8082500F2C441104608F0E3BA4B
:1051C00010B50446206894F8BC14012906D00121CA
:1051D00084F8BC14A16A012902D008E0022010BDA5
:1051E000A169012903D0816B41F48031816320687A
:1051F00009F051FA206808F0DDFE002084F8BC04B4
:1052000010BD000010B50446D4F8080508F0FFFAF8
:105210002068D0F8001E41F00101C0F8001E206A8D
:10522000002804D00248016841F00601016010BD69
:1052300010ED00E02DE9F84304464FF00108207816
:105240004FF0000710F0050F33D0DFF84491C9F894
:105250006870FEF7FFFD06464E4D286810F0006F9F
:105260000BD0FEF7F7FD801B022802D90320BDE812
:10527000F883286810F0006FF3D16068217A80010C
:1052800040EA017044490860C9F86880FEF7E2FD11
:105290000646286810F0006F0BD1FEF7DBFD801B7F
:1052A000022802D90320BDE8F883286810F0006FB7
:1052B000F3D0207810F0020F5CD03848016841F03C
:1052C00080510160006800F080500090344D2868E3
:1052D00040F480702860FEF7BDFD0646286810F493
:1052E000807F0BD1FEF7B6FD801B022802D9032078
:1052F000BDE8F883286810F4807FF3D0294D286832
:1053000000F4407028B3A18901F44071814220D09B
:10531000286820F440702449C1F800800F6028609C
:10532000286810F0010F14D0FEF794FD0646286897
:1053300010F0020F0DD141F28837FEF78BFD801B74
:10534000B84202D90320BDE8F883286810F0020FA4
:10535000F3D0E0684FF4407131EA000213490CD0F9
:10536000086820F4F81008602868A189C1F30B01CF
:10537000084328600020BDE8F8830A6820F44070E4
:1053800022F4F81220F0704010430860ECE70000AF
:105390000000474200380240843802404038024052
:1053A0000070004070380240400E4742083802400A
:1053B0002DE9F04704460D46002C13D0DFF8549138
:1053C000D9F80000EFB200F00700A8420DD289F82A
:1053D0000070D9F8000000F00700A84205D00120B5
:1053E000BDE8F0870120BDE8F08720684A4E10F044
:1053F000020F14D010F0040F03D0306840F4E050D6
:105400003060207810F0080F03D0306840F460401E
:1054100030603068A16820F0F000084330602078E8
:1054200010F0010F3ED060683C49012808D00228E6
:105430000DD003280BD0096811F0020F28D00AE024
:10544000096811F4003F06D10120BDE8F087096822
:1054500011F0007F19D0316821F00301084330605A
:10546000FEF7F8FC80463068616800F00C00B0EB95
:10547000810F17D041F2883AFEF7ECFCA0EB080050
:10548000504508D90320BDE8F0870120BDE8F0872A
:105490000120BDE8F0873068616800F00C00B0EBD7
:1054A000810FE9D1D9F8000000F00700A8420AD91D
:1054B00089F80070D9F8000000F00700A84202D077
:1054C0000120BDE8F087207810F0040F05D0306887
:1054D000E16820F4E05008433060207810F0080FB5
:1054E00006D03068216920F4604040EAC100306095
:1054F00000F042F831680A4AC1F30311515CC84018
:105500000849086008480068FFF77EF80020BDE8F9
:10551000F0870000003C024008380240003802409A
:10552000808E0108080200209802002001480068CF
:10553000704700000802002000B5FFF7F7FF04499C
:105540000968044AC1F38221515CC84000BD0000D3
:1055500008380240908E010800B5FFF7E7FF0449C4
:105560000968044AC1F34231515CC84000BD0000E3
:1055700008380240908E010810B51748006810F0F6
:105580000C01164816D0164B042912D0082911D147
:10559000144C216801F03F02216811F4800F0AD0F9
:1055A0002068C0F38810A0FB03010023FAF752FF24
:1055B00009E0184610BD21680023C1F38811A1FB42
:1055C0000001FAF747FF2168C1F30141491C490076
:1055D000B0FBF1F010BD0000083802400024F400D8
:1055E000001BB700043802402DE9F84F0446002C98
:1055F00012D02078FB4E10F0010FA6F1040563D005
:10560000301D016801F00C0104290CD0006800F085
:105610000C00082803D010E00120BDE8F88F3068A6
:1056200010F4800F09D0286810F4003F4CD0606857
:10563000002849D10120BDE8F88F6068B0F5803FAF
:1056400014D0B0F5A02F16D0286820F48030286040
:10565000286820F480202860606810B3FEF7FAFB09
:105660000746286810F4003F0ED02DE0286840F46B
:1056700080302860F0E7286840F48020286028689F
:1056800040F480302860E7E7FEF7E4FBC01B6428A5
:1056900002D90320BDE8F88F286810F4003FF3D04A
:1056A00012E0FEF7D7FB0746286810F4003F0BD046
:1056B000FEF7D0FBC01B642802D90320BDE8F88F99
:1056C000286810F4003FF3D12078C74F10F0020F84
:1056D0004FF0000957D0C548016811F00C0F14D0E5
:1056E000006800F00C00082803D1306810F4800F27
:1056F0000BD0E06880B301203860FEF7ABFB80463A
:10570000286810F0020F12D01EE0286810F0020F77
:1057100005D0E068012802D00120BDE8F88F286894
:10572000216920F0F80040EAC10028602BE0FEF774
:1057300091FBA0EB0800022802D90320BDE8F88FF6
:10574000286810F0020FF2D02868216920F0F800D4
:1057500040EAC100286016E0FFE7C7F80090FEF7B6
:1057600079FB8046286810F0020F0CD0FEF772FB20
:10577000A0EB0800022802D90320BDE8F88F2868B2
:1057800010F0020FF2D1207810F0080F35D09848B1
:10579000DFF860A26169C1B101210160FEF75AFB27
:1057A0008046DAF8000010F0020F26D1FEF752FB17
:1057B000A0EB0800022802D90320BDE8F88FDAF830
:1057C000000010F0020FF1D017E0C0F80090FEF7D3
:1057D00041FB8046DAF8000010F0020F0DD0FEF712
:1057E00039FBA0EB0800022802D90320BDE8F88F9E
:1057F000DAF8000010F0020FF1D1207810F0040F59
:1058000071D04FF000087C48006810F0805F0AD12A
:105810007948016841F080510160006800F08050D3
:1058200000904FF00108DFF8D4B1DBF8000010F46D
:10583000807F1BD1DBF8000040F48070CBF80000C3
:10584000FEF708FB8246DBF8000010F4807F0DD1E4
:10585000FEF700FBA0EB0A00022802D90320BDE8F6
:10586000F88FDBF8000010F4807FF1D0A068DFF83B
:1058700090B1012818D005281DD0DBF8000020F0D9
:105880000100CBF80000DBF8000020F00400CBF8AA
:105890000000A06840B3FEF7DDFA8246DBF80000A6
:1058A00010F0020F14D03EE0DBF8000040F00100E1
:1058B000CBF80000EDE7DBF8000040F00400CBF887
:1058C0000000DBF8000040F00100CBF80000E0E74A
:1058D000FEF7C0FAA0EB0A0141F28830814204D9F8
:1058E0000320BDE8F88F26E005E0DBF8000010F0AB
:1058F000020FEDD017E0FEF7ADFA8246DBF80000AC
:1059000010F0020F0FD0FEF7A5FAA0EB0A0141F24A
:105910008830814202D90320BDE8F88FDBF800000F
:1059200010F0020FEFD1B8F1010F04D13248016835
:1059300021F080510160A069F0B32C4909684FF053
:10594000FF3801F00C01082966D0022810D0C7F8F2
:105950006090FEF77FFA0446286810F0007F2BD095
:10596000FEF778FA001B022851D90320BDE8F88F12
:10597000C7F86090FEF76EFA8146286810F0007F45
:105980000CD0FEF767FAA0EB0900022802D9032029
:10599000BDE8F88F286810F0007FF2D1216AE06935
:1059A000A26A0843616A08EB5202890141EA024196
:1059B000084394F82C1000E055E040EA01603060A4
:1059C00001203866FEF746FA0446286810F0007F8A
:1059D00049D1FEF73FFA001B022813D90320BDE886
:1059E000F88F0000043802400000474208380240A7
:1059F000800E474274380240403802400070004038
:105A000070380240286810F0007FE2D02BE0286850
:105A100010F0007FA4D126E0012822D03068E2698E
:105A200000F4800191421AD1226A00F03F019142B4
:105A300015D147F6C071626A0140B1EB821F0ED1E9
:105A4000A26A00F4403108EB5202B1EB024F06D1DA
:105A500094F82C1000F07060B0EB016F03D00120BF
:105A6000BDE70120BBE70020B9E770B50446002C74
:105A700003D06079002510B105E0012070BD2571CB
:105A8000204600F00DF8022060712068016841F0A6
:105A90000401016001206071A560002070BD00005C
:105AA00081B00068A0F1A041B1F5C12108D105483D
:105AB000016841F040010160006800F04000009082
:105AC00001B070473438024010B50446002C02D0B3
:105AD000607F10B106E0012010BD00202077204635
:105AE00000F03CF8022060772168CA2048622168F3
:105AF00053204862204602F0ADFE0146E1B920681D
:105B0000816821F0400121F4E00181602068816812
:105B100062686369114322691A43114381602168F5
:105B2000E068086120680169228941EA0241016157
:105B3000204602F0B3FE014659B92068026C22F4F7
:105B4000802202642068026CA3691A430264012067
:105B500060772268FF205062084610BD00B585B00E
:105B6000002100910191029103910068A0F1804110
:105B7000B1F520510CD102200090064803906846F0
:105B8000FFF758FB08B1FCF71CFC03490120086033
:105B900005B000BD00031E003C0E474270B5044630
:105BA0002068C16821F0A001C160FEF753F90546E5
:105BB0002068C06810F0200F0CD1FEF74BF9401B95
:105BC000B0F57A7F01D9032070BD2068C06810F05D
:105BD000200FF2D0002070BD70B50446002C09D013
:105BE000606A002540B125616561A56294F85100A5
:105BF00040B10CE0012070BD6068B0F5827FF4D048
:105C0000E561F2E784F85050204600F045F80220A4
:105C100084F851002068016821F040010160A088EB
:105C2000218900F4827001F404410843A18901F440
:105C300000610843217C01F002010843217D01F04D
:105C400001010843218B01F400710843217F01F019
:105C50003801084394F8201001F080010843218D99
:105C600001F40051084321680860A169042000EA9A
:105C7000114094F8241001F01001014320684160A4
:105C80002068C16921F40061C1616565012084F863
:105C90005100002070BD00002DE9F04387B005469B
:105CA00000240294039404940594069428684C49B3
:105CB000022601274B4AA0F180434FF003084FF022
:105CC0000509B3F5983325D0A0F18043B3F56053AF
:105CD0001DD14548036843F480430360006800F425
:105CE00080400190086840F002000860086800F0F9
:105CF000020001904FF46040029003960497CDF8A3
:105D00001480CDF8189002A91046FDF77FFF07B068
:105D1000BDE8F0833548036843F4805303600068AE
:105D200000F480500190086840F0020008600868A4
:105D300000F002000190086840F001000860086867
:105D400000F0010001901820029003960497CDF80E
:105D50001480CDF8189002A91046FDF757FF802057
:105D6000029003960497CDF81480CDF8189002A9FC
:105D70001F48FDF74BFF204E1E4830604FF0C068B3
:105D8000C6F80480B460F460071537617461B461CB
:105D9000F4614FF44030306274623046FDF78AFDA2
:105DA00008B1FCF70EFBEE64B563154E1348306086
:105DB000C6F804804020B060F46037617461B4615B
:105DC000F461C002306274623046FDF773FD08B1C1
:105DD000FCF7F7FAAE64B56307B0BDE8F0830000E6
:105DE000303802400004024040380240443802404B
:105DF00000000240406402406022002058640240DB
:105E0000C02200202DE9F84F04460A9E8A46934698
:105E10001F4601254FF0000894F8500001280ED0CD
:105E2000012084F85000FEF715F8814694F85100DF
:105E3000616801280ED0B1F5827F07D102E002200F
:105E4000BDE8F88FA16809B9042803D04FF0020813
:105E500000F0CBB8BAF1000F1DD0BBF1000F1AD083
:105E6000380018D094F85100042802D0052084F896
:105E7000510000206065C4F838B0E787A787C4F8F0
:105E800030A0E786A786206460642068016811F06E
:105E9000400F03D006E04FF00108A6E0016841F092
:105EA00040010160E068B0F5006F05D0606800282F
:105EB00048D0012F46D07EE0606808B1012F3AD16A
:105EC000206B21680088C860206B801C2063E08EF6
:105ED000401EE0862FE02068816811F0020F0DD08F
:105EE000E18E59B1012D09D1216B0988C160206B68
:105EF000801C2063E08E401EE086002520688168BB
:105F000011F0010F0BD0E18F49B1C068A16B08807F
:105F1000A06B801CA063E08F401EE0870125FDF789
:105F200099FFA0EB0900B04205D3B6F1FF3F02D0C4
:105F30004FF0030859E0E08E0028CCD1E08F002814
:105F4000C9D13EE0206B216800780873206B401CAB
:105F50002063E08E401EE0862DE02068816811F00D
:105F6000020F0DD0E18E59B1012D09D1216B0978B5
:105F70000173206B401C2063E08E401EE0860025EC
:105F80002068816811F0010F0BD0E18F49B1C06822
:105F9000A16B0870A06B401CA063E08F401EE087DF
:105FA0000125FDF757FFA0EB0900B04202D3B6F17F
:105FB000FF3F11D186B1E08E0028CED1E08F0028BE
:105FC000CBD14A463146204605F066FF38B14FF046
:105FD00001082020606508E04FF0030805E0A06894
:105FE00018B92068C16880680090012084F85100C9
:105FF000002084F850004046BDE8F88F401EB0F104
:10600000807F01D3012070474FF0E0214861044AAE
:10601000F020107000208861072008610020704780
:1060200023ED00E090F83C20012A2CD0012280F8DA
:106030003C20CA680023D1F808C022F4407242EA2A
:106040000C02D1F804C022F4806242EA0C02D1F8BA
:1060500000C022F4006242EA0C02D1F810C022F41F
:10606000805242EA0C02D1F814C022F4005242EAF3
:106070000C02C96922F4804211430268516480F81D
:106080003C30002070470220704730B490F83C202C
:10609000012A44D0012480F83C40022280F83D20AF
:1060A0000268D2F804C093682CF0700C0D6845EAC1
:1060B0000C0CC2F804C00268A2F1804CBCF5803C14
:1060C00020D0B2F1804F1DD0A2F1804CBCF5806C85
:1060D00018D0A2F1804CBCF5006C13D0A2F1804C1A
:1060E000BCF5406C0ED0A2F1804CBCF5823C09D0CE
:1060F000A2F1804CBCF5A03C04D0A2F1804CBCF5D0
:10610000C05C04D123F0800349681943916080F892
:106110003D40002180F83C1030BC0020704730BC6E
:106120000220704710B50446002C03D094F83D00BF
:1061300010B107E0012010BD002084F83C0020468B
:1061400000F01EF8022084F83D00211D206806F0B2
:106150003BF8012084F8460084F83E0084F83F00B4
:1061600084F8400084F8410084F8420084F8430039
:1061700084F8440084F8450084F83D00002010BDF8
:1061800081B000682D49A0F18042B2F5803223D061
:106190000A1FA0F18043B3F5806327D0A0F18043AC
:1061A000B3F500632CD0A0F18043B3F5406331D048
:1061B000A0F18042B2F5823236D0A0F18042B2F531
:1061C000A23207D1086840F400300860086800F483
:1061D0000030009001B07047086840F0010008608E
:1061E000086800F00100009001B07047106840F0AE
:1061F00002001060106800F00200009001B07047CB
:10620000106840F004001060106800F00400009076
:1062100001B07047106840F008001060106800F08E
:106220000800009001B07047086840F00200086064
:10623000086800F00200009001B070474438024046
:1062400090F83D10012901D001207047022180F80B
:106250003D100068A0F18041B1F5803126D0B0F149
:10626000804F23D0A0F18041B1F580611ED0A0F114
:106270008041B1F5006119D0A0F18041B1F54061D4
:1062800014D0A0F18041B1F582310FD0A0F180414E
:10629000B1F5A0310AD0A0F18041B1F5C05105D0CF
:1062A000016841F00101016000207047816801F040
:1062B00007010629F8D0016841F001010160F3E708
:1062C00070B50446002594F83C00012818D001263A
:1062D00084F83C60022084F83D002068826822F047
:1062E000770222F47F4282600868502839D00EDCA1
:1062F000202854D006DC002851D0102811D14EE0BF
:10630000022070BD30284AD040280AD13DE06028E4
:1063100031D070280DD0B0F5805F03D0B0F5005FAC
:1063200013D0012584F83D60002084F83C00284605
:1063300070BDCB684A688968206805F0BAFF20689C
:10634000816841F077018160ECE7CB684A68896831
:10635000206805F0AEFF2068816841F480418160CB
:10636000E0E7CA684968206806F092F85021206882
:1063700005F0AAFFD6E7CA684968206806F09BF8CE
:106380006021206805F0A0FFCCE7CA684968206852
:1063900006F07EF84021206805F096FFC2E72268EB
:1063A0000146104605F090FFBCE700002DE9F041E2
:1063B00086B0002101910291039104910591016839
:1063C0005B4A02240125A1F18040B0F5803030D035
:1063D000DFF86081A1F18040B0F580603FD00326F6
:1063E000A1F18040B0F500604FD0A1F18040B0F540
:1063F000406060D04027A1F18040B0F5823071D07C
:10640000A1F18040B0F5A23010D1106840F020001A
:106410001060106800F0200000900197029403952E
:106420000494059601A94448FDF7F0FB06B0BDE8C9
:10643000F081106840F010001060106800F010004B
:1064400000904FF4C0400190029403950494059588
:1064500001A93A48FDF7DAFB06B0BDE8F081106803
:1064600040F004001060106800F0040000904FF449
:1064700080700190029403950494059401A940460C
:10648000FDF7C4FB06B0BDE8F081106840F00800DD
:106490001060106800F0080000904FF480400190F8
:1064A000029403950496059401A92548FDF7AEFBD7
:1064B00006B0BDE8F081106840F080001060106800
:1064C00000F0800000904FF4E0500190029403959A
:1064D0000494059401A91B48FDF798FB06B0BDE89C
:1064E000F081FFE7106840F480701060106800F4DD
:1064F00080700090106840F004001060106800F098
:10650000040000900197029403950494059601A954
:106510000D48FDF77BFB01970294039504940596C3
:1065200001A94046FDF772FB06B0BDE8F08100000E
:1065300030380240000802400014024000100240BF
:10654000000C0240001C02400020024070B50446CE
:106550000D46002694F83C0001280FD0012084F855
:106560003C006AB1042A1FD0082A32D00C2A44D039
:106570000126002084F83C00304670BD022070BD2A
:106580002946206805F0A8FE2068816941F00801CD
:1065900081612068816921F004018161206881693D
:1065A0002A6911438161E4E72946206805F0CCFEA1
:1065B0002068816941F4006181612068816921F46A
:1065C00080618161206881692A6941EA02218161D3
:1065D000CFE72946206805F0F3FE2068C16941F045
:1065E0000801C1612068C16921F00401C16120680E
:1065F000C1692A691143C161BBE72946206805F0DA
:106600001BFF2068C16941F40061C1612068C16954
:1066100021F48061C1612068C1692A6941EA0221CF
:10662000C161A6E710B50446002C03D094F83D00E4
:1066300010B107E0012010BD002084F83C00204686
:1066400000F01EF8022084F83D00211D206805F0AE
:10665000BBFD012084F8460084F83E0084F83F002A
:1066600084F8400084F8410084F8420084F8430034
:1066700084F8440084F8450084F83D00002010BDF3
:106680007047000010B50446002909D004290AD03B
:1066900008290BD094F8410001280AD0012010BD30
:1066A00094F83E00F8E794F83F00F5E794F84000CE
:1066B000F2E70220D9B3042947D0082948D084F84A
:1066C00041000122206805F0E5FD234A20682349A6
:1066D000904201D0884203D1436C43F400434364A9
:1066E0002068904224D0B0F1804F21D0A0F18042A8
:1066F000B2F580621CD0A0F18042B2F5006217D0E2
:10670000A0F18042B2F5406212D0884210D0A0F1D0
:106710008041B1F5A0310BD0A0F18041B1F5C0515D
:1067200006D0016841F001010160002010BD09E0C0
:10673000816801F007010629F7D0016841F00101E5
:106740000160F2E784F83E00BBE784F83F00B8E759
:1067500084F84000B5E7000000000140000401405B
:1067600070B50446002C04D094F83D00002510B10B
:1067700006E0012070BD84F83C50204600F022F86D
:10678000242084F83D002068C16821F40051C160D4
:10679000204605F0A3FE2068016921F490410161C3
:1067A0002068416921F02A0141612068C16841F4F3
:1067B0000051C1602564202084F83D0084F83E002B
:1067C000002070BD2DE9F04F87B0044600250295EA
:1067D000039504950595069599482368974A0221E3
:1067E0000615A3F1804C4FF003084FF0070A4FF055
:1067F000400B4FF00069BCF5883C6DD00F04A3F14D
:10680000804CBCF5904C00F0D080A3F1804CBCF5DE
:106810008A3C5ED1136843F020031360126802F0D3
:1068200020020192026842F040020260006800F01B
:10683000400001904FF4844002900391CDF8148001
:106840000820069002A97F48FDF7E0F9DFF8FC81F7
:106850007D48C8F800004FF02069C8F80490C8F8D7
:106860000850C8F80C50C8F81060C8F81450C8F8A0
:106870001850C8F81C50C8F82070C8F8245040467A
:10688000FDF718F808B1FBF79CFDC4F83880C8F88C
:106890003840704F6E483860C7F80490C7F808B0A9
:1068A000FD603E617D61BD61FD614FF48030386205
:1068B0007D623846FCF7FEFF08B1FBF782FD676397
:1068C000BC63002205214720FDF7ECFE4720FDF7C1
:1068D000DBFE07B0BDE8F08F136843F010031360D0
:1068E000126802F010020192026842F00202026095
:1068F000026802F002020192026842F001020260A4
:10690000006800F001000190802002900F46039182
:10691000CDF81480CDF818A002A94F48FDF776F9FC
:106920004FF40070029003970495CDF81480CDF8D1
:1069300018A002A94948FDF769F94A4F484838604C
:10694000C7F80490C7F808B0FD603E617D61BD6185
:10695000FD614FF4803038627D623846FCF7AAFF53
:1069600008B1FBF72EFD6763BC63404F3E483860BB
:10697000C7F80490BD60FD603E617D61BD61FD6151
:106980003D627D623846FCF795FF08B1FBF719FDC3
:10699000A763BC63002205212520FDF783FE252087
:1069A000FDF772FE07B0BDE8F08F314A136843F47B
:1069B00080231360126802F480220192026842F080
:1069C00004020260006800F0040001904FF440608F
:1069D00002900391CDF81480CDF818A002A92548A3
:1069E000FDF714F9DFF894802348C8F80000C8F8D0
:1069F0000490C8F80850C8F80C50C8F81060C8F8DF
:106A00001450C8F81850C8F81C50C8F82070C8F8BE
:106A100024504046FCF74EFF08B1FBF7D2FCC4F807
:106A20003880C8F83840002204212720FDF73AFEBC
:106A30002720FDF729FE07B0BDE8F08F443802405B
:106A4000303802400018024028640240BC26002072
:106A5000A06402401C270020000402400000024005
:106A6000B86402409C25002088640240FC25002078
:106A70004038024000080240286002405C260020A6
:106A8000FEE701684A6912F4806F11D06FF48062EA
:106A90004A6100210163202280F83D2080F83E10E9
:106AA000026C42F00402026480F83C10012070473E
:106AB000002070472DE9F84F0446DDF828A00B9D13
:106AC0000F4690461E462068016841F480610160CF
:106AD0002068016841F480710160534600224FF044
:106AE00001112046009500F025F94FF4007948B1D6
:106AF0002068006810F4807F01D0C4F84090032023
:106B0000BDE8F88F216807F0FE000861DFF8F4B0F7
:106B10002B4652465946204600F066F910B1012036
:106B2000BDE8F88F20684169806900902A46514687
:106B3000204600F0FEF950B1206C042804D12068F2
:106B4000016841F4007101600120BDE8F88F304612
:106B500008F0FF0601280DD021684FEA18200861CF
:106B60002A465146204600F0E4F970B1206C042812
:106B700003D007E02068066109E02068016841F45D
:106B8000007101600120BDE8F88F206806612A4687
:106B90005146204600F0CDF950B1206C042804D1B4
:106BA0002068016841F4007101600120BDE8F88FA0
:106BB0002068016841F480710160534600224FF063
:106BC00001112046009500F0B5F848B12068006832
:106BD00010F4807F01D0C4F840900320BDE8F88F06
:106BE0002168F8B240F0010008612B465246594630
:106BF000204600F0F9F810B10120BDE8F88F002020
:106C0000BDE8F88F020001002DE9F8430446DDF8E5
:106C10002090099F0D46164698462068016841F469
:106C2000807101604B4600224FF001112046009711
:106C300000F080F850B12068006810F4807F02D026
:106C40004FF4007020640320BDE8F883216805F04C
:106C5000FE0008613B464A461E49204600F0C4F843
:106C600010B10120BDE8F883206841698069009077
:106C70003A464946204600F05CF950B1206C0428A1
:106C800004D12068016841F4007101600120BDE871
:106C9000F883F5B2B8F1010F0CD02168300A086111
:106CA0003A464946204600F044F970B1206C042869
:106CB00003D007E02068056109E02068016841F41D
:106CC000007101600120BDE8F883206805610020A3
:106CD000BDE8F8830200010070B504460D46164673
:106CE0002068406910F0040F13D12046FFF7C9FE59
:106CF00008B1012070BDB5F1FF3F05D0FDF7AAF83E
:106D0000801BA84207D835B12068406910F0040FF5
:106D1000EBD0002070BD00202063202184F83D10BE
:106D200084F83E00216C41F02001216484F83C008D
:106D3000012070BD2DE9F0470446DDF820900D4696
:106D400017461E46C5F307482068B8F1010F22D048
:106D5000806925EA00000004000C26D00020B8421B
:106D600016D1B6F1FF3F06D0FDF774F8A0EB09008D
:106D7000B0421CD8DEB1B8F1010F28D0206880697C
:106D800025EA00000004000C2CD00020B842E8D016
:106D90000020BDE8F087406925EA00000004000CEF
:106DA00001D00020DBE70120D9E70120D7E7002050
:106DB0002063202184F83D1084F83E00216C41F0CE
:106DC0002001216484F83C000120BDE8F0872068A0
:106DD000406925EA00000004000C01D00020D5E73E
:106DE0000120D3E70120D1E72DE9F04704460D4605
:106DF00016461F46C5F307482068B8F1010F26D094
:106E0000806925EA00000004000C3AD04FF0000928
:106E10004FF0200A2068406910F4806F1ED020686F
:106E2000016841F40071016021686FF4806048617D
:106E3000C4F8309084F83DA084F83E90206C40F077
:106E40000400206484F83C900120BDE8F08740698C
:106E500025EA00000004000C13D0D7E7B6F1FF3F8D
:106E600005D0FCF7F7FFC01BB0420DD866B1B8F1F2
:106E7000010F18D02068806925EA00000004000C8A
:106E8000C8D10020BDE8F087C4F8309084F83DA058
:106E900084F83E90206C40F02000206484F83C9000
:106EA0000120BDE8F0872068406925EA0000000461
:106EB000000CAFD1E5E72DE9F04104460D4616463A
:106EC0002068406910F0400F22D100274FF02008C1
:106ED0002068406910F0100F0FD021686FF010008B
:106EE0004861276384F83D8084F83E70206C2064FC
:106EF00084F83C700120BDE8F081FCF7ABFF801BFB
:106F0000A84208D83DB12068406910F0400FDFD09A
:106F10000020BDE8F081276384F83D8084F83E704E
:106F2000206C40F02000206484F83C700120BDE813
:106F3000F08170B504460D4616462068406910F091
:106F4000800F13D12046FFF79CFD08B1012070BDD2
:106F5000B5F1FF3F05D0FCF77DFF801BA84207D8A5
:106F600035B12068406910F0800FEBD0002070BD73
:106F700000202063202184F83D1084F83E00216C1D
:106F800041F02001216484F83C00012070BD000024
:106F900070B504460D461646308888B9184890EDFD
:106FA000000A184880ED000A154890ED010A1548BE
:106FB00080ED010A124890ED020A124880ED020AA3
:106FC000324611490F480CF081FB0E4890ED000A43
:106FD00085ED000A90ED010A85ED010A90ED020AA7
:106FE00085ED020AB7EE000A84ED000AB7EE000A4A
:106FF00084ED010AB7EE000A84ED020A70BD0000BC
:10700000080A0020FC090020DC0A002091ED000A9B
:107010000E4A82ED000A91ED010A82ED010A91ED1E
:10702000020A82ED020A92ED000A094A82ED000A84
:10703000064A92ED010A064A82ED010A034A92EDE0
:10704000020A034A82ED020A70470000080A002083
:10705000FC09002008B507200CF0BEFE02E0642009
:107060000CF0BAFEFAF702F80028F8D102E064202A
:107070000CF0B2FE0CF0CAFD0028F8D1A84AA2F12B
:107080000C01101DFAF70CF80CF0D8FAA548A44B27
:10709000103BA54AA5490090A5480CF041FB9FED87
:1070A000A53ADFEDA52A9FEDA52AF7EE001A9FED80
:1070B000A41ADFEDA40A9FEDA40AA44801F026FB60
:1070C000994A9A49A248F9F713FD984890ED000AA9
:1070D000A04880ED000AA04880ED000A9F4880ED9E
:1070E000000A924890ED010A9A4880ED010A9A48F8
:1070F00080ED010A994880ED010A8C4890ED020A62
:10710000944880ED020A944880ED020A934880ED8D
:10711000020A00200CF09CFE04460FF011FE90497C
:10712000086010218F48C161FEF756FD08B1FBF7DA
:1071300048F908228C498D4804F0EEFD01208C4965
:107140000870ECE000BF4FF0FF3101200EF098FA1C
:107150000128F8D18748007800F0080058B1854828
:10716000007820F00800834908706D49091D7E48A9
:10717000401CF9F747FF8048007800F0040060B138
:107180007D48007820F004007B490870644A103282
:10719000A2F11C017948F9F7DFFE7948007800F088
:1071A000040088B17648007820F004007449087023
:1071B0005B497448FAF762F859481038D0ED040A70
:1071C000B0EE600A0CF01CFC5648554B103B564A7A
:1071D0005649009056480CF0A3FA5F4890ED000A1B
:1071E0005E4880ED000A5B4890ED000A5A4880ED49
:1071F000000A90ED000A6448D0ED000A20EE200A53
:107200005648D0ED000A604890ED011A00EE810A60
:107210004648D0ED000A5C4890ED021A00EE810A63
:107220004C4880ED000A4C4890ED010A4B4880ED37
:10723000010A484890ED010A474880ED010A90EDA7
:10724000010A5148D0ED000A20EE200A4348D0ED53
:10725000010A4D4890ED011A00EE810A3348D0ED45
:10726000010A494890ED021A00EE810A394880ED82
:10727000010A394890ED020A384880ED020A354883
:1072800090ED020A344880ED020A90ED020A3E4871
:10729000D0ED000A20EE200A3048D0ED020A3A482C
:1072A00090ED011A00EE810A2048D0ED020A36481E
:1072B00090ED021A00EE810A264880ED020A1A4B70
:1072C00002461B499FED1D0A2148F9F77DFD0AF092
:1072D000FDFD2E480078012807D101212C4809F036
:1072E00049FA10B10020294908702A4B1A1F111FB2
:1072F00017480AF073FD28480AF03CFD274800783B
:1073000000F001002549087048B10846007820F0D7
:10731000010008700846007840F00200087011E78C
:10732000E80900202C0A0020F40A0020E80A0020C6
:10733000DC0A00200080894500A08C456F12833A4A
:1073400000000000CDCC4C3E0000C844780A00206C
:10735000000B0020D00A0020C40A0020B80A002038
:1073600084000020B0210020880000209000002030
:10737000AD000020A9000020AA000020CE090020B6
:10738000AB000020A30000200C8B0108810000202E
:107390006C090020180B0020540A0020AC000020CB
:1073A000F0B40023002A18D90A24302537269C4639
:1073B000B4EB107F04D905EB107701F8137003E0EC
:1073C00006EB107701F81370000101EB430787F813
:1073D00001C05B1CDBB29342EAD3F0BC70470000F3
:1073E00070B596B005460E46144640F20310ADF84F
:1073F0000400ADF80650ADF8086000208DF80A00D2
:1074000000218DF80B1005218DF80C109DF80D0052
:1074100064F302008DF80D009DF80D0020F0380196
:107420008DF80D10BDF80D0020F4707000F510708F
:1074300001A9ADF80D009DF80E0020F03C000C30C5
:107440008DF80E00BDF811006FF30900C01CADF8F7
:1074500011004FF4C861BDF8120061F38C00ADF863
:1074600012004910BDF8130061F34F1001A9ADF8E7
:1074700013004FF4E161BDF8160061F38C00ADF824
:1074800016004FF44871BDF8170061F34F1001A9C1
:10749000ADF81700BDF81500810A890201A8ADF802
:1074A000151000218DF819108DF81A1006218DF88D
:1074B0001B109DF81C1064F302018DF81C109DF840
:1074C0001C0020F038018DF81C10BDF81C0020F4C1
:1074D000707101F5107101A8ADF81C109DF81D0028
:1074E00020F03C0110318DF81D10BDF82000810AFC
:1074F0008902C91C01A8ADF8201040F2A462BDF8B1
:10750000211062F38C01ADF821104FF44872BDF8E0
:10751000221062F34F11ADF82210A248B0F82C04EB
:1075200000F2A461BDF8252061F38C0201A8ADF83A
:1075300025209C48B0F8300400F54871BDF826209D
:1075400061F34F1201A8ADF82620BDF82400810A8E
:10755000890201A8ADF8241000218DF828108DF8BB
:10756000291007218DF82A109DF82B1064F30201D1
:107570008DF82B109DF82B0020F038018DF82B1082
:10758000BDF82B0020F4707101F5107101A8ADF861
:107590002B109DF82C0020F03C0110318DF82C10A0
:1075A000BDF82F00810A8902C91C01A8ADF82F106F
:1075B0007C48B0F82C0400F2A461BDF8302061F3DF
:1075C0008C02ADF830207748B0F8300400F54871EF
:1075D000BDF8312061F34F1201A8ADF83120714898
:1075E000B0F8340400F2A461BDF8342061F38C02D9
:1075F000ADF834206B48B0F8380400F54871BDF898
:10760000352061F34F1201A8ADF83520BDF83300E5
:10761000810A890201A8ADF8331000218DF83710D6
:107620008DF8381008218DF839109DF83A1064F360
:1076300002018DF83A109DF83A0020F038018DF8DB
:107640003A10BDF83A0020F4707101F5107101A8EC
:10765000ADF83A109DF83B0020F03C0118318DF850
:107660003B10BDF83E00810A8902C91C01A8ADF893
:107670003E1040F2A462BDF83F1062F38C01ADF8F9
:107680003F104FF44872BDF8401062F34F11ADF84F
:1076900040104448B0F83C0400F2A461BDF8432017
:1076A00061F38C0201A8ADF843203E48B0F84004D5
:1076B00000F54871BDF8442061F34F1201A8ADF800
:1076C0004420BDF84200810A890201A8ADF84210A9
:1076D00000218DF846108DF8471009218DF84810CB
:1076E0009DF8491064F302018DF849109DF8490096
:1076F00020F038018DF84910BDF8490020F4707170
:1077000001F5107101A8ADF849109DF84A0020F06C
:107710003C0118318DF84A10BDF84D00810A8902EC
:10772000C91C01A8ADF84D101E48B0F83C0400F289
:10773000A461BDF84E2061F38C02ADF84E201948CB
:10774000B0F8400400F54871BDF84F2061F34F12C6
:1077500001A8ADF84F201348B0F8440400F2A4612A
:10776000BDF8522061F38C02ADF852200D48B0F8FC
:10777000480400F54871BDF8532061F34F1201A889
:10778000ADF85320BDF85100810A890201A8ADF877
:107790005110512301AA40F20131A5200DF0C8F883
:1077A00016B070BDF003002030B585B00024009401
:1077B0000194029403941448124901604FF400317B
:1077C000416084600461047680F82040C4620F49FF
:1077D0008162C4600125C56180F830404561FAF7D7
:1077E000E7FF08B1FAF7EDFD102000900195029433
:1077F00069460548FAF722FF002801D0FAF7E1FDB3
:1078000005B030BD00200140441F00200100000FE2
:1078100030B585B000240094019402940394144878
:10782000124901604FF400314160846004610476C4
:1078300080F82040C4620F498162C4600125C5619F
:1078400080F830404561FAF7B3FF08B1FAF7B9FDA7
:10785000082000900195029469460548FAF7EEFE6B
:10786000002801D0FAF7ADFD05B030BD002201407F
:107870008C1F00200100000F10B510480E49016058
:107880000321416000218160C1604FF41022026138
:107890004FF4001242610176012242768176C2766F
:1078A00001774177FBF7E9FA002803D0BDE81040E3
:1078B000FAF787BD10BD000000640040D41F00200F
:1078C00010B50F480D49016003214160002181601E
:1078D000C1604FF4102202614FF400124261017640
:1078E00041768176C17601774177FBF7C6FA0028A9
:1078F00003D0BDE81040FAF764BD10BD0068004039
:10790000FC1F002010B50749054808600846FBF732
:10791000B5FE002803D0BDE81040FAF752BD10BDF7
:10792000003002402802002008B52948016841F4CF
:1079300080010160016801F480010091016841F457
:1079400000110160006800F4001000900022052181
:107950000C20FCF7A7FE0C20FCF796FE0022052168
:107960002F20FCF79FFE2F20FCF78EFE0022052122
:107970003920FCF797FE3920FCF786FE002205210E
:107980003A20FCF78FFE3A20FCF77EFE002205210C
:107990003B20FCF787FE3B20FCF776FE002205210A
:1079A0004420FCF77FFE4420FCF76EFE00220521F8
:1079B0004520FCF777FE4520FCF766FE00220521F6
:1079C0004620FCF76FFEBDE808404620FCF75CBE91
:1079D00030380240F0B5ABB0364CD4F80CC0A669D4
:1079E0002569236862686169A0682A962493CDF8A6
:1079F0009CC02895259229912690002124A80CF05E
:107A0000F8F92D4D286104F11C00266B90E80F1049
:107A1000676BCDE921C61DAE23970FC600211DA8B7
:107A20000CF0E7F9286004F13800E66C90E80F10DC
:107A3000276DCDE91AC616AE1C970FC6002116A8F1
:107A40000CF0D7F9A86004F15400A66E90E80F106E
:107A5000E76ECDE913C60FAE15970FC600210FA82C
:107A60000CF0C7F9686104F17000D4F8846090E804
:107A70000F10D4F88870CDE90CC608AE0E970FC66B
:107A8000002108A80CF0B5F9E86004F18C00D4F8E6
:107A9000A06090E80F1001AFD4F8A440A7E80F1041
:107AA00006960794002101A80CF0A3F968602BB09A
:107AB000F0BD0000988E01080C0200202DE9F0476F
:107AC00086B00025019502950395049505957248A9
:107AD000016841F002010160016801F002010091BA
:107AE000016841F040010160016801F0400100912E
:107AF000016841F001010160016801F0010100919C
:107B0000016841F008010160016801F0080100917D
:107B1000016841F004010160016801F00401009175
:107B2000016841F480710160016801F48071009185
:107B3000016841F020010160016801F0200100911D
:107B4000016841F080010160016801F0800100914D
:107B5000016841F010010160006800F01000009021
:107B60004E4E012240213046FCF76DF9DFF830819E
:107B7000012210214046FCF766F9DFF82891012226
:107B800041F201014846FCF75EF980200190029520
:107B90000124039401A94448FCF738F840200190DF
:107BA00002940394049401A93046FCF72FF80920AD
:107BB00001904FF404170297039401A93046FCF793
:107BC00025F80720019002950395DFF8E0A001A9B0
:107BD0005046FCF71BF801940295039401A9404616
:107BE000FCF714F8102001900294039402260496E6
:107BF00001A94046FCF70AF830200190029703944F
:107C000001A95046FCF702F84FF4206001904FF4B0
:107C100088100290039501A92548FBF7F7FF200380
:107C2000019002940394049401A94846FBF7EEFFE7
:107C3000019402940394049601A94846FBF7E6FFD9
:107C4000062100220846FCF72DFD0620FCF71CFD4E
:107C5000002205210920FCF725FD0920FCF714FD71
:107C6000002205210A20FCF71DFD0A20FCF70CFD6F
:107C7000002205211720FCF715FD1720FCF704FD55
:107C8000002205212820FCF70DFD2820FCF7FCFC34
:107C900006B0BDE8F087000030380240001802400E
:107CA00000000240000402400020024000080240A0
:107CB0000010024010B50D480B4901600C494160AD
:107CC00000218160C1604FF48042026141618161A5
:107CD000C1610162FCF7C4F8002803D0BDE8104080
:107CE000FAF76FBB10BD00000054004024200020B4
:107CF000801A060010B50D480B4901600C4941601F
:107D000000218160C1604FF4804202614161816164
:107D1000C1610162FCF7A4F8002803D0BDE810405F
:107D2000FAF74FBB10BD000000580040782000203B
:107D3000801A060010B50D480B4901600C494160DE
:107D400000218160C1604FF4804202614161816124
:107D5000C1610162FCF784F8002803D0BDE810403F
:107D6000FAF72FBB10BD0000005C0040CC200020C3
:107D7000801A060010B50749054808600846FDF757
:107D800074FE002803D0BDE81040FAF71ABB10BDFE
:107D9000000806508021002010B50C480A490160F7
:107DA000002141607C22826040F67F42C260016116
:107DB00041618161FDF788FE002803D0BDE81040D5
:107DC000FAF7FFBA10BD0000002800409021002003
:107DD00010B510480E4901604FF4827141600021D6
:107DE0008160C1600222026101224261520282610D
:107DF0003822C2610162416281620A21C162FDF7DB
:107E0000EBFE002803D0BDE81040FAF7DABA10BD47
:107E100000300140B021002010B510480E4901602B
:107E20004FF48271416000218160C16002220261D1
:107E300001224261520282613822C26101624162C2
:107E400081620A21C162FDF7C7FE002803D0BDE8A8
:107E50001040FAF7B6BA10BD0038004008220020E2
:107E600010B588B0002401940294039404940594FE
:107E7000069407941448134901604460846041F2F9
:107E80008731C16004618461FEF74CF908B1FAF7EB
:107E900098FA0D48FEF7C6FB08B1FAF792FA60208F
:107EA0000190029403940594002201A90648FEF76C
:107EB0004DFB08B1FAF785FA0348FEF777FA08B0E8
:107EC00010BD0000004401408824002010B596B089
:107ED00000241294139414941594109411940994FA
:107EE0000A940B940C940D940E940F9400940194A6
:107EF0000294039404940594069407942D482C4905
:107F00000160A7214160846044F61F61C160046183
:107F100044618461FEF706F908B1FAF752FA4FF4AA
:107F20008050129012A92348FEF7CAF908B1FAF757
:107F300048FA2048FEF776FB08B1FAF742FA1094A7
:107F4000119410A91B48FEF7A0F808B1FAF739FA06
:107F5000602009904FF47A700A900B940C940D9461
:107F60000E940F94082209A91248FEF7EFFA08B1FF
:107F7000FAF727FA0C2209A90E48FEF7E7FA08B12A
:107F8000FAF71FFA009401940294039404944FF4B6
:107F900000500590079469460648FEF743F808B17B
:107FA000FAF70FFA0348FEF701FA16B010BD000009
:107FB000000001402023002010B58EB000240A9458
:107FC0000B940C940D9408940994019402940394D6
:107FD00004940594069407941D481C49016044606C
:107FE000846042F2CF01C16004618461FEF79AF8B7
:107FF00008B1FAF7E6F94FF480500A900AA914483C
:10800000FEF75EF908B1FAF7DCF91148FEF70AFB52
:1080100008B1FAF7D6F90894099408A90C48FEF7B4
:1080200034F808B1FAF7CDF9602001900294039476
:108030000594082201A90648FEF788FA08B1FAF764
:10804000C0F90348FEF7B2F90EB010BD00040040BD
:108050006823002010B58EB000240A940B940C9471
:108060000D94089409940194029403940494059443
:10807000069407941E481D490160A7214160846051
:108080004FF6FF71C16004618461FEF74BF808B1DF
:10809000FAF797F94FF480500A900AA91448FEF7AE
:1080A0000FF908B1FAF78DF91148FEF7BBFA08B1DC
:1080B000FAF787F90894099408A90D48FDF7E5FF38
:1080C00008B1FAF77EF960200190029403940594B8
:1080D000082201A90648FEF739FA08B1FAF771F942
:1080E0000348FEF763F90EB010BD00000008004021
:1080F000B023002010B58EB000240A940B940C9489
:108100000D940894099401940294039404940594A2
:1081100006940794254824490160446084604FF622
:10812000FF71C16004618461FDF7FCFF08B1FAF7DB
:1081300048F94FF480500A900AA91C48FEF7C0F88D
:1081400008B1FAF73EF91948FEF76CFA08B1FAF7E8
:1081500038F90894099408A91448FDF796FF08B166
:10816000FAF72FF9602001900294039405940022FD
:1081700001A90E48FEF7EAF908B1FAF722F904223C
:1081800001A90A48FEF7E2F908B1FAF71AF908223C
:1081900001A90648FEF7DAF908B1FAF712F903481F
:1081A000FEF704F90EB010BD000C0040F8230020CB
:1081B00010B596B00024129413941494159410944E
:1081C000119409940A940B940C940D940E940F94AA
:1081D00000940194029403940494059406940794E3
:1081E0002D482C490160A7214160846044F61F613D
:1081F000C160046144618461FDF794FF08B1FAF73E
:10820000E0F84FF48050129012A92348FEF758F876
:1082100008B1FAF7D6F82048FEF704FA08B1FAF7E1
:10822000D0F81094119410A91B48FDF72EFF08B147
:10823000FAF7C7F8602009904FF47A700A900B940F
:108240000C940D940E940F94002209A91248FEF785
:108250007DF908B1FAF7B5F8042209A90E48FEF72E
:1082600075F908B1FAF7ADF80094019402940394FB
:1082700004944FF400500590079469460648FDF7B2
:10828000D1FE08B1FAF79DF80348FEF78FF816B053
:1082900010BD0000000401404024002010B50C482F
:1082A0000A4901604FF4E131416000218160C16001
:1082B00001610C2242618161C161FEF751FA00281F
:1082C00003D0BDE81040FAF77CB810BD00100140A3
:1082D000D024002010B50C480A4901604FF46121F8
:1082E000416000218160C16001610C2242618161B5
:1082F000C161FEF735FA002803D0BDE81040FAF757
:1083000060B810BD004800401425002010B50C488E
:108310000A4901604FF4E131416000218160C16090
:1083200001610C2242618161C161FEF719FA0028E6
:1083300003D0BDE81040FAF744B810BD0014014066
:108340005825002010B500220F49104805F036F8D6
:1083500008B1FAF736F80E490C4805F083FA08B16F
:10836000FAF72FF80B49094804F018FD08B1FAF79D
:1083700028F8064805F04CFB002803D0BDE8104063
:10838000FAF71FB810BD0000300200207C27002043
:108390007403002080020020FEE770470148FCF7CC
:1083A00038BB0000782C002070B504462068056CAE
:1083B00000EB4110D0F8081B0C4EB54206D911F461
:1083C000004F03D04FF40041C0F8081B2046FCF7D3
:1083D000F0FEB54208D92069012805D104F2C44253
:1083E0000121206805F05CFF002070BD0A30544F69
:1083F0002DE9F04104460D462368196C03EB451046
:10840000D0F8082B276920264FF4004C012F08D004
:108410002F4FB9424BD112F4004F3ED0C0F808CBD9
:1084200053E02C4B12F0080F07D099424DD912F4AB
:10843000004F4AD0C0F808CB47E012F0200F02D01E
:10844000C0F8086B41E012F0280F3ED1994205D9DF
:1084500012F4004F02D0C0F808CB36E005EBC5019E
:1084600004EB810101F51F71D0F8100BCA69C0F34C
:108470001200101A086225B98A693AB10A691044D3
:108480000861E9B22046FCF79CF91EE004F2C44200
:108490000121206805F004FFF3E712F0200F01D05E
:1084A000C0F8086BE9B22046FCF78BF90DE045B93E
:1084B000D4F8940228B904F2C4420021184605F009
:1084C000EFFEE9B22046FCF77CF90020BDE8F08120
:1084D0000A31544F0A30544F2DE9F84F07460E46E3
:1084E000D7F8008006EBC60007EB800000F13C04E3
:1084F000A169206A884202D90120BDE8F88F081AD4
:10850000E168814200D20846C01C4FEA900A08EB9D
:10851000461915E0151AE268AA4200D21546E81C71
:108520004FEA900A387C0090ABB2F2B24046216923
:1085300006F030FA206928442061206A284420622D
:10854000D9F8180980B2504505D3A269206A904233
:1085500001D2002ADED1216AA06988420AD806F039
:108560000F00012101FA00F0D8F8341821EA0000C8
:10857000C8F834080020BDE8F88F000010B52DEDD4
:10858000088B0446B0EE408AF0EE608A24B99FED75
:108590005E0ABDEC088B10BD94ED0C0A84ED0D0A4B
:1085A000C4ED068A84ED078A38EEC80A84ED0C0A09
:1085B00094ED000AD4ED0C0A20EE200A84ED090A9D
:1085C00094ED030A10EE101A084610F0A9F841ECD9
:1085D000190B94ED0C0A10EE101A084610F0A0F8D2
:1085E00041EC1B0BB0EE4B0AF0EE6B0A07F020F8E3
:1085F000B0EE40AAF0EE60AA53EC192B51EC1A0B26
:108600000FF054FA16D294ED0C0AD4ED0D0A30EEA8
:10861000200AD4ED010A20EE200AB0EE001AC0EEC6
:10862000010A94ED0F1A94ED0A0A00EE810A84ED16
:108630000A0A03E09FED340A84ED0A0A94ED0A0A5F
:10864000D4ED050AB4EEE00AF1EE10FA04DD94ED83
:10865000050A84ED0A0A10E094ED0A0AD4ED050A31
:10866000F1EE600AB4EEE00AF1EE10FA05D294EDF4
:10867000050AB1EE400A84ED0A0A94ED070AD4ED2A
:108680000E0A30EE600AD4ED0F0A80EE201A94ED47
:10869000020A21EE000A84ED0B0A94ED090AD4EDDA
:1086A0000A0A30EE200AD4ED0B0A30EE200A84EDDF
:1086B000080A94ED080AD4ED040AB4EEE00AF1EEDB
:1086C00010FA04DD94ED040A84ED080A10E094ED3C
:1086D000080AD4ED040AF1EE600AB4EEE00AF1EE05
:1086E00010FA05D294ED040AB1EE400A84ED080AAE
:1086F00094ED0C0A84ED0D0A94ED070A84ED0E0A40
:1087000094ED080A45E700000000000000B970473A
:1087100080ED000AC0ED010A80ED021AC0ED031AD7
:1087200080ED0F2AC0ED042A80ED053ADFED073A0F
:10873000C0ED083AC0ED0B3AC0ED0A3AC0ED093A77
:10874000C0ED0D3AC0ED0C3A00BFE0E700000000BC
:1087500010B5234B1B685B6943F04003204C246831
:1087600063611F4B1B68DB6843F010031C4C2468DB
:10877000E3601C4B1B681B6823F00103194C246841
:10878000236007E0174B1B681B6823F00103154C9F
:1087900024682360134B1B681B6803F00103002B44
:1087A000F0D1114B0F4C2468A3600E4B1B68D860AE
:1087B0000C4B1B6819610B4B1B685A60094B1B68FB
:1087C0001B6843F48023074C24682360054B1B6817
:1087D0001B6843F00103034C2468236010BD0000B4
:1087E000142500205C260020044800401149096837
:1087F000C96821F400510F4A1268D1600E49096816
:10880000096821F001010C4A126811600A490968DF
:10881000486009490968096841F00101064A12687F
:10882000116004490968C96841F40051014A12689D
:10883000D1607047142500205C26002004480068A1
:10884000C06820F4005002490968C8607047000001
:10885000142500202DE9F041044600252068C16858
:1088600011F0400F17D1C16841F08001C160FBF7E2
:10887000F1FA0646042707E0FBF7ECFA801BB0F597
:108880007A7F01D9677701252068C06810F0400F12
:1088900001D1012DF0D12846BDE8F08170B5044624
:1088A00000252068C16821F08001C16020688068CF
:1088B00010F0200F06D12046FDF770F910B104200A
:1088C00060770125284670BD2DE9F04706460F4622
:1088D00090469946DFF8B0A000BF9AF8000008B9AA
:1088E00006F074F800BFEFF311810846202181F3F0
:1088F000118800BF00BF244D002400BF04EB4402D8
:1089000005F1180101EBC201496801B903E0641CDB
:108910002969A142F2DC00BF2969A1422ADD04EBEA
:10892000440205F1180141F8326004EB440201EB06
:10893000C2014F6004EB440205F1180101EBC201D2
:10894000C1F80880002204EB440305F1180101EB93
:10895000C3010A6104EB440305F1180101EBC301F3
:10896000CA6004EB440205F1180101EBC201C1F831
:10897000149001E04FF0FF34C1B281F3118800BFC1
:1089800000BF2046BDE8F087E4A500202DE9F05F98
:1089900005460F4690469946DFF860B000BF9BF849
:1089A000000008B906F012F800BFDFF850A0032D50
:1089B0001FD2EFF311810846202181F3118800BFF7
:1089C00000BF05EB45020AF1600101EBC2043DB1B5
:1089D0002760C4F80480C4F8089000212161E16098
:1089E0000A996161C1B281F3118800BF00BF0026FE
:1089F00001E04FF0FF363046BDE8F09FE4A50020CF
:108A00002DE9F74F82B0834617462648009000BFF5
:108A10000098007808B905F0D9FF00BF0BEB4B01B7
:108A20002048603000EBC106DDF80C903569D6F8BF
:108A30000CA04FF00008554517D9B068441BBC4244
:108A400001D2204600E03846044670682844019070
:108A5000224648460199F7F7BFFDA044A1443F1BB9
:108A60002544B068A84200D10025AAEB0504BC4209
:108A700001D2204600E0384604465CB170682844C4
:108A80000190224648460199F7F7A6FDA044A1446B
:108A90003F1B2544B8F1000F00D03561404605B0BA
:108AA000BDE8F08FE4A500202DE9F74F82B08246A3
:108AB0001446DDF80CB00AEB4A01224800EBC10570
:108AC000D5F81090EE68686830440190B14528D818
:108AD000A868801B471EA7420AD322465946019820
:108AE000F7F77AFD3019E860012005B0BDE8F08F96
:108AF0004F44A74223D3A868A0EB06084246594634
:108B00000198F7F769FDA4EB08043CB1686801908F
:108B10000BEB080122460198F7F75EFDEC6001209F
:108B2000E3E7A9EB0600471EA74208D322465946B1
:108B30000198F7F751FD3019E8600120D5E70020D2
:108B4000D3E70000FCA5002010B5064B064A0748F5
:108B50000168006800F06AF84FF0805000F050FCA7
:108B600010BD000005FB0008748F010808020020FA
:108B700070B5EFF311800646202080F3118800BF06
:108B800000BF284805F0C4FF05462C462046264A6B
:108B9000516805E0CAB242F0800200F8012BC90911
:108BA0007F29F7D800F8011B044620461E4A916829
:108BB00005E0CAB242F0800200F8012BC9097F2902
:108BC000F7D800F8011B04462046174A116905E052
:108BD000CAB242F0800200F8012BC9097F29F7D8F8
:108BE00000F8011B04462046002105E0CAB242F00D
:108BF000800200F8012BC9097F29F7D800F8011B72
:108C0000044618222146284605F086FFF0B280F37C
:108C1000118800BF00BF0448406A10B10249486A89
:108C2000804770BDC4AE00209CAE0020F8B504465D
:108C30000D4616461F4600234FF480620F4910A0D0
:108C4000FFF742FE10494870084640780876002039
:108C50000090087E08230D4A09A1FFF797FE002027
:108C6000094908610A484068C860084606624460CD
:108C70008560476200200870F8BD00009CAA0020B3
:108C800053797356696577009CAE0020B4030020C9
:108C9000001000E070B5EFF311800446202080F34F
:108CA000118800BF00BF074805F032FF05461122BA
:108CB0002946284605F030FFE0B280F3118800BF56
:108CC00000BF70BDC4AE00202DE9F0410446EFF3B3
:108CD00011800746202080F3118800BF00BF114893
:108CE00005F016FF05462E460F480069241A304647
:108CF000214605E0CAB242F0800200F8012BC90902
:108D00007F29F7D800F8011B06460822314628467D
:108D100005F002FFF8B280F3118800BF00BFBDE884
:108D2000F0810000C4AE00209CAE00202DE9F0418F
:108D30000446EFF311800746202080F3118800BF1E
:108D400000BF114805F0E4FE05462E460F480069B5
:108D5000241A3046214605E0CAB242F0800200F8EB
:108D6000012BC9097F29F7D800F8011B0646042208
:108D70003146284605F0D0FEF8B280F3118800BFD6
:108D800000BFBDE8F0810000C4AE00209CAE002012
:108D90002DE9F0410446EFF311800746202080F3CF
:108DA000118800BF00BF114805F0B2FE05462E46EF
:108DB0000F480069241A3046214605E0CAB242F045
:108DC000800200F8012BC9097F29F7D800F8011BA0
:108DD000064606223146284605F09EFEF8B280F38C
:108DE000118800BF00BFBDE8F0810000C4AE0020C4
:108DF0009CAE00202DE9F041EFF3118007462020C2
:108E000080F3118800BF00BF114805F081FE0446C1
:108E1000254610480088C0F308062846314605E07C
:108E2000CAB242F0800200F8012BC9097F29F7D8A5
:108E300000F8011B054602222946204605F06CFE7B
:108E4000F8B280F3118800BF00BFBDE8F0810000D8
:108E5000C4AE002004ED00E070B5EFF311800446CD
:108E6000202080F3118800BF00BF074805F050FEA6
:108E7000054603222946284605F04EFEE0B280F35F
:108E8000118800BF00BF70BDC4AE002070B5EFF305
:108E900011800446202080F3118800BF00BF0748DE
:108EA00005F036FE054612222946284605F034FE16
:108EB000E0B280F3118800BF00BF70BDC4AE0020D7
:108EC00070B50C48006A78B10A48006A006858B169
:108ED0000849096A0868804704460D462A46214623
:108EE0000D2000F039F804E0034841680C2000F040
:108EF00005F870BD9CAE0020001000E02DE9F041A7
:108F000005460E46EFF311808046202080F311883D
:108F100000BF00BF0F4805F0FBFD0446274638465A
:108F2000314605E0CAB242F0800200F8012BC909BF
:108F30007F29F7D800F8011B07462A463946204604
:108F400005F0EAFD08F0FF0080F3118800BF00BFC4
:108F5000BDE8F081C4AE00202DE9F04706460F467B
:108F60009046EFF311808146202080F3118800BFE6
:108F700000BF174805F0CCFD05462C462046394673
:108F800005E0CAB242F0800200F8012BC9097F292E
:108F9000F7D800F8011B04462046414605E0CAB256
:108FA00042F0800200F8012BC9097F29F7D800F8A8
:108FB000011B044632462146284605F0ADFD09F066
:108FC000FF0080F3118800BF00BFBDE8F0870000FC
:108FD000C4AE00202DE9F04706460F46904699465C
:108FE000EFF311808246202080F3118800BF00BF7C
:108FF0001D4805F08DFD05462C462046394605E006
:10900000CAB242F0800200F8012BC9097F29F7D8C3
:1090100000F8011B04462046414605E0CAB242F072
:10902000800200F8012BC9097F29F7D800F8011B3D
:1090300004462046494605E0CAB242F0800200F8E4
:10904000012BC9097F29F7D800F8011B04463246D5
:109050002146284605F060FD0AF0FF0080F31188E4
:1090600000BF00BFBDE8F087C4AE00202DE9F05F6F
:1090700006460F4690469946DDF828A0EFF311808A
:109080008346202080F3118800BF00BF244805F0EC
:109090003FFD05462C462046394605E0CAB242F05F
:1090A000800200F8012BC9097F29F7D800F8011BBD
:1090B00004462046414605E0CAB242F0800200F86C
:1090C000012BC9097F29F7D800F8011B0446204667
:1090D000494605E0CAB242F0800200F8012BC909F6
:1090E0007F29F7D800F8011B04462046514605E0C9
:1090F000CAB242F0800200F8012BC9097F29F7D8D3
:1091000000F8011B044632462146284605F004FDBE
:109110000BF0FF0080F3118800BF00BFBDE8F09F97
:10912000C4AE002070B50446EFF311800546202040
:1091300080F3118800BF00BF074805F0E9FC064630
:1091400022463146304605F0E7FCE8B280F311884C
:1091500000BF00BF70BD0000C4AE00202DE9F04785
:1091600006462948006800284CD027480468002794
:1091700003E0246904B902E07F1CB742F9D300BFC1
:10918000002C3AD0EFF311808146202080F3118823
:1091900000BF00BF1D4805F0BBFC80464546284681
:1091A000314605E0CAB242F0800200F8012BC9093D
:1091B0007F29F7D800F8011B05462846A16805E07D
:1091C000CAB242F0800200F8012BC9097F29F7D802
:1091D00000F8011B054680222846216805F02EFC78
:1091E000054616222946404605F096FC09F0FF0088
:1091F00080F3118800BF00BF00BF1CB1E06808B158
:10920000E0688047BDE8F087BC030020C4AE0020C2
:1092100010B50748006848B10548046800BFE06819
:1092200008B1E06880472469002CF8D110BD000027
:10923000BC03002070B5EFF311800646202080F3B8
:10924000118800BF00BF0F4805F062FC04462546A8
:1092500028460D4A117805E0CAB242F0800200F8B3
:10926000012BC9097F29F7D800F8011B05461B22ED
:109270002946204605F050FCF0B280F3118800BF6B
:1092800000BF70BDC4AE0020C00300202DE9F04136
:109290000446EFF311800546202080F3118800BFBB
:1092A00000BF0B4805F034FC0746802221463846B3
:1092B00005F0C4FB06460E223146384605F02CFC6C
:1092C000E8B280F3118800BF00BFBDE8F081000064
:1092D000C4AE00202DE9F0410546EFF311800746AA
:1092E000202080F3118800BF00BF3B4805F010FC30
:1092F000064634462046394B2A681B69D11A05E0D8
:10930000CAB242F0800200F8012BC9097F29F7D8C0
:1093100000F8011B04462046A96805E0CAB242F0E5
:10932000800200F8012BC9097F29F7D800F8011B3A
:10933000044620222046696805F080FB0446092285
:109340002146304605F0E8FB34462046234B2A6888
:109350001B69D11A05E0CAB242F0800200F8012B65
:10936000C9097F29F7D800F8011B04462046E9689F
:1093700005E0CAB242F0800200F8012BC9097F293A
:10938000F7D800F8011B04462046296905E0CAB257
:1093900042F0800200F8012BC9097F29F7D800F8B4
:1093A000011B04462046002105E0CAB242F08002BB
:1093B00000F8012BC9097F29F7D800F8011B0446E2
:1093C00015222146304605F0A7FBF8B280F311883C
:1093D00000BF00BFBDE8F081C4AE00209CAE0020FD
:1093E00010B50648006A38B10448006A406818B1F0
:1093F0000249096A4868804710BD00009CAE002001
:1094000001490861704700009CAE002001460248F7
:109410000069081A704700009CAE002070B501205A
:109420003A490870EFF311800446202080F3118838
:1094300000BF00BF48780A223549FFF735FBE0B28C
:1094400080F3118800BF00BF0A20FFF76BFEEFF327
:1094500011800646202080F3118800BF00BF2D48F0
:1094600005F056FB05462C462046284A516805E083
:10947000CAB242F0800200F8012BC9097F29F7D84F
:1094800000F8011B04462046204A916805E0CAB254
:1094900042F0800200F8012BC9097F29F7D800F8B3
:1094A000011B04462046194A116905E0CAB242F080
:1094B000800200F8012BC9097F29F7D800F8011BA9
:1094C00004462046002105E0CAB242F0800200F8BE
:1094D000012BC9097F29F7D800F8011B044618227F
:1094E0002146284605F018FBF0B280F3118800BF32
:1094F00000BF0648406A10B10449486A8047FFF738
:10950000DFFCFFF76DFFFFF795FE70BD9CAE0020FE
:10951000598F0108C4AE002070B5EFF311800546E5
:10952000202080F3118800BF00BF0A4805F0F0FA40
:1095300004460948007838B10B222146204605F040
:10954000EBFA002004490870E8B280F3118800BFEC
:1095500000BF70BDC4AE00209CAE00202DE9F041DC
:109560000546EFF311800646202080F3118800BFE6
:1095700000BF194805F0CCFA074680222946384634
:1095800005F05CFA04462046012105E0CAB242F02B
:10959000800200F8012BC9097F29F7D800F8011BC8
:1095A00004462046002105E0CAB242F0800200F8DD
:1095B000012BC9097F29F7D800F8011B04461A229C
:1095C0002146384605F0A8FAF0B280F3118800BFB2
:1095D00000BFBDE8F0810000C4AE002010B5FB4B19
:1095E0001B681B6823F00103F84C24682360F84BC8
:1095F0001B681B6823F00103F54C2468236007E017
:10960000F24B1B681B6823F00103F04C24682360B5
:10961000EE4B1B681B6803F00103002BF0D107E041
:10962000EB4B1B681B6823F00103E94C24682360A3
:10963000E74B1B681B6803F00103002BF0D1E54BDF
:10964000DB6C1B68E44CA34275D9E24BDB6C1B68F6
:10965000E24CA34201D1202368E0DE4BDB6C1B68A7
:10966000DD4C483CA34201D120235FE0D94BDB6CA9
:109670001B68DA4C6034A34201D1202356E0D54B5D
:10968000DB6C1B68D44C1834A34201D120234DE07D
:10969000D04BDB6C1B68D14C1834A34201D1DB14D6
:1096A00044E0CC4BDB6C1B68CB4C303CA34201D17B
:1096B000DB143BE0C74BDB6C1B68C84C7834A3421F
:1096C00001D1DB1432E0C34BDB6C1B68C24C30347D
:1096D000A34201D1DB1429E0BE4BDB6C1B68BF4CFD
:1096E0003034A34202D14FF400131FE0B94BDB6CBE
:1096F0001B68B94C183CA34202D14FF4001315E08B
:10970000B44BDB6C1B68B54C9034A34202D14FF4D0
:1097100000130BE0AF4BDB6C1B68AF4C4834A3422B
:1097200002D14FF4001301E04FF00063AA4C4C3C0F
:10973000236076E1FFE7A74BDB6C1B68A74CA834DE
:10974000A34275D9A34BDB6C1B68A44CA34201D187
:10975000202369E09F4BDB6C1B689F4C483CA34275
:1097600001D1202360E09B4BDB6C1B689B4C603479
:10977000A34201D1202357E0964BDB6C1B68964C2B
:109780001834A34201D120234EE0924BDB6C1B68BE
:10979000924C1834A34201D1DB1445E08D4BDB6CB5
:1097A0001B688D4C303CA34201D1DB143CE0894B5B
:1097B000DB6C1B68894C7834A34201D1DB1433E0A5
:1097C000844BDB6C1B68844C3034A34201D1DB1426
:1097D0002AE0804BDB6C1B68804C3034A34202D102
:1097E0004FF4001320E07B4BDB6C1B687A4C183C79
:1097F000A34202D14FF4001316E0764BDB6C1B68DA
:10980000764C9034A34202D14FF400130CE0714B1C
:10981000DB6C1B68704C4834A34203D14FF4001337
:1098200002E005E04FF000636B4C503C2360F8E031
:10983000684BDB6C1B68694C4834A34275D9654B97
:10984000DB6C1B68654CA34201D1202368E0614BAF
:10985000DB6C1B68604C483CA34201D120235FE0D5
:109860005C4BDB6C1B685D4C6034A34201D1202350
:1098700056E0584BDB6C1B68574C1834A34201D19F
:1098800020234DE0534BDB6C1B68544C1834A3422F
:1098900001D1DB1444E04F4BDB6C1B684E4C303C79
:1098A000A34201D1DB143BE04A4BDB6C1B684B4C01
:1098B0007834A34201D1DB1432E0464BDB6C1B68E9
:1098C000454C3034A34201D1DB1429E0414BDB6C21
:1098D0001B68424C3034A34202D14FF400131FE006
:1098E0003C4BDB6C1B683C4C183CA34202D14FF450
:1098F000001315E0374BDB6C1B68384C9034A342E7
:1099000002D14FF400130BE0324BDB6C1B68324C7E
:109910004834A34202D14FF4001301E04FF000633A
:109920002E4C103CE3607CE0FFE72A4BDB6C1B68AD
:109930002A4CA34201D1202370E0264BDB6C1B682C
:10994000254C483CA34201D1202367E0214BDB6C2E
:109950001B68224C6034A34201D120235EE01D4BE2
:10996000DB6C1B681C4C1834A34201D1202355E04A
:10997000184BDB6C1B68194C1834A34201D1DB1463
:109980004CE0144BDB6C1B68134C303CA34201D100
:10999000DB1443E00F4BDB6C1B68104C7834A342A4
:1099A00001D1DB143AE00B4BDB6C1B680A4C303402
:1099B000A34201D1DB1431E0064BDB6C1B68074C82
:1099C0003034A3420CD14FF4001327E06022002072
:1099D000C0220020B02100205864024010600240E4
:1099E000F74BDB6C1B68F74CA34202D14FF400131A
:1099F00014E0F34BDB6C1B68F34CA34202D14FF431
:109A000000130BE0EE4BDB6C1B68EE4C6034A342A2
:109A100002D14FF4001301E04FF00063EA4CA03C88
:109A2000A360E74BDB6C1B68E64C1834A34274D987
:109A3000E34BDB6C1B68E44C903CA34201D1102348
:109A400066E0DF4BDB6C1B68DE4C303CA34201D18F
:109A500010235DE0DA4BDB6C1B68DB4C303CA3422F
:109A600001D1102354E0D64BDB6C1B68D54C30344D
:109A7000A34201D110234BE0D14BDB6C1B68D24CCD
:109A8000783CA34201D11B1542E0CD4BDB6C1B6837
:109A9000CC4C183CA34201D11B1539E0C84BDB6C00
:109AA0001B68C94C183CA34201D11B1530E0C44BC4
:109AB000DB6C1B68C34C4834A34201D11B1527E063
:109AC000BF4BDB6C1B68C04C603CA34202D14FF41F
:109AD00080131DE0BA4BDB6C1B68BA4CA34202D169
:109AE0004FF4801314E0B64BDB6C1B68B64CA342FA
:109AF00002D14FF480130BE0B14BDB6C1B68B14C0F
:109B00006034A34202D14FF4801301E04FF0806330
:109B1000AC4C343C236070E1FFE7A94BDB6C1B6865
:109B2000A94C1834A34274D9A54BDB6C1B68A64C16
:109B3000903CA34201D1102366E0A14BDB6C1B6873
:109B4000A04C303CA34201D110235DE09C4BDB6C68
:109B50001B689D4C303CA34201D1102354E0984B2C
:109B6000DB6C1B68974C3034A34201D110234BE0CF
:109B7000934BDB6C1B68944C783CA34201D11B15C2
:109B800042E08F4BDB6C1B688E4C183CA34201D12A
:109B90001B1539E08A4BDB6C1B688B4C183CA342CD
:109BA00001D11B1530E0864BDB6C1B68854C4834BB
:109BB000A34201D11B1527E0814BDB6C1B68824C53
:109BC000603CA34202D14FF480131DE07C4BDB6C60
:109BD0001B687C4CA34202D14FF4801314E0784BF5
:109BE000DB6C1B68784CA34202D14FF480130BE06E
:109BF000734BDB6C1B68734C6034A34202D14FF48F
:109C0000801301E04FF080636E4C383C2360F4E039
:109C1000FFE76B4BDB6C1B686B4C483CA34274D971
:109C2000674BDB6C1B68684C903CA34201D110234E
:109C300066E0634BDB6C1B68624C303CA34201D195
:109C400010235DE05E4BDB6C1B685F4C303CA34235
:109C500001D1102354E05A4BDB6C1B68594C303453
:109C6000A34201D110234BE0554BDB6C1B68564CD3
:109C7000783CA34201D11B1542E0514BDB6C1B68C1
:109C8000504C183CA34201D11B1539E04C4BDB6C06
:109C90001B684D4C183CA34201D11B1530E0484BCA
:109CA000DB6C1B68474C4834A34201D11B1527E0ED
:109CB000434BDB6C1B68444C603CA34202D14FF425
:109CC00080131DE03E4BDB6C1B683E4CA34202D16F
:109CD0004FF4801314E03A4BDB6C1B683A4CA34200
:109CE00002D14FF480130BE0354BDB6C1B68354C15
:109CF0006034A34202D14FF4801301E04FF080633F
:109D0000314CA03CE36078E0FFE72D4BDB6C1B6837
:109D10002D4C903CA34201D110236BE0284BDB6C0F
:109D20001B68284C303CA34201D1102362E0244B35
:109D3000DB6C1B68244C303CA34201D1102359E05A
:109D40001F4BDB6C1B681F4C3034A34201D1102326
:109D500050E01B4BDB6C1B681B4C783CA34201D1D1
:109D60001B1547E0164BDB6C1B68164C183CA342D6
:109D700001D11B153EE0124BDB6C1B68124C183CEA
:109D8000A34201D11B1535E00D4BDB6C1B680D4C5C
:109D90004834A34201D11B152CE0094BDB6C1B6836
:109DA000094C603CA34202D14FF4801322E0044BE3
:109DB000DB6C1B68034CA34208D14FF4801319E0FD
:109DC000B021002040640240A0600240F74BDB6CF1
:109DD0001B68F74CA34202D14FF480130AE0F34B07
:109DE000DB6C1B68F34CA34202D14FF4801301E0FB
:109DF0004FF08063EE4CA03CA360EC4BDB6C1B6827
:109E0000EC4C483CA34274D9E84BDB6C1B68E84C33
:109E1000903CA34201D1082366E0E44BDB6C1B6855
:109E2000E44C903CA34201D108235DE0DF4BDB6CA6
:109E30001B68DF4C303CA34201D1082354E0DB4BCC
:109E4000DB6C1B68DB4C303CA34201D108234BE0A8
:109E5000D64BDB6C1B68D64C783CA34201D15B151A
:109E600042E0D24BDB6C1B68D24C783CA34201D160
:109E70005B1539E0CD4BDB6C1B68CD4C183CA34225
:109E800001D15B1530E0C94BDB6C1B68C94C183C39
:109E9000A34201D15B1527E0C44BDB6C1B68C44CAB
:109EA000603CA34202D14FF400231DE0BF4BDB6CAA
:109EB0001B68C04C603CA34202D14FF4002313E066
:109EC000BA4BDB6C1B68BA4CA34202D14FF400239F
:109ED0000AE0B64BDB6C1B68B64CA34202D14FF4D0
:109EE000002301E04FF00073B24C943C236070E11A
:109EF000FFE7AE4BDB6C1B68AD4C1834A34274D942
:109F0000AA4BDB6C1B68AA4C903CA34201D10823EE
:109F100066E0A64BDB6C1B68A64C903CA34201D1CB
:109F200008235DE0A14BDB6C1B68A14C303CA342D5
:109F300001D1082354E09D4BDB6C1B689D4C303CE9
:109F4000A34201D108234BE0984BDB6C1B68984C73
:109F5000783CA34201D15B1542E0944BDB6C1B685B
:109F6000944C783CA34201D15B1539E08F4BDB6CFC
:109F70001B688F4C183CA34201D15B1530E08B4B22
:109F8000DB6C1B688B4C183CA34201D15B1527E0AE
:109F9000864BDB6C1B68864C603CA34202D14FF4BD
:109FA00000231DE0814BDB6C1B68824C603CA342AC
:109FB00002D14FF4002313E07C4BDB6C1B687C4C1C
:109FC000A34202D14FF400230AE0784BDB6C1B68FC
:109FD000784CA34202D14FF4002301E04FF000730C
:109FE000744C983C2360F4E0FFE7704BDB6C1B681B
:109FF0006F4C483CA34274D96C4BDB6C1B686C4CB7
:10A00000903CA34201D1082366E0684BDB6C1B68DF
:10A01000684C903CA34201D108235DE0634BDB6CAC
:10A020001B68634C303CA34201D1082354E05F4BD2
:10A03000DB6C1B685F4C303CA34201D108234BE032
:10A040005A4BDB6C1B685A4C783CA34201D15B1520
:10A0500042E0564BDB6C1B68564C783CA34201D166
:10A060005B1539E0514BDB6C1B68514C183CA3422B
:10A0700001D15B1530E04D4BDB6C1B684D4C183C3F
:10A08000A34201D15B1527E0484BDB6C1B68484CB1
:10A09000603CA34202D14FF400231DE0434BDB6C34
:10A0A0001B68444C603CA34202D14FF4002313E0F0
:10A0B0003E4BDB6C1B683E4CA34202D14FF40023A5
:10A0C0000AE03A4BDB6C1B683A4CA34202D14FF4D6
:10A0D000002301E04FF00073354CA03CE36078E0D2
:10A0E000FFE7324BDB6C1B68314C903CA34201D143
:10A0F00008236CE02D4BDB6C1B682E4C903CA3427C
:10A1000001D1082363E0294BDB6C1B68284C303CF1
:10A11000A34201D108235AE0244BDB6C1B68254C79
:10A12000303CA34201D1082351E0204BDB6C1B687B
:10A130001F4C783CA34201D15B1548E01B4BDB6C04
:10A140001B681C4C783CA34201D15B153FE0174BC8
:10A15000DB6C1B68164C183CA34201D15B1536E042
:10A16000124BDB6C1B68134C183CA34201D15B15EE
:10A170002DE00E4BDB6C1B680D4C603CA34202D102
:10A180004FF4002323E0094BDB6C1B68094C603C57
:10A19000A34202D14FF4002319E0044BDB6C1B688F
:10A1A000034CA34208D14FF4002310E0B02100205B
:10A1B000A0600240A0640240F84BDB6C1B68F84CC6
:10A1C000A34202D14FF4002301E04FF00073F54C9D
:10A1D000A360F24BDB6C1B68F14C483CA34275D981
:10A1E000EE4BDB6C1B68EF4C1034A34201D104230F
:10A1F00068E0EA4BDB6C1B68E94C903CA34201D160
:10A2000004235FE0E54BDB6C1B68E64C7034A34233
:10A2100001D1042356E0E14BDB6C1B68E04C303C81
:10A22000A34201D104234DE0DC4BDB6C1B68DD4C09
:10A230002834A34201D19B1544E0D84BDB6C1B684A
:10A24000D74C783CA34201D19B153BE0D34BDB6C50
:10A250001B68D44C8834A34201D19B1532E0CF4B0C
:10A26000DB6C1B68CE4C183CA34201D19B1529E046
:10A27000CA4BDB6C1B68CB4C4034A34202D14FF479
:10A2800080231FE0C54BDB6C1B68C54C603CA342C0
:10A2900002D14FF4802315E0C04BDB6C1B68C14C2E
:10A2A000A034A34202D14FF480230BE0BB4BDB6C04
:10A2B0001B68BB4CA34203D14FF4802302E005E0AE
:10A2C0004FF08073B64C943C236071E1B34BDB6C70
:10A2D0001B68B44CB834A34275D9B04BDB6C1B6817
:10A2E000B04C1034A34201D1042367E0AB4BDB6CCC
:10A2F0001B68AB4C903CA34201D104235EE0A74B0A
:10A30000DB6C1B68A74C7034A34201D1042355E0D9
:10A31000A24BDB6C1B68A24C303CA34201D104234E
:10A320004CE09E4BDB6C1B689E4C2834A34201D151
:10A330009B1543E0994BDB6C1B68994C783CA3421E
:10A3400001D19B153AE0954BDB6C1B68954C88342A
:10A35000A34201D19B1531E0904BDB6C1B68904C04
:10A36000183CA34201D19B1528E08C4BDB6C1B6889
:10A370008C4C4034A34202D14FF480231EE0874B23
:10A38000DB6C1B68864C603CA34202D14FF48023F7
:10A3900014E0824BDB6C1B68824CA034A34202D1D8
:10A3A0004FF480230AE07D4BDB6C1B687C4CA3429E
:10A3B00002D14FF4802301E04FF08073784C983C39
:10A3C0002360F5E0FFE7754BDB6C1B68754C583478
:10A3D000A34274D9714BDB6C1B68724C1034A342DE
:10A3E00001D1042368E06D4BDB6C1B686C4C903C26
:10A3F000A34201D104235FE0684BDB6C1B68694C0E
:10A400007034A34201D1042356E0644BDB6C1B681B
:10A41000634C303CA34201D104234DE05F4BDB6C25
:10A420001B68604C2834A34201D19B1544E05B4B70
:10A43000DB6C1B685A4C783CA34201D19B153BE076
:10A44000564BDB6C1B68574C8834A34201D19B15DB
:10A4500032E0524BDB6C1B68514C183CA34201D1DB
:10A460009B1529E04D4BDB6C1B684E4C4034A342DE
:10A4700002D14FF480231FE0484BDB6C1B68484C33
:10A48000603CA34202D14FF4802315E0434BDB6CC8
:10A490001B68444CA034A34202D14FF480230BE04C
:10A4A0003E4BDB6C1B683E4CA34203D14FF4802330
:10A4B00002E004E04FF080733A4CE36078E0374B01
:10A4C000DB6C1B68374C1034A34201D104236DE0D0
:10A4D000324BDB6C1B68324C903CA34201D104230D
:10A4E00064E02E4BDB6C1B682E4C7034A34201D110
:10A4F00004235BE0294BDB6C1B68294C303CA342F6
:10A5000001D1042352E0254BDB6C1B68254C283419
:10A51000A34201D19B1549E0204BDB6C1B68204C0A
:10A52000783CA34201D19B1540E01C4BDB6C1B68BF
:10A530001C4C8834A34201D19B1537E0174BDB6CD0
:10A540001B68174C183CA34201D19B152EE0134BFE
:10A55000DB6C1B68134C4034A34202D14FF48023C0
:10A5600024E00E4BDB6C1B680D4C603CA34202D117
:10A570004FF480231AE0094BDB6C1B68094CA034B4
:10A58000A34202D14FF4802310E0044BDB6C1B6824
:10A59000034CA34208D14FF4802307E0B0210020F0
:10A5A000A0640240006002404FF08073FE4CA36044
:10A5B000FE4BDB6C1B68FE4CA34276D9FB4BDB6C7D
:10A5C0001B68F94C1034A34201D1012369E0F74B19
:10A5D000DB6C1B68F64C483CA34201D1012360E0D0
:10A5E000F24BDB6C1B68F04C7034A34201D10123A9
:10A5F00057E0EE4BDB6C1B68ED4C1834A34201D1E5
:10A6000001234EE0E94BDB6C1B68E74C2834A34286
:10A6100001D1402345E0E54BDB6C1B68E44C303C4A
:10A62000A34201D140233CE0E04BDB6C1B68DE4CD5
:10A630008834A34201D1402333E0DC4BDB6C1B6840
:10A64000DB4C3034A34201D140232AE0D74BDB6CF2
:10A650001B68D54C4034A34202D14FF4803320E034
:10A66000D24BDB6C1B68D24C183CA34202D14FF496
:10A67000803316E0CD4BDB6C1B68CB4CA034A3427F
:10A6800002D14FF480330CE0C84BDB6C1B68C84C24
:10A690004834A34203D14FF4803302E005E04FF485
:10A6A0008003C34C4C3C23606EE1C04BDB6C1B68E9
:10A6B000BD4CB834A34276D9BC4BDB6C1B68BA4C9A
:10A6C0001034A34201D1012369E0B84BDB6C1B6855
:10A6D000B74C483CA34201D1012360E0B34BDB6C93
:10A6E0001B68B14C7034A34201D1012357E0AF4B3A
:10A6F000DB6C1B68AE4C1834A34201D101234EE041
:10A70000AA4BDB6C1B68A84C2834A34201D1402320
:10A7100045E0A64BDB6C1B68A54C303CA34201D145
:10A7200040233CE0A14BDB6C1B689F4C8834A34268
:10A7300001D1402333E09D4BDB6C1B689C4C3034D3
:10A74000A34201D140232AE0984BDB6C1B68964C56
:10A750004034A34202D14FF4803320E0934BDB6CB2
:10A760001B68934C183CA34202D14FF4803316E08F
:10A770008E4BDB6C1B688C4CA034A34202D14FF48F
:10A7800080330CE0894BDB6C1B68894C4834A34256
:10A7900003D14FF4803302E005E04FF48003844C92
:10A7A000503C2360F0E0814BDB6C1B687E4C5834DE
:10A7B000A34275D97D4BDB6C1B687B4C1034A342E4
:10A7C00001D1012369E0794BDB6C1B68784C483C74
:10A7D000A34201D1012360E0744BDB6C1B68724C17
:10A7E0007034A34201D1012357E0704BDB6C1B682E
:10A7F0006F4C1834A34201D101234EE06B4BDB6C4C
:10A800001B68694C2834A34201D1402345E0674BC3
:10A81000DB6C1B68664C303CA34201D140233CE01A
:10A82000624BDB6C1B68604C8834A34201D140232F
:10A8300033E05E4BDB6C1B685D4C3034A34201D1CE
:10A8400040232AE0594BDB6C1B68574C4034A34231
:10A8500002D14FF4803320E0544BDB6C1B68544C26
:10A86000183CA34202D14FF4803316E04F4BDB6C0F
:10A870001B684D4CA034A34202D14FF480330CE04E
:10A880004A4BDB6C1B684A4C4834A34203D14FF45B
:10A89000803302E004E04FF48003434CE36073E054
:10A8A000424BDB6C1B68404C1034A34201D10123A6
:10A8B00068E03E4BDB6C1B683D4C483CA34201D139
:10A8C00001235FE0394BDB6C1B68374C7034A342CB
:10A8D00001D1012356E0354BDB6C1B68344C183436
:10A8E000A34201D101234DE0304BDB6C1B682E4CA1
:10A8F0002834A34201D1402344E02C4BDB6C1B687D
:10A900002B4C303CA34201D140233BE0274BDB6C76
:10A910001B68254C8834A34201D1402332E0234BED
:10A92000DB6C1B68224C3034A34201D1402329E068
:10A930001E4BDB6C1B681C4C4034A34202D14FF40D
:10A9400080331FE0194BDB6C1B68194C183CA34289
:10A9500002D14FF4803315E0144BDB6C1B68124CB2
:10A96000A034A34202D14FF480330BE00F4BDB6CD9
:10A970001B680F4C4834A34202D14FF4803301E0EE
:10A980004FF48003084CA360084B9B6C1B68084C79
:10A99000A3427BD9054B9B6C1B68034C1034A3422C
:10A9A00008D120236EE0000000600240B0210020AA
:10A9B00058640240F74B9B6C1B68F74CA34201D1D3
:10A9C00020235FE0F34B9B6C1B68F44CA34201D146
:10A9D000202357E0EF4B9B6C1B68EF4C6034A34285
:10A9E00001D120234EE0EB4B9B6C1B68EB4C483CA9
:10A9F000A34201D1DB1445E0E64B9B6C1B68E64C9F
:10AA00001834A34201D1DB143CE0E24B9B6C1B6881
:10AA1000E24C1834A34201D1DB1433E0DD4B9B6CD4
:10AA20001B68DD4C7834A34201D1DB142AE0D94BFA
:10AA30009B6C1B68D94C303CA34202D14FF40013ED
:10AA400020E0D44B9B6C1B68D34C3034A34202D122
:10AA50004FF4001316E0CF4B9B6C1B68CF4C303487
:10AA6000A34202D14FF400130CE0CA4B9B6C1B684D
:10AA7000C94C9034A34203D14FF4001302E005E027
:10AA80004FF00063C44C241F23606AE1C14B9B6CF0
:10AA90001B68C24C4834A34274D9BE4B9B6C1B68E4
:10AAA000BE4C603CA34201D1202366E0B94B9B6CB5
:10AAB0001B68B94CA34201D120235EE0B54B9B6CCF
:10AAC0001B68B64CA34201D1202356E0B14B9B6CCE
:10AAD0001B68B14C6034A34201D120234DE0AD4B43
:10AAE0009B6C1B68AD4C483CA34201D1DB1444E095
:10AAF000A84B9B6C1B68A84C1834A34201D1DB14F3
:10AB00003BE0A44B9B6C1B68A44C1834A34201D1BE
:10AB1000DB1432E09F4B9B6C1B689F4C7834A34244
:10AB200001D1DB1429E09B4B9B6C1B689B4C303C98
:10AB3000A34202D14FF400131FE0964B9B6C1B689D
:10AB4000954C3034A34202D14FF4001315E0914BE1
:10AB50009B6C1B68914C3034A34202D14FF400131C
:10AB60000BE08C4B9B6C1B688B4C9034A34202D146
:10AB70004FF4001301E04FF00063874C083C236062
:10AB8000EFE0FFE7834B9B6C1B68844C183CA342AF
:10AB900074D9804B9B6C1B68804C603CA34201D1F4
:10ABA000202366E07B4B9B6C1B687B4CA34201D14E
:10ABB00020235EE0774B9B6C1B68784CA34201D14D
:10ABC000202356E0734B9B6C1B68734C6034A3428C
:10ABD00001D120234DE06F4B9B6C1B686F4C483CB0
:10ABE000A34201D1DB1444E06A4B9B6C1B686A4CA6
:10ABF0001834A34201D1DB143BE0664B9B6C1B680D
:10AC0000664C1834A34201D1DB1432E0614B9B6CDB
:10AC10001B68614C7834A34201D1DB1429E05D4B01
:10AC20009B6C1B685D4C303CA34202D14FF4001377
:10AC30001FE0584B9B6C1B68574C3034A34202D129
:10AC40004FF4001315E0534B9B6C1B68534C30348E
:10AC5000A34202D14FF400130BE04E4B9B6C1B68D8
:10AC60004D4C9034A34202D14FF4001301E04FF059
:10AC700000634A4C703CE36073E0FFE7454B9B6C1C
:10AC80001B68464C603CA34201D1202366E0414B47
:10AC90009B6C1B68404CA34201D120235EE03D4BDE
:10ACA0009B6C1B683D4CA34201D1202356E0394BDD
:10ACB0009B6C1B68384C6034A34201D120234DE0CB
:10ACC000344B9B6C1B68354C483CA34201D1DB14D0
:10ACD00044E0304B9B6C1B682F4C1834A34201D1CD
:10ACE000DB143BE02B4B9B6C1B682C4C1834A342B1
:10ACF00001D1DB1432E0274B9B6C1B68264C783467
:10AD0000A34201D1DB1429E0224B9B6C1B68234C2E
:10AD1000303CA34202D14FF400131FE01D4B9B6C4B
:10AD20001B681D4C3034A34202D14FF4001315E0D0
:10AD3000184B9B6C1B68194C3034A34202D14FF462
:10AD400000130BE0134B9B6C1B68134C9034A34215
:10AD500002D14FF4001301E04FF000630F4C703C40
:10AD6000A3600C4B9B6C1B680B4C4834A3427AD9F4
:10AD7000084B9B6C1B68094C603CA34201D110231B
:10AD80006DE0044B9B6C1B68034CA34208D110235D
:10AD900065E00000B02100201064024070600240B5
:10ADA000F74B9B6C1B68F74CA34201D1102356E074
:10ADB000F34B9B6C1B68F44CA34201D110234EE073
:10ADC000EF4B9B6C1B68EF4C483CA34201D11B1519
:10ADD00045E0EB4B9B6C1B68EB4C483CA34201D11C
:10ADE0001B153CE0E64B9B6C1B68E64C1834A342F9
:10ADF00001D11B1533E0E24B9B6C1B68E24C18340D
:10AE0000A34201D11B152AE0DD4B9B6C1B68DD4C76
:10AE1000303CA34202D14FF4801320E0D84B9B6C0E
:10AE20001B68D94C303CA34202D14FF4801316E08A
:10AE3000D34B9B6C1B68D34C3034A34202D14FF4EC
:10AE400080130CE0CE4B9B6C1B68CF4C3034A3427C
:10AE500003D14FF4801302E005E04FF08063CA4C49
:10AE6000643C23606AE1C64B9B6C1B68C54C48344C
:10AE7000A34274D9C24B9B6C1B68C24C603CA3427A
:10AE800001D1102366E0BE4B9B6C1B68BE4C603C3E
:10AE9000A34201D110235DE0B94B9B6C1B68B94CF8
:10AEA000A34201D1102355E0B54B9B6C1B68B64CF7
:10AEB000A34201D110234DE0B14B9B6C1B68B14CF8
:10AEC000483CA34201D11B1544E0AD4B9B6C1B6871
:10AED000AD4C483CA34201D11B153BE0A84B9B6CF9
:10AEE0001B68A84C1834A34201D11B1532E0A44BB7
:10AEF0009B6C1B68A44C1834A34201D11B1529E09C
:10AF00009F4B9B6C1B689F4C303CA34202D14FF47B
:10AF100080131FE09A4B9B6C1B689B4C303CA342F8
:10AF200002D14FF4801315E0954B9B6C1B68954C38
:10AF30003034A34202D14FF480130BE0904B9B6C52
:10AF40001B68914C3034A34202D14FF4801301E0CE
:10AF50004FF080638C4C683C2360EFE0FFE7884B48
:10AF60009B6C1B68874C183CA34274D9844B9B6C28
:10AF70001B68844C603CA34201D1102366E0804BE7
:10AF80009B6C1B68804C603CA34201D110235DE0A8
:10AF90007B4B9B6C1B687B4CA34201D1102355E07B
:10AFA000774B9B6C1B68784CA34201D110234DE07A
:10AFB000734B9B6C1B68734C483CA34201D11B151F
:10AFC00044E06F4B9B6C1B686F4C483CA34201D123
:10AFD0001B153BE06A4B9B6C1B686A4C1834A34200
:10AFE00001D11B1532E0664B9B6C1B68664C183414
:10AFF000A34201D11B1529E0614B9B6C1B68614C7E
:10B00000303CA34202D14FF480131FE05C4B9B6C99
:10B010001B685D4C303CA34202D14FF4801315E015
:10B02000574B9B6C1B68574C3034A34202D14FF4F2
:10B0300080130BE0524B9B6C1B68534C3034A34283
:10B0400002D14FF4801301E04FF080634D4C703C0F
:10B05000E36073E0FFE74A4B9B6C1B68494C603C24
:10B06000A34201D1102366E0454B9B6C1B68464C04
:10B07000603CA34201D110235DE0414B9B6C1B68F7
:10B08000404CA34201D1102355E03D4B9B6C1B6803
:10B090003D4CA34201D110234DE0394B9B6C1B6802
:10B0A000384C483CA34201D11B1544E0344B9B6C07
:10B0B0001B68354C483CA34201D11B153BE0304B8B
:10B0C0009B6C1B682F4C1834A34201D11B1532E036
:10B0D0002B4B9B6C1B682C4C1834A34201D11B15C5
:10B0E00029E0274B9B6C1B68264C303CA34202D1C5
:10B0F0004FF480131FE0224B9B6C1B68224C303CAA
:10B10000A34202D14FF4801315E01D4B9B6C1B68CA
:10B110001C4C3034A34202D14FF480130BE0184B87
:10B120009B6C1B68184C3034A34202D14FF480133F
:10B1300001E04FF08063134C703CA360104B9B6C9C
:10B140001B68114C183CA3427AD90D4B9B6C1B68B1
:10B150000C4C603CA34201D108236DE0084B9B6C72
:10B160001B68094C603CA34201D1082364E0044BF6
:10B170009B6C1B68034CA34208D108235CE00000D1
:10B18000B02100207060024070640240F74B9B6C5D
:10B190001B68F74CA34201D108234DE0F34B9B6C95
:10B1A0001B68F44CA34201D15B1545E0EF4B9B6C4F
:10B1B0001B68EF4C483CA34201D15B153CE0EB4BD4
:10B1C0009B6C1B68EB4C6034A34201D15B1533E0F0
:10B1D000E64B9B6C1B68E64C1834A34201D15B150F
:10B1E0002AE0E24B9B6C1B68E24C1834A34202D16C
:10B1F0004FF4002320E0DD4B9B6C1B68DC4C303CA3
:10B20000A34202D14FF4002316E0D84B9B6C1B687D
:10B21000D84C7834A34202D14FF400230CE0D34B36
:10B220009B6C1B68D24C3034A34203D14FF40023F3
:10B2300002E005E04FF00073CD4C643C23606AE10E
:10B24000CA4B9B6C1B68CB4C9034A34274D9C74B40
:10B250009B6C1B68C74C183CA34201D1082366E0D5
:10B26000C24B9B6C1B68C24C603CA34201D10823BB
:10B270005DE0BE4B9B6C1B68BE4C4834A34201D1C1
:10B28000082354E0B94B9B6C1B68B94CA34201D115
:10B2900008234CE0B54B9B6C1B68B64CA34201D114
:10B2A0005B1544E0B14B9B6C1B68B14C483CA3421E
:10B2B00001D15B153BE0AD4B9B6C1B68AD4C603422
:10B2C000A34201D15B1532E0A84B9B6C1B68A84CD4
:10B2D0001834A34201D15B1529E0A44B9B6C1B6879
:10B2E000A44C1834A34202D14FF400231FE09F4B1B
:10B2F0009B6C1B689E4C303CA34202D14FF4002350
:10B3000015E09A4B9B6C1B689A4C7834A34202D18F
:10B310004FF400230BE0954B9B6C1B68944C30342E
:10B32000A34202D14FF4002301E04FF00073904C90
:10B33000683C2360EFE0FFE78C4B9B6C1B688D4CF7
:10B340003034A34274D9894B9B6C1B68894C183CE0
:10B35000A34201D1082366E0844B9B6C1B68844C9C
:10B36000603CA34201D108235DE0804B9B6C1B68CD
:10B37000804C4834A34201D1082354E07B4B9B6CA2
:10B380001B687B4CA34201D108234CE0774B9B6C9C
:10B390001B68784CA34201D15B1544E0734B9B6C56
:10B3A0001B68734C483CA34201D15B153BE06F4BDB
:10B3B0009B6C1B686F4C6034A34201D15B1532E07B
:10B3C0006A4B9B6C1B686A4C1834A34201D15B1515
:10B3D00029E0664B9B6C1B68664C1834A34202D173
:10B3E0004FF400231FE0614B9B6C1B68604C303CAA
:10B3F000A34202D14FF4002315E05C4B9B6C1B6809
:10B400005C4C7834A34202D14FF400230BE0574B3D
:10B410009B6C1B68564C3034A34202D14FF400237E
:10B4200001E04FF00073534C283CE36073E0FFE70A
:10B430004E4B9B6C1B684F4C183CA34201D1082318
:10B4400066E04A4B9B6C1B68494C603CA34201D1AF
:10B4500008235DE0454B9B6C1B68464C4834A34277
:10B4600001D1082354E0414B9B6C1B68404CA34224
:10B4700001D108234CE03D4B9B6C1B683D4CA34223
:10B4800001D15B1544E0394B9B6C1B68384C483C40
:10B49000A34201D15B153BE0344B9B6C1B68354CE0
:10B4A0006034A34201D15B1532E0304B9B6C1B68CA
:10B4B0002F4C1834A34201D15B1529E02B4B9B6C18
:10B4C0001B682C4C1834A34202D14FF400231FE018
:10B4D000264B9B6C1B68264C303CA34202D14FF498
:10B4E000002315E0214B9B6C1B68224C7834A3424F
:10B4F00002D14FF400230BE01C4B9B6C1B681C4CCF
:10B500003034A34202D14FF4002301E04FF0007326
:10B51000184C283CA360154B9B6C1B68144C183CC2
:10B52000A3427AD9114B9B6C1B68124C183CA34266
:10B5300001D104236DE00D4B9B6C1B680C4C603CEF
:10B54000A34201D1042364E0084B9B6C1B68094CA7
:10B550004834A34201D104235BE0044B9B6C1B687D
:10B56000034CA34208D1042353E00000B021002083
:10B570007064024028600240F74B9B6C1B68F74CDC
:10B58000A34201D19B1544E0F34B9B6C1B68F44C28
:10B59000A34201D19B153CE0EF4B9B6C1B68EF4C29
:10B5A0006034A34201D19B1533E0EB4B9B6C1B68CD
:10B5B000EB4C6034A34201D19B152AE0E64B9B6C17
:10B5C0001B68E64C1834A34202D14FF4802320E0DC
:10B5D000E14B9B6C1B68E24C1834A34202D14FF440
:10B5E000802316E0DC4B9B6C1B68DC4C7834A34258
:10B5F00002D14FF480230CE0D74B9B6C1B68D84CD6
:10B600007834A34203D14FF4802302E005E04FF0E9
:10B610008073D34C1C3C23606AE1CF4B9B6C1B684E
:10B62000CE4C9034A34274D9CB4B9B6C1B68CB4C53
:10B63000183CA34201D1042366E0C74B9B6C1B68F6
:10B64000C74C183CA34201D104235DE0C24B9B6C64
:10B650001B68C24C4834A34201D1042354E0BE4BC2
:10B660009B6C1B68BE4C4834A34201D104234BE0C1
:10B67000B94B9B6C1B68B94CA34201D19B1543E0AD
:10B68000B54B9B6C1B68B64CA34201D19B153BE0AC
:10B69000B14B9B6C1B68B14C6034A34201D19B152C
:10B6A00032E0AD4B9B6C1B68AD4C6034A34201D1C2
:10B6B0009B1529E0A84B9B6C1B68A84C1834A3422F
:10B6C00002D14FF480231FE0A34B9B6C1B68A44C5A
:10B6D0001834A34202D14FF4802315E09E4B9B6C9B
:10B6E0001B689E4C7834A34202D14FF480230BE0B8
:10B6F000994B9B6C1B689A4C7834A34202D14FF44F
:10B70000802301E04FF08073954C203C2360EFE0F4
:10B71000FFE7914B9B6C1B68904C3034A34274D96B
:10B720008D4B9B6C1B688D4C183CA34201D10423AC
:10B7300066E0894B9B6C1B68894C183CA34201D185
:10B7400004235DE0844B9B6C1B68844C4834A3420B
:10B7500001D1042354E0804B9B6C1B68804C48341F
:10B76000A34201D104234BE07B4B9B6C1B687B4CB9
:10B77000A34201D19B1543E0774B9B6C1B68784C2F
:10B78000A34201D19B153BE0734B9B6C1B68734C30
:10B790006034A34201D19B1532E06F4B9B6C1B6858
:10B7A0006F4C6034A34201D19B1529E06A4B9B6C1E
:10B7B0001B686A4C1834A34202D14FF480231FE067
:10B7C000654B9B6C1B68664C1834A34202D14FF446
:10B7D000802315E0604B9B6C1B68604C7834A3425F
:10B7E00002D14FF480230BE05B4B9B6C1B685C4CDD
:10B7F0007834A34202D14FF4802301E04FF08073EC
:10B80000564C283CE36073E0FFE7534B9B6C1B688E
:10B81000524C183CA34201D1042366E04E4B9B6C72
:10B820001B684F4C183CA34201D104235DE04A4BF6
:10B830009B6C1B68494C4834A34201D1042354E05B
:10B84000454B9B6C1B68464C4834A34201D10423F2
:10B850004BE0414B9B6C1B68404CA34201D19B15B4
:10B8600043E03D4B9B6C1B683D4CA34201D19B15B3
:10B870003BE0394B9B6C1B68384C6034A34201D1D0
:10B880009B1532E0344B9B6C1B68354C6034A342F3
:10B8900001D19B1529E0304B9B6C1B682F4C183451
:10B8A000A34202D14FF480231FE02B4B9B6C1B68FB
:10B8B0002B4C1834A34202D14FF4802315E0264BC1
:10B8C0009B6C1B68254C7834A34202D14FF4802333
:10B8D0000BE0214B9B6C1B68214C7834A34202D1B6
:10B8E0004FF4802301E04FF080731C4C283CA36090
:10B8F000194B9B6C1B681A4C3034A3427AD9164BF7
:10B900009B6C1B68154C183CA34201D101236DE0D0
:10B91000114B9B6C1B68124C183CA34201D10123B4
:10B9200064E00D4B9B6C1B680C4C4834A34201D166
:10B9300001235BE0084B9B6C1B68094C4834A34215
:10B9400001D1012352E0044B9B6C1B68034CA342C2
:10B9500008D140234AE00000B021002028600240C6
:10B9600028640240E74B9B6C1B68E74CA34201D163
:10B9700040233BE0E34B9B6C1B68E44CA34201D1AA
:10B98000402333E0DF4B9B6C1B68DF4C6034A342E9
:10B9900001D140232AE0DB4B9B6C1B68DB4C483C0D
:10B9A000A34202D14FF4803320E0D64B9B6C1B683E
:10B9B000D54C1834A34202D14FF4803316E0D14B5A
:10B9C0009B6C1B68D14C1834A34202D14FF48033D6
:10B9D0000CE0CC4B9B6C1B68CB4C7834A34203D15E
:10B9E0004FF4803302E005E04FF48003C64C1C3C6A
:10B9F00023606AE1C34B9B6C1B68C44C3034A34288
:10BA000074D9C04B9B6C1B68C04C783CA34201D1DD
:10BA1000012366E0BB4B9B6C1B68BB4C183CA342EC
:10BA200001D101235DE0B74B9B6C1B68B74C183C00
:10BA3000A34201D1012354E0B24B9B6C1B68B24C72
:10BA40004834A34201D101234BE0AE4B9B6C1B68F1
:10BA5000AE4C603CA34201D1402342E0A94B9B6C19
:10BA60001B68A94CA34201D140233AE0A54B9B6C33
:10BA70001B68A64CA34201D1402332E0A14B9B6C32
:10BA80001B68A14C6034A34201D1402329E09D4BA7
:10BA90009B6C1B689D4C483CA34202D14FF4803301
:10BAA0001FE0984B9B6C1B68974C1834A34202D143
:10BAB0004FF4803315E0934B9B6C1B68934C183408
:10BAC000A34202D14FF480330BE08E4B9B6C1B687A
:10BAD0008D4C7834A34202D14FF4803301E04FF40F
:10BAE0008003894C203C2360EFE0FFE7854B9B6C93
:10BAF0001B68864C303CA34274D9824B9B6C1B68FC
:10BB0000824C783CA34201D1012366E07D4B9B6CC3
:10BB10001B687D4C183CA34201D101235DE0794BA9
:10BB20009B6C1B68794C183CA34201D1012354E063
:10BB3000744B9B6C1B68744C4834A34201D10123A5
:10BB40004BE0704B9B6C1B68704C603CA34201D176
:10BB5000402342E06B4B9B6C1B686B4CA34201D1B2
:10BB600040233AE0674B9B6C1B68684CA34201D1B1
:10BB7000402332E0634B9B6C1B68634C6034A342F0
:10BB800001D1402329E05F4B9B6C1B685F4C483C14
:10BB9000A34202D14FF480331FE05A4B9B6C1B68C9
:10BBA000594C1834A34202D14FF4803315E0554B61
:10BBB0009B6C1B68554C1834A34202D14FF4803360
:10BBC0000BE0504B9B6C1B684F4C7834A34202D166
:10BBD0004FF4803301E04FF480034C4C883CE36029
:10BBE00073E0FFE7474B9B6C1B68484C783CA342D3
:10BBF00001D1012366E0434B9B6C1B68424C183C0F
:10BC0000A34201D101235DE03E4B9B6C1B683F4C7E
:10BC1000183CA34201D1012354E03A4B9B6C1B68B2
:10BC2000394C4834A34201D101234BE0354B9B6C86
:10BC30001B68364C603CA34201D1402342E0314BAB
:10BC40009B6C1B68304CA34201D140233AE02D4B42
:10BC50009B6C1B682D4CA34201D1402332E0294B41
:10BC60009B6C1B68284C6034A34201D1402329E01F
:10BC7000244B9B6C1B68254C483CA34202D14FF4DB
:10BC800080331FE01F4B9B6C1B681F4C1834A34272
:10BC900002D14FF4803315E01A4B9B6C1B681B4C90
:10BCA0001834A34202D14FF480330BE0154B9B6C48
:10BCB0001B68154C7834A34202D14FF4803301E065
:10BCC0004FF48003114C883CA360114B1B68D96072
:10BCD000104B1B68D8600E4B1B685A600D4B1B68DD
:10BCE0005A600B4B1B681B6843F00103084C246827
:10BCF0002360084B1B681B6843F00103054C246854
:10BD0000236010BDB02100202864024088600240FA
:10BD100060220020C022002010B5594B1B685B68D0
:10BD200043F00203564C24686360554B1B685B6804
:10BD300043F00103524C24686360514B1B681B683D
:10BD400043F040034E4C246823604E4B1B681B6835
:10BD500023F001034B4C2468236007E0494B1B6828
:10BD60001B6823F00103474C24682360454B1B6884
:10BD70001B6803F00103002BF0D1424B1B68424CBF
:10BD8000A34205D94FF400133F4C4C3C23601BE009
:10BD90003C4B1B683D4CA34205D94FF400133A4C71
:10BDA000503C236010E0374B1B68384C603CA3428A
:10BDB00005D94FF40013354CB83CE36004E04FF470
:10BDC0000013324CB83CA360314B2E4C2468A36066
:10BDD0002C4B1B68D9602B4B1B685A60294B1B6886
:10BDE0001B6843F01003274C24682360294B1B6811
:10BDF0001B6823F00103274C2468236007E0254BD0
:10BE00001B681B6823F00103224C24682360214B2C
:10BE10001B681B6803F00103002BF0D11D4B1B684E
:10BE2000194CA34205D94FF00063174C4C3C2360DA
:10BE30001BE0184B1B68154CA34205D94FF000635B
:10BE4000114C503C236010E0124B1B680F4C603CBF
:10BE5000A34205D94FF000630C4CB83CE36004E00A
:10BE60004FF00063094CB83CA360094B094C2468AF
:10BE7000A360084B1B68D860064B1B685A6010BD56
:10BE8000B02100206022002058640240B8600240C7
:10BE90000C300140C022002010B582B00446154885
:10BEA000DFF854C00068B0FBFCF04FF47A7C00FB74
:10BEB0000CF001906068B0F5827F0ED10B460092C5
:10BEC00000228021204600F019F880B1606D40F01A
:10BED0002000606502B0032010BD019838B10198C0
:10BEE000401E01902068806810F0800FF5D102B0EC
:10BEF000002010BD0802002000366E012DE9F84335
:10BF000004460F4690469946089DF7F7A3FF401B4D
:10BF1000A9EB0005F7F79EFF06462D480068C0F321
:10BF2000CB30684300902068806837EA00000ED06C
:10BF30000020404546D0B9F1FF3F3BD0F7F78AFFDC
:10BF4000801BA84205D225B1009870B32FE00120D4
:10BF5000EFE72068416821F0E00141606068B0F5DA
:10BF6000827F0BD1A068B0F5004F02D0B0F5806F92
:10BF700004D12068016821F040010160A06AB0F599
:10BF8000005F09D12068016821F400510160206838
:10BF9000016841F400510160012084F85100002043
:10BFA00084F850000320BDE8F883FFE700250098DF
:10BFB000401E00902068806837EA000005D000200D
:10BFC0004045B8D10020BDE8F8830120F8E7000023
:10BFD000080200202DE9F84305460C4616461F4688
:10BFE000DDF82080052221A12046F4F7AAFA08B93D
:10BFF000BDE8F8831F480068082803D31E48FDF7F2
:10C00000ADFAF5E71B48006800EB80001B4941F8DA
:10C0100020501848006800EB800001EB800044606D
:10C020001448006800EB800001EB80008660114836
:10C03000006800EB800001EB8000C7600D480068DD
:10C0400000EB800001EB8000C0F810800948006818
:10C05000401C084908603B46324621462846CDF838
:10C06000008000F00DF800BFC2E7000049444C45D5
:10C0700000000000C40300203C980108A8AF002085
:10C080002DE9F04186B004460D4616461F46DDF800
:10C090003080142101A8F4F740FB01940295039627
:10C0A0000497CDF8148001A8FDF714F906B0BDE897
:10C0B000F08110B5F8F786FA0AF088FE012803D05F
:10C0C000BDE810400AF0D2BA10BD000030B593B000
:10C0D0000024089409940A940B9401940294039404
:10C0E000049405941D48016841F080510160006886
:10C0F00000F0805000901A48016841F480410160CE
:10C10000006800F480400090012006900004079031
:10C1100002250C9580010D9006200E90A8200F900E
:10C1200010950720119006A8F9F75EFA08B1F6F706
:10C1300048F90F200190029503944FF4A050049009
:10C140004FF480500590052101A8F9F731F9002836
:10C1500001D0F6F736F913B030BD00004038024088
:10C16000007000401448006840F4700012490860F4
:10C170001248006840F001001049086000200F4993
:10C18000083108600D4800680D4908400B490860F7
:10C190000C48091D0860081F006820F48020091F52
:10C1A0000860002005490C3108604FF0006002492A
:10C1B000803908607047000088ED00E000380240D8
:10C1C000FFFFF6FE10300024F0B402682C4B2D4C1B
:10C1D0002D4D2E4EDFF8B8C098420AD0B0F1804FF6
:10C1E00007D0A04205D0A84203D0B04201D060459C
:10C1F00003D122F070024F683A43984228D0B0F140
:10C20000804F25D0A04223D0A84221D0B0421FD0D9
:10C2100060451DD0A0F18044B4F5A03418D0A0F141
:10C220008044B4F5A23413D0A0F18044B4F5A43412
:10C230000ED0A0F18044B4F5C05409D0A0F18044E0
:10C24000B4F5E05404D0A0F18044B4F5005403D117
:10C2500022F44072CC6822434C6922F080022243CF
:10C2600002608A68C2620A688262984201D06045B0
:10C2700001D10969016301214161F0BC70470000EF
:10C28000000001400004004000080040000C004095
:10C290000004014001F01F0101238B40D0F820C0B1
:10C2A0002CEA03030362036A02FA01F119430162F3
:10C2B0007047D0F808C02CF47F4C42EA03221143A7
:10C2C00041EA0C0181607047826822F070021143DC
:10C2D00041F007018160704770B4026A22F00102E8
:10C2E0000262036A4268D0F818C02CF0700C2CF07F
:10C2F000030C0C6844EA0C0C23F002038C68234303
:10C300000F4C104DA04201D0A84205D123F00803E4
:10C31000CE68334323F00403A04201D0A84207D1E2
:10C3200022F4807222F400724C6922438C69224309
:10C330004260C0F818C049684163036270BC70472E
:10C34000000001400004014070B4026A22F01002B3
:10C350000262036A4268D0F818C02CF4E04C2CF456
:10C36000407C0C684CEA042C23F020038C6843EAE0
:10C370000413114C114DA04201D0A84206D123F064
:10C380008003CE6843EA061323F04003A04201D0A5
:10C39000A84209D122F4806222F400624C6942EA88
:10C3A00084028C6942EA84024260C0F818C049687D
:10C3B0008163036270BC70470000014000040140CB
:10C3C00070B4026A22F480720262036A4268D0F892
:10C3D0001CC02CF0700C2CF0030C0C6844EA0C0C04
:10C3E00023F400738C6843EA0423114C114DA042DE
:10C3F00001D0A84206D123F40063CE6843EA0623A5
:10C4000023F48063A04201D0A84209D122F48052D3
:10C4100022F400524C6942EA04128C6942EA041286
:10C420004260C0F81CC04968C163036270BC7047B9
:10C43000000001400004014010B4026A22F480525E
:10C440000262D0F820C04268C36923F4E04323F4B9
:10C4500040730C6843EA04232CF4005C8C684CEABB
:10C46000043CA0F18044B4F5803404D0A0F18044B1
:10C47000B4F5823404D122F480424C6942EA841239
:10C480004260C36149680164C0F820C010BC7047B5
:10C49000036AD0F820C02CF0010CC0F820C0D0F8FE
:10C4A00018C02CF0F00C4CEA021223F00A031943D6
:10C4B000826101627047036A23F010030362D0F8BF
:10C4C00018C0036A2CF4704C4CEA023223F0A0032B
:10C4D00043EA011182610162704700002DE9F041D9
:10C4E000044620680169E26821F44051114301616A
:10C4F0002169A068E269084361691143014320682A
:10C50000C26822F4037222F414421143C16020680D
:10C510004169A26921F44071114341612068A0F191
:10C520008041B1F588312ED0A0F18041B1F58A313A
:10C5300029D0F9F701F88446E16900201927254D33
:10C540003226B1F5004F22D06068830F8200ACFB29
:10C550000701F3F77FFF0146A5FB002040097A425F
:10C56000424301EB820106EB0111A5FB01214909C0
:10C5700001F0F00202EB001001F00F010844216805
:10C580008860BDE8F081F8F7E7FF8446D4E761688A
:10C590004A1840EB0003ACFB0701F3F75BFF0346CF
:10C5A000A5FB0010410918460A016FF01803594312
:10C5B00000EB810006EBC000A5FB0010400900F075
:10C5C000F80102EB410100F007000844216888608F
:10C5D000BDE8F0811F85EB5108B54B480068006845
:10C5E00000F0200060B100BF0020009046480068C5
:10C5F00000680090444800684068009000BF82E0F6
:10C600004248006800F0100000287CD000BF0020E5
:10C6100000903D480068006800903B480068406812
:10C62000009000BF00BF3848806B0068006800F4CD
:10C63000002098BB3448806B0068006820F001003F
:10C640003149896B096808602F48806B0068406831
:10C65000C0F138002E49088038202B49896B0968C1
:10C6600048602948806B0068006840F40020264933
:10C67000896B096808602448806B0068006840F096
:10C6800001002149896B09680860214800881C283D
:10C6900039D12049204809F02DFC34E0FFE71A4841
:10C6A000806B0068006820F001001749896B0968F9
:10C6B00008601548806B00684068C0F13800144974
:10C6C000088038201049896B096848600E48806BE3
:10C6D0000068006820F400200B49896B0968086035
:10C6E0000948806B0068006840F001000649896BCA
:10C6F00009680860064800881C2804D105490648D6
:10C70000383009F0F7FB08BDD024002000100140AC
:10C710005E010020C21600202816002008B55248ED
:10C720000068006800F0200060B100BF00200090A9
:10C730004D480068006800904B48006840680090D1
:10C7400000BF90E04948006800F010000028F8D0D1
:10C7500000BF0020009044480068006800904248F4
:10C7600000684068009000BF00BF41480068006852
:10C7700000F40020E0BB3E480068006820F00100A3
:10C780003B49096808603A4800684068C0F12400E5
:10C7900038490880364800684068C0F12A0008809F
:10C7A0002A2033490968486031480068006840F42D
:10C7B00000202F49096808602D480068006840F093
:10C7C00001002B49096808602A48008815284AD1C9
:10C7D00029480078A92846D127484078532842D1D3
:10C7E0002649254808F012FB002004F083F83AE0BF
:10C7F000FFE71F480068006820F001001C49096835
:10C8000008601B4800684068C0F12400194908808E
:10C81000174800684068C0F12A0008802A2014499F
:10C82000096848601648806A20F40020144988622C
:10C830000F480068006840F001000D490968086071
:10C840000C48008815280ED10B480078A9280AD179
:10C8500009484078532806D10849074808F0D6FA15
:10C86000002004F047F808BD1425002000480040CF
:10C870005C2600205C010020BC15002091150020E2
:10C880000060024008B54348006800F0100000282E
:10C890007FD000BF002000903F48006800680090F3
:10C8A0003D4800684068009000BF00BF3A48806B78
:10C8B0000068006800F40020A8BB3748806B00685F
:10C8C000006820F001003449896B0968086032482B
:10C8D000806B00684068C0F50070304908804FF4F4
:10C8E00000702D49896B096848602B48806B00688F
:10C8F000006840F400202849896B096808602648D0
:10C90000806B0068006840F001002349896B09686A
:10C910000860224802882249224805F075F809205B
:10C9200003F0E8FF35E0FFE71B48806B0068006814
:10C9300020F001001849896B096808601648806B6F
:10C9400000684068C0F50070144908804FF400701A
:10C950001149896B096848600F48806B006800685E
:10C9600020F400200C49896B096808600A48806B34
:10C970000068006840F001000749896B0968086099
:10C98000064802880849074805F03EF8092003F0E8
:10C99000B1FF08BD001401405825002032010020DD
:10C9A0001C0B00201C0F00201C0D002070B5D0F8BF
:10C9B000C822D0F8D43200EB8303D3F8C032002B66
:10C9C00028D001F00F0C0CEB8C0400EB8405002642
:10C9D000AC6954B10CEBCC0C02EB8C02D2F848C021
:10C9E000B4FBFCF20CFB1242B2B1C3F81462D0F8F3
:10C9F000D42200EB8200D0F8C402D0F810C0BCF101
:10CA0000000F05D00A4603F50471D3F80802E04789
:10CA1000002070BD032070BDAE6100231A4600F0F7
:10CA2000FFFEF5E770B50446D4F8D40204EB8000AD
:10CA3000D0F8C052002D12D0204600F0CDFDC5F830
:10CA40000C02D4F8D412D5F8040204EB8101D1F819
:10CA5000C412CA6805F503719047002070BD032019
:10CA600070BD000070B50446224D2046297800F0C4
:10CA7000C2FC2878002600F00F0000EB800004EBD9
:10CA8000800086846978204600F0B5FC687800F064
:10CA90000F0000EB800004EB8000A0F86461A9782F
:10CAA000204600F0A8FCA87800F00F0000EB800002
:10CAB00004EB80008684C684D4F8D40204EB8000A2
:10CAC000D0F8C01299B1D0F8C40240688047D4F8B9
:10CAD000D40204EB8000D0F8C00201F034F9D4F89D
:10CAE000D40204EB8000C0F8C062C4F8BC6200202D
:10CAF00070BD00002003002010B5D0F8D41200EB68
:10CB00008100D0F8C042002C10D0D0F8C41259B126
:10CB100094F80002FF2807D08B6894F80122214680
:10CB20009847FF2084F80002002010BD032010BDAC
:10CB30000A210180004870472403002070B5064692
:10CB400082210C4800F0BAFB05460121094800F09B
:10CB5000B5FB04468121074800F0B0FB0DB1102160
:10CB6000A971402104B1A18000B1818043203080AF
:10CB7000004870BD3003002070B5064682210D4884
:10CB800000F09CFB054601210A4800F097FB044693
:10CB90008121084800F092FB0DB11021A9714FF4DA
:10CBA000007104B1A18000B1818043203080014830
:10CBB00070BD00003003002070B5064682210C488D
:10CBC00000F07CFB05460121094800F077FB044694
:10CBD0008121074800F072FB0DB11021A97140219D
:10CBE00004B1A18000B1818043203080004870BD35
:10CBF000300300202DE9F04704464FF4077001F0A0
:10CC0000A3F805464FF00008002D63D04FF40771DC
:10CC10002846F3F782FDD4F8D40204EB8000C0F874
:10CC2000C052C4F8BC52207C0127494E4FF0100975
:10CC3000002858D0402302223178204600F03BFDE6
:10CC4000307800F00F0000EB800004EB8000878458
:10CC5000402302227178204600F02DFD707800F00C
:10CC60000F0000EB800004EB8000A0F86471B07846
:10CC700000F00F0000EB800004EB8000A0F826908D
:10CC800008230322B178204600F015FDB07800F0AB
:10CC90000F0000EB800004EB80008784C5F804825D
:10CCA000D4F8D40204EB8000D0F8C40200688047B6
:10CCB000C5F81482C5F81882D5F80422002A3CD0A1
:10CCC000207CC8B340237178204600F000FD00208E
:10CCD000BDE8F087D4F8D40204EB8000C0F8C0822D
:10CCE0000220BDE8F0874FF400730222317820461D
:10CCF00000F0E1FC307800F00F0000EB800004EB66
:10CD0000800087844FF4007302227178204600F07F
:10CD1000D2FC707800F00F0000EB800004EB800084
:10CD2000A0F86471B07800F00F0000EB800004EB15
:10CD30008000A0F82690A3E702E00220BDE8F0877B
:10CD40004FF400737178204600F0C1FCBFE700008B
:10CD50002003002010B5D0F8D41200EB8101D1F8E7
:10CD6000C01200290CD0027CDFF82CC052B1D1F8DF
:10CD7000042240239CF8011000F0A9FC002010BD03
:10CD8000032010BDD1F804224FF400739CF8011069
:10CD900000F09DFCF2E7000020030020002907D0EE
:10CDA000D0F8D42200EB8200C0F8C41200207047F3
:10CDB00003207047D0F8D42200EB8200D0F8C002E4
:10CDC000002803D0C0F804120020704703207047E9
:10CDD000D0F8D43200EB8300D0F8C002002805D090
:10CDE000C0F80812C0F810220020704703207047D6
:10CDF000F0B583B006460C46D6F8D40206EB8000A8
:10CE0000D0F8C0720021029101910025002F0DD0B1
:10CE1000217811F060023BD0202A0AD0214630460A
:10CE200000F09FF8032503B02846F0BD03B00320AF
:10CE3000F0BDE28812B311F0800F10D0D0F8C40218
:10CE400094F801C03946836860469847E288072A0B
:10CE500000D907223946304600F0A9F8E3E76078A8
:10CE600087F80002E088402800D34020C2B287F84B
:10CE700001223946304600F080F8D4E7D0F8C402E9
:10CE800094F801C000228368214660469847CAE7AB
:10CE9000607858B10128C6D00A2817D00B2825D0B1
:10CEA0002146304600F05DF80325BCE796F89C0269
:10CEB000032805D02146304600F053F80325B2E799
:10CEC000022201A9304600F072F8ACE796F89C0205
:10CED000032805D02146304600F043F80325A2E799
:10CEE000012202A9304600F062F89CE796F89C0205
:10CEF000032898D02146304600F033F8032592E706
:10CF000010B50024D0F8B8225268904700B103242D
:10CF1000204610BD90F89C22012A05D0022A03D099
:10CF2000032A01D000F01DB84988012904D100214D
:10CF3000C0F8A41200F048B87047002070470020E5
:10CF4000704710B513460A46002100F0C0FB0020D0
:10CF500010BD10B513460A46002100F061FC002008
:10CF600010BD10B504468021204600F03EFC20464E
:10CF7000BDE81040002100F038BC10B50323C0F814
:10CF80009432C0F85821C0F85C2113460A460021AB
:10CF900000F09DFB002010BD10B50521C0F89412D3
:10CFA00000231A46194600F092FB002010BD10B570
:10CFB0000223C0F894328261C26113460A460021FE
:10CFC00000F02EFC002010BD10B50421C0F8941212
:10CFD00000231A46194600F023FC002010BD000073
:10CFE00010B5002806D00A46054906A000F0B2F99F
:10CFF000034810BD0A46024902A000F0ABF9F7E76A
:10D000008431002043444320436F6E66696700000B
:10D0100012200880004870475002002010B50028F8
:10D0200006D00A46054906A000F094F9034810BD51
:10D030000A46024902A000F08DF9F7E7843100208A
:10D0400043444320496E7465726661636500000065
:10D0500004200880004870474C02002010B50A46A2
:10D06000024903A000F076F9004810BD8431002089
:10D0700053544D6963726F656C656374726F6E694A
:10D080006373000010B5002806D00A46054906A0C3
:10D0900000F060F9034810BD0A46024902A000F002
:10D0A00059F9F7E78431002053544D333220566943
:10D0B000727475616C20436F6D506F727400000064
:10D0C00010B51A200880F5F79DFA014810BD000040
:10D0D00064020020CA88012A01D0FFF742BF90F8FD
:10D0E0009C22012A05D0022A03D0032A08D0FFF788
:10D0F00038BF00218160012200F10801FFF757BF0E
:10D100000122011DFFF753BF2DE9F84304460F46E6
:10D1100000200090002600257888010A082970D296
:10D12000DFE801F0AB040C22ABAB8B9AD4F8B4125D
:10D13000207C0A68694690470646A3E0207C4FF0B1
:10D14000020840B1D4F8B802C16A6846884706466A
:10D1500086F8018096E0D4F8B802816A684688476C
:10D16000064686F801808DE0C0B206285FD2DFE86F
:10D1700000F0031221303F4FD4F8B402426822B1CC
:10D18000207C6946904706467CE039462046FFF7FA
:10D19000E8FE012576E0D4F8B402826822B1207C52
:10D1A0006946904706466DE039462046FFF7D9FEAE
:10D1B000012567E0D4F8B402C26822B1207C694638
:10D1C000904706465EE039462046FFF7CAFE012535
:10D1D00058E0D4F8B402026922B1207C6946904735
:10D1E00006464FE039462046FFF7BBFE012549E0E1
:10D1F000D4F8B40242692AB1207C694690470646B9
:10D2000040E03AE039462046FFF7ABFE012539E021
:10D21000D4F8B402826922B1207C69469047064660
:10D2200030E039462046FFF79CFE01252AE03946CA
:10D230002046FFF796FE012524E0207C28B13946E0
:10D240002046FFF78EFE01251CE0D4F8B802416BA2
:10D2500068468847064615E0207C28B139462046B6
:10D26000FFF77FFE01250DE0D4F8B802016B684698
:10D27000884706460721717004E039462046FFF7CB
:10D2800070FE0125002D0CD1FA8892B1BDF8000086
:10D2900048B1824200D90246009231462046FFF74B
:10D2A00086FEBDE8F88339462046FFF75AFEBDE802
:10D2B000F8832046FFF788FEBDE8F88378B50E4670
:10D2C000054600246A88297828468A4212D90091A6
:10D2D0008A420FD9694600F01BF84178052904D12C
:10D2E0000446A178B14205D000246988BDF8002029
:10D2F0009142EFD8204678BD00210278002A05D05F
:10D30000491CC9B2401C0278002AF9D1084670476E
:10D310000A8803781A440A8001780844704790F814
:10D320009C22012A05D0022A03D0032A01D0FFF74C
:10D3300018BECA88022A01D0FFF713BE0121C160BE
:10D34000D0F8A41209B10321C160022200F10C013E
:10D35000FFF72DBE70B50D46164600281BD00446BB
:10D360002046FFF7C9FF022101EB400030803078F2
:10D370002870032068700222207800280BD000213A
:10D380002078A854641C501CC0B22954401CC2B25E
:10D3900020780028F4D170BD01460020002906D075
:10D3A000012905D0022905D0032905D003207047A3
:10D3B00003207047012070470320704700280FD0DA
:10D3C0000023C0F8B832C0F8C432C0F8D03209B176
:10D3D000C0F8B412012180F89C12027000F000B96C
:10D3E0000320704710B5D0F8C802F7F72DFABDE852
:10D3F0001040FFF7D1BF10B5D0F8C802F7F7FFF91A
:10D40000BDE81040FFF7C8BF70B504460B46944610
:10D41000002B09D043F080012046FFF78EFDFF2846
:10D420005ED000284CD05BE004F11400D4F89412D4
:10D43000002502293BD18268C1688A420CD9521A60
:10D44000826061462046FFF784FD00231A46194694
:10D45000204600F03CF92AE0914214D1406888420D
:10D4600011D3D4F8981288420DD2002211462046DA
:10D47000FFF76FFDC4F8985200231A46194620465C
:10D4800000F025F913E094F89C02032808D1D4F8A1
:10D49000B802C16821B1C4F8D452C1682046884797
:10D4A0008021204600F0A1F92046FFF775FD94F891
:10D4B000A00220B1204600F0F2F984F8A0520FE05B
:10D4C00094F89C1203290BD1D4F8B8124A693AB1E6
:10D4D000C4F8D4024A69194620469047002800D172
:10D4E000002070BD10B504460B4694460022002B68
:10D4F00009D003F07F012046FFF71FFDFF2857D01A
:10D50000002840D054E004F5AA70D4F894120329FE
:10D510004ED1C268816891420AD98A1A8260C06875
:10D52000824200D3024661462046FFF70AFD3FE0F3
:10D5300094F8AA0210F01F0006D0012806D0022895
:10D540000AD0002070B11AE00020FBE794F8AE1278
:10D550002046FFF7F4FCF5E794F8AE122046FFF7FB
:10D56000ECFCEFE794F89C12032908D1D4F8B81228
:10D570000A6922B1C4F8D4020969204688472046C6
:10D58000FFF722FD14E094F89C1203290DD1D4F882
:10D59000B812D1F818C0BCF1000F06D0C4F8D402FC
:10D5A0008A6919462046904702460AB1104610BDC6
:10D5B000002010BD0020704710B50024012180F824
:10D5C0009C12D0F8B822002A04D052680179904702
:10D5D00000B10324204610BDD0F8C802F7F762B9A5
:10D5E00010B50178002927D11449C1F80805C0F801
:10D5F000C8124FF0A0400860042048600222CA60B0
:10D60000002008618A61C86108624862C8620863D4
:10D610000846F7F7B8FC08B1F4F7D3FE80210748B5
:10D62000F7F799F8402200210448F7F798F880228C
:10D6300001210248F7F793F8002010BD782C002054
:10D6400011F0800F01F07F01D0F8C80201EBC10199
:10D6500000EB810002D090F83E00704790F87E0207
:10D66000704710B5D0F8D42200EB8202D2F8B8226D
:10D67000002A04D090F89C32032B02D004E003204F
:10D6800010BD126A02B19047002010BD10B5D0F84D
:10D69000D42200EB8202D2F8B822002A04D090F8FB
:10D6A0009C32032B02D004E0032010BD526A02B169
:10D6B0009047002010BD10B59C461346D0F8C80214
:10D6C0006246F7F7F8F8BDE81040FFF765BE10B501
:10D6D000D0F8C802F7F71DF9BDE81040FFF75CBEAF
:10D6E0002DE9F04104460025012684F89C620020C3
:10D6F000C4F894026060C4F8A40284F8A002D4F8CC
:10D70000B802002806D0426822B100212046904786
:10D7100000B103250022402311462046FFF7CBFF2E
:10D72000A4F864614027C4F860714023002280217E
:10D730002046FFF7C0FFA68427622846BDE8F08197
:10D7400090F89C12042903D190F89D1280F89C1245
:10D750000020704710B590F89C12032905D1D0F82D
:10D76000B81211B1C96901B18847002010BD017418
:10D770000020704710B5D0F8C802F7F706FDBDE8E5
:10D780001040FFF709BE10B5044604F2AA2000F0CD
:10D7900050F80120C4F89402B4F8B002C4F898021A
:10D7A00094F8AA1211F01F000AD001280FD0022805
:10D7B00014D02046BDE8104001F0800100F015B8FB
:10D7C00004F2AA212046BDE8104000F023B904F27B
:10D7D000AA212046BDE8104000F06EBA04F2AA214A
:10D7E0002046BDE8104000F050B910B5D0F8C8028E
:10D7F000F7F7B2F8BDE81040FFF7CEBD10B5D0F88E
:10D80000C802F7F7DDFCBDE81040FFF7C5BD90F892
:10D810009C1280F89D12042180F89C120020704711
:10D8200010B5D0F8C802F7F7D1F8BDE81040FFF7FF
:10D83000B3BD0A780270491C0A784270491C0A7804
:10D840004B1C1B7842EA03224280891C0A784B1C3D
:10D850001B7842EA032282808A78C97842EA012151
:10D86000C180704738B5044600200090002914D0CC
:10D87000C4F8B812D4F8D40204EB8000D0F8B8028F
:10D88000C16A19B168468847C4F8D002D4F8D802F2
:10D89000401CC4F8D802002038BD032038BD002049
:10D8A000704770B504468888002821D1C888F8B927
:10D8B000488880281CD200F07F0594F89C02032839
:10D8C0000DD084F89E5229462046FFF753FF20468C
:10D8D000FFF77AFB45B1022084F89C0270BD204618
:10D8E000BDE87040FFF73DBB012084F89C0270BD8D
:10D8F0002046BDE87040FFF734BB03460020D3F854
:10D90000B822002A02D0126818461047704700005B
:10D910002DE9F04104460F460025334EB9783170A9
:10D92000012906D939462046FFF71BFB0320BDE835
:10D93000F08194F89C024FF0020802280DD00328D1
:10D9400025D039462046FFF70CFB31782046FFF7FB
:10D95000D7FA03252846BDE8F081A1B161602046D1
:10D96000FFF7CBFF0546280006D039462046FFF7D3
:10D97000F8FA84F89C82EDE72046FFF725FB0320A8
:10D9800084F89C02E6E72046FFF71EFBE2E7C9B1F8
:10D990006068884224D0C1B22046FFF7B1FA3178DE
:10D9A00061602046FFF7A9FF0546280014D03946DC
:10D9B0002046FFF7D6FA21792046FFF7A1FA84F82E
:10D9C0009C82C7E784F89C8261602046FFF798FA42
:10D9D0002046FFF7F9FABDE72046FFF7F5FAB9E769
:10D9E0002046FFF7F1FAB5E71C0300204A88012A18
:10D9F00003D0022A06D0FFF7B4BA0121C0F8A4125E
:10DA0000FFF7E2BA8988090A80F8A012FFF7DCBAAA
:10DA1000FFF7F4BE10B500240A7812F0600211D0AE
:10DA2000202A05D0402A03D0FFF79BFA204610BDDC
:10DA3000D0F8D42200EB8202D2F8B8229268904744
:10DA40000446F3E74A780A2A1CD2DFE802F01218EB
:10DA50001B151B08051B0F0BFFF756FBE6E7FFF72F
:10DA600020FFE3E7FFF754FF0446DFE7FFF732FB51
:10DA7000DCE7FFF754FCD9E7FFF7B8FFD6E7FFF77D
:10DA800049FAD3E7FFF76DFAD0E72DE9F0410546F3
:10DA90000E4600273479307810F060001ED0202820
:10DAA00008D0402806D031462846FFF75AFA3846B3
:10DAB000BDE8F08121462846FFF73FFAFF28F6D05F
:10DAC0000028F4D1C5F8D402D5F8B8028268002A3B
:10DAD000EDD03146284690470746E8E770780028A1
:10DAE00072D0012831D0032804D031462846FFF7F0
:10DAF00038FADCE795F89C02022806D0032815D0F6
:10DB000031462846FFF72DFAD1E754B1802C08D0D2
:10DB100021462846FFF769FE80212846FFF765FE6B
:10DB2000C5E731462846FFF71CFAC0E7708840B9C0
:10DB30003CB1802C05D0F08818B921462846FFF763
:10DB400054FE2846FFF740FAB1E795F89C020228F8
:10DB500006D0032815D031462846FFF702FAA6E77B
:10DB600054B1802C08D021462846FFF73EFE802184
:10DB70002846FFF73AFE9AE731462846FFF7F1F9C3
:10DB800095E77088002892D114F07F0F03D02146CA
:10DB90002846FFF727FC2846FFF716FA21462846B5
:10DBA000FFF7CBF9FF2882D0002880D1C5F8D40236
:10DBB000D5F8B8028268002A3FF479AF314628468A
:10DBC0009047074673E7FFE795F89C024FF000087F
:10DBD000022806D0032827D031462846FFF7C1F98E
:10DBE00065E734B1802C04D031462846FFF7B9F9F7
:10DBF0005DE714F0800F08D004F07F0000EB800098
:10DC000005EB800000F1140107E004F07F0000EB59
:10DC1000800005EB800000F5AA71C1F800800222A7
:10DC20002846FFF7C4F942E714F0800F0CD004F047
:10DC30000F0000EB800005EB8000808C68B9314656
:10DC40002846FFF78EF932E704F00F0000EB800062
:10DC500005EB8000B0F8640158B114F0800F0DD0CE
:10DC600004F07F0000EB800005EB800000F114065B
:10DC70000CE031462846FFF774F918E704F07F00FE
:10DC800000EB800005EB800000F5AA764CB1802CFB
:10DC900007D021462846FFF7D3FC28B10120306089
:10DCA00004E0C6F8008001E0C6F800800222314698
:10DCB0002846FFF77CF9FAE670B505460E460024C3
:10DCC000307810F0600009D0202807D0402805D017
:10DCD00031462846FFF745F9204670BD95F89C026D
:10DCE000012808D0022806D0032804D0314628464F
:10DCF000FFF737F9F0E7B088C1B201291ED8C1B2E9
:10DD00002846FFF71CF9FF2800D048B10324F0880B
:10DD10000028E1D1002CDFD12846FFF755F9DBE7D9
:10DD2000D5F8B8128A683AB1C5F8D4028A68314683
:10DD3000284690470446EAE70324E8E731462846A8
:10DD4000FFF70FF9C8E7704700487047582A0020CE
:10DD500010B40A784C784FF0010C02F00F030CFA63
:10DD600003F3012C0DD0D0F81CC84CEA0343C0F8D3
:10DD70001C3800EB4210D0F8002B12F4004F22D0D8
:10DD80002EE0D0F81CC89BB24CEA0303C0F81C3844
:10DD900000EB4210D0F8003913F4004F20D1D0F836
:10DDA0000039B1F80CC00979CCF30A0C890443EAB4
:10DDB0000C0341EA8251194341F4004141F0805182
:10DDC000C0F800190CE0D0F8002B8B890979C3F357
:10DDD0000A031A43044B43EA81411143C0F8001B74
:10DDE00010BC00207047000000800010D0F800191F
:10DDF0006FF30A01C0F80019D0F8041841F48071DB
:10DE0000C0F80418002070470FB410B504460898F5
:10DE100001281AD0E06840F04000E060204600F0A1
:10DE200033F80C9951B3A16B21F48031A1630699A9
:10DE3000012907D1A16841F00601A160A16841F064
:10DE40002001A16010BC5DF814FBA06B20F48030B1
:10DE5000A063E06820F0400020F48400E060E06807
:10DE600020F44010E0600F98012803D1E06840F4EE
:10DE70008010E060204600F007F8D8E7A16B41F47D
:10DE80008031A163D3E7000081B0002300931149E2
:10DE9000009A521C0092009A8A4202D9032001B0D3
:10DEA0007047026912F0004FF2D00093026942F00D
:10DEB00001020261009A521C0092009A8A4202D921
:10DEC000032001B07047026912F0010FF2D1002067
:10DED00001B07047400D030010B491F801C00A78FA
:10DEE000012300EB4212BCF1010F2FD0D2F800CB7E
:10DEF0001CF0004F0BD0D2F800CB4CF0006CC2F8F5
:10DF000000CBD2F800CB4CF0804CC2F800CBD0F85C
:10DF10003CC80C7804F00F0403FA04F42CEA044C17
:10DF2000C0F83CC8D0F81CC8097801F00F0103FA0A
:10DF300001F12CEA0141C0F81C18D2F8000B1B4972
:10DF40000840C2F8000B10BC00207047D2F800C98E
:10DF50001CF0004F0BD0D2F800C94CF0006CC2F896
:10DF600000C9D2F800C94CF0804CC2F800C9D0F802
:10DF70003CC80C7804F00F0403FA04F4A4B22CEAB1
:10DF8000040CC0F83CC8D0F81CC8097801F00F0197
:10DF900003FA01F189B22CEA0101C0F81C18D2F889
:10DFA000000903490840C2F80009CCE70078F3EF04
:10DFB000007833ECD0F8001E21F00301C0F8001EF9
:10DFC000D0F8041821F00201C0F8041800207047AE
:10DFD000D0F8001E21F00301C0F8001ED0F804188C
:10DFE00041F00201C0F80418002070470FB4F0B5EA
:10DFF000044600250020002604EB8001C1F80461DE
:10E00000401C0F28F8D3109800283AD0A06B20F4B9
:10E010000011A163A06B40F40021A163C4F8006E5D
:10E02000D4F80018C4F800180B9801283CD003213C
:10E03000204600F02EFC1021204600F059FB00B1D4
:10E040000125204600F02EFB00B10125C4F8106820
:10E05000C4F81468C4F81C68002006994FF00062E8
:10E060004FF090434FF67F3C002936D904EB401126
:10E07000D1F8007917F0004F25D008B3C1F8003966
:10E0800023E0D4F8040840F00201C4F80418A06B9F
:10E0900040F40011A163A06B20F40021A163A06BE8
:10E0A00020F48021A163B9E7089820B1012120461E
:10E0B00000F0EFFBBFE70021204600F0EAFBBAE7E3
:10E0C000C4F8002901E0C1F80069C1F81069C1F87D
:10E0D00008C9401C06998142C8D800200699002929
:10E0E00017D904EB4011D1F8007B17F0004F06D090
:10E0F00010B1C1F8003B04E0C4F8002B01E0C1F806
:10E10000006BC1F8106BC1F808CB401C0699814226
:10E11000E7D8D4F8100820F48071C4F81018A6616C
:10E120006FF080406061099818B9A06940F0100054
:10E13000A061A0690A490843A0610C9818B1A069C0
:10E1400040F00800A0611098012805D1A06940F0B6
:10E15000040040F08040A0612846F0BC5DF814FB4C
:10E1600000383C80816821F0010181600020704707
:10E1700030B491F800C04C780B78012C00EB4313BD
:10E1800024D0D3F8100B6FF31200C3F8100BD3F8A0
:10E19000100B6FF3DC40C3F8100B886908B1C86836
:10E1A0008861C868C861D3F8100B40F40020C3F838
:10E1B000100BD3F8100BD1F81CC0CCF3120C40EAB2
:10E1C0000C00C3F8100B012A5CD05FE08C69B4B37B
:10E1D000D3F810496FF31204C3F81049D3F810496B
:10E1E0006FF3DC44C3F810498D69CC68A54200D9AF
:10E1F0008C61D3F8104944F40024C3F81049D3F8D3
:10E2000010498D69C5F312052C43C3F81049012A42
:10E2100029D000EB4C12D2F8003943F00443C2F885
:10E2200000398A696AB3D0F834280978012301F0EB
:10E230000F0103FA01F11143C0F834182CE0FFE795
:10E24000D3F810496FF3DC44C3F81049D3F81049F0
:10E2500044F40024C3F81049D3F810496FF31204B2
:10E26000C3F81049D3E7496919B100EB4C12C2F861
:10E27000141900EB4C10D0F8001941F00441C0F81B
:10E28000001909E0086908B1C3F8140BD3F8000BB2
:10E2900040F00440C3F8000B30BC00207047000081
:10E2A000036CDFF858C0634506D9D0F8003B13F083
:10E2B000004F01D0002070470023C0F8103BD0F879
:10E2C000103B43F40023C0F8103BD0F8103B43F060
:10E2D0001803C0F8103BD0F8103B43F0C043C0F81F
:10E2E000103B012907D1C0F8142BD0F8001B41F0D6
:10E2F0008021C0F8001B0020704700000A30544FF6
:10E300004A780B78012A00EB43100BD0D0F8002B91
:10E3100022F40012C0F8002B0979032914D0022935
:10E3200012D017E0D0F8002922F40012C0F800291A
:10E330000979032901D002290CD1D0F8001941F044
:10E340008051C0F8001905E0D0F8001B41F0805161
:10E35000C0F8001B002070470A784B780978012B21
:10E3600000EB411005D0D0F8001B11F0004F13D086
:10E3700019E0D0F8001911F0004F06D12AB1D0F8F9
:10E38000001921F08041C0F80019D0F8001941F4BB
:10E390000011C0F800190CE02AB1D0F8001B21F0E0
:10E3A0008041C0F8001BD0F8001B41F40011C0F8F8
:10E3B000001B0020704778B591F800C04D780B78AD
:10E3C0006FF0604400EB4313012D2FD0D3F810CB36
:10E3D0006FF3120CC3F810CBD3F810CB6FF3DC4CF7
:10E3E000C3F810CBD1F818C0BCF1000F7DD0CD68B8
:10E3F000AC44ACF1010CBCFBF5FC1FFA8CFC05FB3A
:10E400000CF5CD61D3F8105B04EACC4C45EA0C0C5A
:10E41000C3F810CBD3F810CBCC69C4F312044CEA88
:10E42000040CC3F810CB012A7DD0BDE08D6925B363
:10E43000D3F810596FF31205C3F81059D3F81059D7
:10E440006FF3DC45C3F810598E69CD682E44761EF3
:10E45000B6FBF5F504EAC544D3F810592C43C3F8CC
:10E460001049D3F810498D69C5F312052C43C3F840
:10E4700010490C79012C13D01EE0D3F810496FF32A
:10E48000DC44C3F81049D3F8104944F40024C3F81D
:10E490001049D3F810496FF31204C3F810490BE088
:10E4A000D3F8104924F0C044C3F81049D3F81049F8
:10E4B00044F00054C3F81049012A1DD000EB4C135E
:10E4C000D3F800C94CF0044CC3F800C991F804C05B
:10E4D000BCF1010F3AD08A69002A79D0D0F83428EB
:10E4E0000978012301F00F0100E049E003FA01F18E
:10E4F0001143C0F834186BE04A691AB100EB4C13B1
:10E50000C3F81429097901290CD1D0F8081811F49D
:10E51000807F12D000EB4C11D1F8002942F08052DC
:10E52000C1F8002900E03BE000EB4C10D0F80019E6
:10E5300041F00441C0F800194AE000EB4C11D1F859
:10E54000002942F00052C1F80029EBE7D0F808C8D2
:10E550001CF4807F0DD0D3F800C94CF0805CC3F868
:10E5600000C900920A8B93B20A78096900F012FA86
:10E570002EE0D3F800C94CF0005CC3F800C9F0E706
:10E58000D3F810CBCC68C4F312044CEA040CC3F8E3
:10E5900010CBD3F810CB4CF4002CC3F810CB42E7CF
:10E5A0000A690AB1C3F8142B097901290AD1D0F8F4
:10E5B000080810F4807F0DD0D3F8000B40F0805095
:10E5C000C3F8000BD3F8000B40F00440C3F8000B75
:10E5D000002078BDD3F8000B40F00050C3F8000BCA
:10E5E000F0E718B40022009294460A784C7800EBC9
:10E5F000421342F21072012C1CD0D3F8004B14F0DD
:10E60000004F45D0D3F8004B44F00064C3F8004BF2
:10E610000B7800EB4313D3F8004B44F08044C3F86D
:10E62000004B009B5B1C0093009B934228D94FF04A
:10E63000010C2DE0D3F8004914F0004F28D0D3F896
:10E64000004944F00064C3F800490B7800EB431321
:10E65000D3F8004944F08044C3F80049009B5B1C98
:10E660000093009B934202D94FF0010C10E00B780D
:10E6700000EB4313D3F8003913F0004FEED107E05D
:10E680000B7800EB4313D3F8003B13F0004FC8D1D5
:10E6900018BC60467047816841F00101816000202C
:10E6A0007047000081B0002300931049009A521C6B
:10E6B0000092009A8A4202D9032001B07047026991
:10E6C00012F0004FF2D0009310220261009A521C07
:10E6D0000092009A8A4202D9032001B07047026971
:10E6E00012F0100FF2D1002001B07047400D03006E
:10E6F00081B04FF0000CCDF800C0124A009B5B1CAB
:10E700000093009B934202D9032001B07047036934
:10E7100013F0004FF2D0CDF800C0202343EA81115E
:10E7200001610099491C00910099914202D903208E
:10E7300001B07047016911F0200FF2D1002001B043
:10E7400070470000400D0300D0F8080800F00600F4
:10E75000002805D0022805D0062803D00F207047D6
:10E760000020704702207047406900F001007047A8
:10E77000D0F81818D0F81C08084080B27047D0F8BC
:10E780001818D0F81C080840000C7047D0F8102862
:10E79000D0F8343801F00F0C23FA0CF303F0010326
:10E7A00042EAC31200EB4110D0F80809104070474C
:10E7B00000EB4111D1F8081BD0F81408084070474D
:10E7C000416980690840704730B484460846930820
:10E7D00002F003010022002B07D90CF580542568B4
:10E7E0000560001D521C9A42F9D300290ED0002268
:10E7F0004FF4805353F80CC0D3002CFA03F303708A
:10E80000521C401C491E89B20029F5D130BC70470A
:10E8100070B505460024E86820F0C040E860012992
:10E8200002D089B1012070BDE86840F00050E86076
:10E830000120F5F7B5F8641C2846FFF795FF01287D
:10E8400010D0322CF4D30DE0E86840F08040E8604E
:10E850000120F5F7A5F8641C2846FFF785FF08B1ED
:10E86000322CF5D3322C01D0002070BD012070BDB8
:10E87000D0F8002822F4FE62C0F80028D0F8002862
:10E880004FF4FE6303EA01111143C0F800180020A1
:10E890007047D0F800281143C0F8001800207047D6
:10E8A000022A0FD0002A54D00921C26822F47052E3
:10E8B000C260C2684FF4705303EA81211143C16002
:10E8C00000207047244A254B0A449A4201D20F2166
:10E8D000EBE7234A234B0A449A4201D20E21E4E794
:10E8E000A1F57402204BA2F510529A4201D20D21DB
:10E8F000DBE7A1F183721D4BA2F5E7429A4201D2F8
:10E900000C21D2E71A4A1B4B0A449A4201D20B212E
:10E91000CBE7194A194B0A449A4201D20A21C4E7AB
:10E92000174A184B0A449A4201D20921BDE7A1F1C6
:10E93000B772154BA2F558529A4201D20821B4E79A
:10E94000124A1144124A914201D20721ADE7062131
:10E95000ABE70921A9E70000405327FF00350C0071
:10E96000401E1BFF40420F00804F120020D61300B4
:10E9700060B6E5FE60E3160000D3CEFE40771B00D4
:10E98000C05BB3FEC091210020753800E05459FEF1
:10E99000E09C4100DDF800C0BCF1000F12D1DB1C8F
:10E9A0004FEA930C0023BCF1000F0BD900EB0230AF
:10E9B00000F5805208681060481C801C411C5B1CDC
:10E9C0006345F7D300207047FEE7000070B5144C94
:10E9D000A8212046F1F7A1FE03202061606111A06B
:10E9E000A0611349E1614FF4806121620021A162BD
:10E9F0006162E1620BA020660E4961661021A1668A
:10EA000000212167E1666167002505E0C5F10F007F
:10EA10000949085C60556D1C102DF7D370BD0000CE
:10EA2000E4A500205465726D696E616C0000000001
:10EA30008CA600208CAA0020488F010870B50C46D7
:10EA40000346401C802A00D9802203E011F8015BB4
:10EA500000F8015B151EA2F1010202D00D78002D15
:10EA6000F4D10D1B1D7070BD38B52849087E0122F8
:10EA70006946F9F7C5FF0446002C45D09DF8000013
:10EA800005281ED008DC01280FD0022810D003284A
:10EA900011D004282CD111E0062815D0072816D053
:10EAA0007F2824D0802823D114E0FAF7B7FC2AE08D
:10EAB000FAF732FD27E0FAF703FA24E0FAF790FCC0
:10EAC00021E0FAF755F81EE0FAF7B4FB1BE0FAF77D
:10EAD0009FFB18E00D49087E01226946F9F790FF77
:10EAE00004461CB19DF80000FAF738FB0BE00AE081
:10EAF0009DF80000802805DB0449087E0122694654
:10EB0000F9F77EFF00BF00BF38BD00009CAE0020BB
:10EB10000146C81D704700002DE9F04705460F4625
:10EB2000144672480078012800D10FE06F48007841
:10EB300000B9BCE06D480078022806D100F0DCF88E
:10EB40006A480078012800D0B1E000BF202C06D22E
:10EB50006648C0690121A140084000B1A7E0182C17
:10EB600003D2681E0546047078E07E1B7F2E0BD909
:10EB7000C6F3C711681E05460170F0B240F080016F
:10EB8000681E0546017002E0681E054606707F2C6F
:10EB900003D2681E0546047060E0B4F5804F0BD2C6
:10EBA000C4F3C711681E05460170E0B240F0800151
:10EBB000681E0546017051E0B4F5001F12D2C4F37F
:10EBC0008731681E05460170802040EAD410C1B22A
:10EBD000681E05460170E0B240F08001681E0546DF
:10EBE00001703BE0B4F1805F19D2C4F34751681E55
:10EBF00005460170802040EA9430C1B2681E054687
:10EC00000170802040EAD410C1B2681E0546017030
:10EC1000E0B240F08001681E054601701EE0210F41
:10EC2000681E05460170802040EA5450C1B2681E3B
:10EC300005460170802040EA9430C1B2681E054646
:10EC40000170802040EAD410C1B2681E05460170F0
:10EC5000E0B240F08001681E054601702448D0F8FB
:10EC600004802248C068A8EB000A3846514605E0F7
:10EC7000CAB242F0800200F8012BC9097F29F7D8F7
:10EC800000F8011B07467A1B184948782946F9F70E
:10EC90000BFF8146B9F1000F03D01448C0F80C8077
:10ECA00004E012480078401C1049087000BF0F486B
:10ECB000007E00EB40010F4800EBC100C1680B482B
:10ECC000007E00EB40020B4800EBC2000069081A0E
:10ECD0000AD00648807838B9012004498870FFF7C7
:10ECE000C3FE002001498870BDE8F0879CAE00207B
:10ECF000001000E044A60020FEB501208DF80000C1
:10ED00000DF1010630461C4A516905E0CAB242F0D5
:10ED1000800200F8012BC9097F29F7D800F8011BF0
:10ED20000646164844681448C068271A30463946D3
:10ED300005E0CAB242F0800200F8012BC9097F2920
:10ED4000F7D800F8011B06466946721A0A49487846
:10ED50006946F9F7A9FE054635B10748C460007851
:10ED6000401E0549087004E003484069401C024900
:10ED700048612846FEBD00009CAE0020001000E067
:10ED80004100080218BF04200A0E18BF40F001001D
:10ED90004FF07F4232EA010108BF40F00200012833
:10EDA00008BF05207047EFF3108070470000000097
:10EDB00010B5B94A2DED020B2DED0C8B82B00F99D9
:10EDC00021F000409FEDB6CB90422CDBA0F14053E8
:10EDD0000E9AA3F17F631A430FD0B349884202DC35
:10EDE00016D10E98A0B19DED0E0B02B0BDEC0C8BB0
:10EDF00002B0BDE8104000F086BD0029C1BF9FED04
:10EE0000AC0B02B0BDEC0C8B02B0C8BF10BD16E05D
:10EE10000120F1F7B1FC02B0BDEC0C8B02B0BDE8F3
:10EE2000104000F07DBDA44A9FEDA59B9FEDA6ABD1
:10EE300090425EDAA6499FEDA8CB814208DBB0EE96
:10EE40004C0AF0EE6C0A02B0BDEC0C8B02B010BDA7
:10EE50009DED0E0B53EC102B51EC100B08F062FEE5
:10EE600041EC180B9E480621B0EE480AF0EE680A05
:10EE7000784400F0CCFC53EC182B51EC100B08F04C
:10EE800051FE41EC1B0B9748B0EE480AF0EE680AC1
:10EE90000421784400F0BBFC53EC182B51EC100B10
:10EEA00008F040FE53EC192B08F0ECFA41EC100B83
:10EEB00051EC1B0B53EC102B08F016FC41EC100B23
:10EEC00053EC102B9DED0E0B51EC100B08F02AFEAD
:10EED00053EC1A2B08F0F6FF9DED0E1B53EC112B93
:10EEE00008F0F0FF53EC1C2B08F0ECFF41EC100B8A
:10EEF000A9E79FED7D8B9FED7EBB9DED0E0B00295D
:10EF000053EC192B51EC100B52DA08F0BBFA53EC0E
:10EF1000182B08F007FE41EC180B77480621B0EEDD
:10EF2000480AF0EE680A784400F071FC53EC182BA4
:10EF300051EC100B08F0F6FD41EC1D0B6F48B0EEE4
:10EF4000480AF0EE680A0421784400F060FC53ECB3
:10EF5000182B51EC100B08F0E5FD53EC192B08F0C1
:10EF600091FA41EC190B51EC180B06F019FB41EC2E
:10EF7000180B53EC192B51EC1D0B08F0B5FB53EC9F
:10EF8000182B08F0CFFD53EC1A2B09F0C7F841EC11
:10EF9000100B51EC180B53EC102B08F073FA53ECD8
:10EFA0001B2B08F0BFFD53EC1C2B08F08BFF6DE012
:10EFB00008F088FF53EC182B08F0B4FD41EC180B57
:10EFC00006F0EEFA41EC1A0B00208DED00AB00903C
:10EFD0009DED000B51EC1A0B53EC102B08F052FA7C
:10EFE0009DED000B41EC1C0B53EC102B51EC100B66
:10EFF00008F098FD53EC182B08F064FF53EC1C2B21
:10F0000008F072FB41EC1C0B3D48B0EE480AF0EEF4
:10F01000680A0621784400F0FAFB53EC182B51ECF7
:10F02000100B08F07FFD41EC1D0B3648B0EE480A8E
:10F03000F0EE680A0421784400F0E9FB53EC182B49
:10F0400051EC100B08F06EFD53EC192B08F01AFA76
:10F0500041EC100B51EC1D0B53EC102B08F044FB52
:10F0600053EC1A2B08F05EFD53EC1C2B08F00AFA47
:10F0700041EC100B53EC102B9DED000B51EC100BE1
:10F0800008F000FA53EC1B2B08F04CFD41EC100B80
:10F09000D9E60000000000000000F03F0000000082
:10F0A000182D4454FB2109400000F07F00000000AF
:10F0B00000000000000000000000E03F0000000031
:10F0C000000000000000F03F075C143326A6913CCE
:10F0D0000000603C00000000182D4454FB21F93F63
:10F0E0001CA900002AA90000000000000000E03F69
:10F0F000000000000000004066A8000074A80000A6
:10F1000078A7000086A7000010B54FF00E402DED47
:10F11000028BB0EE408A18EE104A00EB4400B0F1CA
:10F12000506F4AD84FF0FC40B0EB440F22D2B0EE03
:10F13000C80AF7EE000A30EEC00AF6EE000A60EEEA
:10F14000208A18EE900A06F062FA01EE100A14F016
:10F15000004F1DBFDFED2D0A9FED2D0AB1EE411AC4
:10F16000DFED2C0A08BF9FED2C0AF8EE001A21EE05
:10F17000218A05E0DFED290A68EE088AB0EE600A10
:10F180009FED271ADFED271A30EE080A48EE811AA4
:10F190009FED251A08EEA11ADFED241A48EE811A18
:10F1A0009FED231A08EEA11A68EE281ABDEC028B17
:10F1B00001EE810A30EE200A10BD4FF0E440B0EBC2
:10F1C000440F0CD918EE100AFFF7DAFD042808BF27
:10F1D00000F0C4FBB0EE480ABDEC028B10BD4FF04E
:10F1E0007F40B0EB440F07D2B0EE480ABDEC028B73
:10F1F000BDE8104000F0A4BB0120F1F7BDFABDEC62
:10F20000028BBDE8104000F0A1BB00000000C9BFA8
:10F2100022AAFDB90000C93F22AAFD390000000062
:10F2200024FE1C3DC78AD83C1E67383D1B93993D80
:10F23000AFAA2A3E70B54FF068422DED048BF0EE78
:10F24000408A18EE900AB0EE608A18EE101A02EBAF
:10F250004003B3F1654F3CBF02EB4102B2F1654F91
:10F260007DD200BFC0F3C753C1F3C7529A1A1B2AFD
:10F2700009DD10F0004F14BF9FED830A9FED830A54
:10F28000BDEC048B70BD12F11A0F36DA11F0004F8D
:10F2900009D010F0004F0CBF9FED7D0A9FED7D0A55
:10F2A000BDEC048B70BD88EE889A19EE100AFFF74A
:10F2B00067FD042808BF00F051FB18EE900AFFF725
:10F2C0005FFD054618EE100AFFF75AFD044619EED9
:10F2D000100AFFF755FD042D18BF052D08D1042C89
:10F2E00018BF052C04D1002804BF0220F1F744FA0E
:10F2F000B0EE490ABDEC048B70BD4200B2EB410F89
:10F300003AD910F0004F19BFDFED630A9FED630A91
:10F31000DFED630A9FED630AB0EE481A0A46B1EECC
:10F32000688A80F00041F0EE418A10460A1A5200C5
:10F33000B2F1807F34D2484010F0004FDFED5A1A0E
:10F340009FED5A2A1DBFBEEE001A70EEE10A30EEA4
:10F35000420AB6EE001A08BF70EEA10A00E040E0D3
:10F3600008BF30EE020AB0EE682A01EE482A08EE25
:10F37000818AC2EE081A15E011F0004F04BF9FED1C
:10F380004C0AF0EE400AD1D010F0004F19BFDFED6B
:10F39000490A9FED490ADFED490A9FED490AC5E791
:10F3A000C8EE881A21EEA11A9FED462ADFED462A03
:10F3B00041EE022A9FED452A01EE222ADFED442A82
:10F3C00041EE022A9FED432ABDEC048B01EE222A76
:10F3D00021EE811A01EE020A30EE210A30EE200AF7
:10F3E00070BD4FF07F42B2EB400F28BFB2EB410F30
:10F3F00009D2F0EE480AB0EE680ABDEC048BBDE815
:10F40000704000F0A0BA40EA01035B0008BF41F081
:10F41000FF410BD0B2EB400F08BFB2EB410F08D158
:10F4200020F0804008EE900A21F0804108EE101A8A
:10F4300018E7B2EB400F12BF5FEA410340F0FF4014
:10F4400001F000413FF40EAFB2EB410F12BF5FEA93
:10F45000400200F0004041F0FF413FF403AF4A009A
:10F4600092EA40033FF5FEAE002AACBF9FED1A0AB8
:10F470009FED1A0A68EE808A28EE008A18EE900A3C
:10F4800018EE101AEEE60000DB0FC9BFDB0FC93F14
:10F49000DB0F4940DB0F49C00000C9BF22AAFDB9FC
:10F4A0000000C93F22AAFD390060ED3EC30ACE37F5
:10F4B00000000000000049C022AA7DBA00004940B7
:10F4C00022AA7D3A2DAD65BD8FB8D53D0FB511BED1
:10F4D00061C84C3EA8AAAABE0000804F0000802F41
:10F4E00010EE101A08B5444A6846B2EB410F28D90D
:10F4F0004FF0E640B0EB410F94BF00204FF0FF30DB
:10F5000000900098002861DB60EE000A10F0010F07
:10F5100045D010F0020FDFED391A9FED391A00EED9
:10F52000E11ADFED381A40EE811A21EEA01AF0EE52
:10F53000400A40EE010A08BFF1EE600AB0EE600A30
:10F5400008BD314B21F0004293423CD911F0004FED
:10F55000DFED2E0A20EE201ADFED2D0A19BF31EE65
:10F56000601A71EE200A31EE201A71EE600ABDEECB
:10F57000E01A11EE100A9FED271A00F0030000EECA
:10F58000C10A9FED251A009000EEC10A9FED231AD3
:10F5900000EEC10A9FED221A00EEC10AB1E79FED0D
:10F5A000211A9FED210A10F0020F00EE810A9FED53
:10F5B0001F1A00EE801AB7EE000A00EE810A18BF8B
:10F5C000B1EE400A08BD00F0D1F99AE710EE100A3A
:10F5D0004000B0F17F4F3CBFB7EE000A08BD07D135
:10F5E0004FF00100F1F7C8F8BDE8084000F0AEB9EF
:10F5F000BDE8084000F0A4B9B61F927E336D4C39C7
:10F60000DA82083CA0AA2ABE490E494683F9223F65
:10F610000000004B0000C93F00A0FD390020A233CC
:10F620001A61342CB93AB2BACA9F2A3DDDFFFFBE37
:10F630002DED020B019820F0004001909DED000B94
:10F6400002B0704700B510EE101A2DED028B81B09C
:10F65000524A6846B2EB410F2ED94FF0E640B0EB6C
:10F66000410F94BF00204FF0FF3000900098B0EEA3
:10F67000408A00286ADB10F0010F4BD068EE080AC0
:10F680009FED471A9FED470A00EE810A9FED461A4B
:10F6900010F0020F00EE801AB7EE000A00EE810AA9
:10F6A00002BF01B0BDEC028B00BD00BF01B0B1EEE6
:10F6B000400ABDEC028B00BD3C4B21F0004293425E
:10F6C00041D911F0004FDFED3A0A20EE201ADFEDAC
:10F6D000390A19BF31EE601A71EE200A31EE201A94
:10F6E00071EE600ABDEEE01A11EE100A9FED321ABB
:10F6F00000F0030000EEC10A9FED301A009000EE0A
:10F70000C10A9FED2F1A00EEC10A9FED2E1A00EEDE
:10F71000C10AABE728EE080A9FED2B1ADFED2B0A92
:10F7200010F0020F40EE410A9FED291A00EE201A58
:10F7300061EE000AB0EE480A08EE200AB6D101B028
:10F74000BDEC028B00BD00F011F98FE718EE100A36
:10F750004000B0F17F4F0DD218EE100AFFF710FBFA
:10F76000042808BF00F0FAF8B0EE480A01B0BDEC7A
:10F77000028B00BD09D10120F0F7FEFF01B0BDEC06
:10F78000028B5DF804EB00F0E1B801B0B0EE480A7E
:10F79000BDEC028B5DF804EB00F0D2B8B61F927E90
:10F7A000B93AB2BACA9F2A3DDDFFFFBE490E4946AB
:10F7B00083F9223F0000004B0000C93F00A0FD3943
:10F7C0000020A2331A61342C336D4C39DA82083CA4
:10F7D000A0AA2ABE10B52DED028BB1EEC08A18EE9C
:10F7E000100A20F00040C0F1FF40C00F0AD010EE18
:10F7F000100A20F00040C0F1FF40C00F04BF0120FC
:10F80000F0F7BAFFB0EE480ABDEC028B10BD70B540
:10F8100004462DED028B4D1E00EBC500B0EE408A74
:10F82000F0EE608A90ED000B35F0060017D053EC37
:10F83000182B51EC100B08F075F941EC100B6D1EF4
:10F8400004EBC50090ED001B51EC100B53EC112B99
:10F8500007F018FE41EC100B35F00600E7D1022D41
:10F8600036D0042D1CD0062D1CBFBDEC028B70BD04
:10F8700053EC182B51EC100B08F054F994ED0A1BC3
:10F8800053EC112B07F0FEFD53EC182B08F04AF94E
:10F8900094ED081B53EC112B07F0F4FD41EC100B19
:10F8A00053EC182B51EC100B08F03CF994ED061BAF
:10F8B00053EC112B07F0E6FD53EC182B08F032F94E
:10F8C00094ED040B53EC102B07F0DCFD41EC100B16
:10F8D00053EC182B51EC100B08F024F994ED021B9B
:10F8E00053EC112B07F0CEFD53EC182B08F01AF94E
:10F8F00094ED001B53EC112B07F0C4FDBDEC028B03
:10F9000041EC100B70BD10B553EC102B51EC100BEB
:10F9100007F0B8FD41EC100B10BD00000000000026
:10F920009FED050B10B553EC102B51EC100B07F0AD
:10F93000DBFE41EC100B10BD0000000000000000D9
:10F9400030EE000A704730EE200A7047DFED020A01
:10F9500080EEA00A70470000000000009FED020A40
:10F9600020EE000A70470000000000102DE9F001B1
:10F970004FF07F42B2EB410F9FBF4FF0FF3101606C
:10F98000BDE8F00170474FF0004242EA0123C1F3A5
:10F99000C752783A551112F01F0C434CCCF1200697
:10F9A0007C44C1F3C752A2F178024FEA621204EB21
:10F9B000820254F8254008BFD2E9015612D055689A
:10F9C00004FA0CF425FA06F73C43976805FA0CF59F
:10F9D00027FA06F8D26807FA0CFCF24045EA080557
:10F9E0004CEA0206A4FB034CA5FB0352A6FB0363EF
:10F9F0001D449D4234BF012600261319334416B11D
:10FA0000934202D903E0934201D2012200E0002296
:10FA1000624402F1200C9206DC0C42EA443200EE11
:10FA2000102A5B03DFED210AF8EEC01A00EE103A4F
:10FA30004FEA9C1C11F0004FB8EE400AC0F800C01D
:10FA400020EE201A00EE105ADFED190AB8EE400A37
:10FA500020EE200A71EE810A70EE800A10EE902AE4
:10FA600002F500626FF30B0200EE902A70EEE11ACD
:10FA700031EEC11ADFED101A30EE411A9FED0D0A7A
:10FA800020EE800A01EE210A9FED0C1A00EE810A99
:10FA900004BFBDE8F0017047CCF180510160BDE8C2
:10FAA000F001B1EE400A70473C9E000000000036B5
:10FAB0000000802C22AAFD29DB0FC92F0000C92FCE
:10FAC00080F3108870472DE9F04107F093F9002585
:10FAD0000446012100202246A2FB016705FB0171BB
:10FAE00004FB001534464FF47A7200212046A0FB37
:10FAF000026705FB027204FB0125344620462946B5
:10FB0000BDE8F08110B503A0F9F7C0FB0EA0F9F72E
:10FB1000BDFB10BD4E3D4672656552544F532044A7
:10FB2000656D6F204170706C69636174696F6E2CD4
:10FB3000443D436F727465782D4D342C4F3D4672B1
:10FB4000656552544F530000492331353D53797355
:10FB50005469636B00000000F8B500242AE004EB50
:10FB60008401174A52F8210006F008FA04EB8401D8
:10FB7000134A02EB8101086104EB8400114601EB9A
:10FB80008000006904EB84050E4606EB85050090B5
:10FB9000EB6804EB840506EB8505AA6804EB840595
:10FBA00006EB8505696804EB840556F82500FCF72B
:10FBB00067FA641C034800688442D0D3F8BD000093
:10FBC000A8AF0020C403002070B52DED028B8AB0D1
:10FBD00005460C4616460DB104B11EB90AB0BDEC7F
:10FBE000028B70BD94ED000AB5EEC00AF1EE10FA7A
:10FBF0000DD194ED010AB5EEC00AF1EE10FA06D16E
:10FC000094ED020AB5EEC00AF1EE10FA7DD09FED38
:10FC1000600AB0EE408A0020079008900990049096
:10FC2000059006905B4A07CA01AB07C395ED010A30
:10FC3000D5ED030A20EE200AD5ED000A95ED021A53
:10FC400000EEC10AF0EE000A20EE200A8DED070A50
:10FC500095ED000AD5ED010A20EE200AD5ED020A45
:10FC600095ED031A00EE810AF0EE000A20EE200A5C
:10FC70008DED080A95ED000A20EE000AD5ED030A85
:10FC800095ED031A00EE810AF7EE000AB0EE001AB5
:10FC900051EE000ACDED090A01AB22463146284655
:10FCA00000F07AF8D4ED000A60EEA00A94ED011A93
:10FCB000D4ED011A41EE210A94ED021AD4ED021A94
:10FCC00041EE210AB0EE600AF1F760F8B0EE408A2A
:10FCD00094ED000A20EE080A84ED000A94ED010A72
:10FCE00020EE080A84ED010A94ED020A20EE080ACB
:10FCF00084ED020A94ED010ADDED090A20EE200AE6
:10FD0000D4ED020A9DED081A00E03EE000EEC10AC3
:10FD10008DED040A94ED020ADDED070A20EE200ABB
:10FD2000D4ED000A9DED091A00EEC10A8DED050A19
:10FD300094ED000ADDED080A20EE200AD4ED010A58
:10FD40009DED071A00EEC10A8DED060A96ED000A38
:10FD5000DDED010A9DED041A00EE810A86ED000A30
:10FD600096ED010ADDED020A9DED051A00EE810A0D
:10FD700086ED010A96ED020ADDED030A9DED061AF5
:10FD800000EE810A86ED020A00BF00BF26E70000F0
:10FD9000000000007C8F01082DE9F0412DED048B5F
:10FDA00007460D4614461E469FED580AB0EE409A8F
:10FDB0009FED560AB0EE408A9FED540AF0EE408A5D
:10FDC000D4ED000A60EEA00A94ED011AD4ED011AF8
:10FDD00041EE210A94ED021AD4ED021A41EE210AF5
:10FDE000B0EE600AF0F7D2FFF7EE000A80EE801A5C
:10FDF000B0EE419AD5ED000AB0EE600AF0F75CFE75
:10FE0000F0EE409AD5ED010AB0EE600AF0F754FE2C
:10FE100079EE809AD5ED020AB0EE600AF0F74CFE5A
:10FE200039EE800AF0EE408A3948D0ED000A79EECA
:10FE3000600AB0EE600AF0F73FFEB0EE408A9FED38
:10FE4000350AB4EEC08AF1EE10FA06DC9FED320AF4
:10FE5000F4EEC08AF1EE10FA53DD9FED2C2AB0EEDD
:10FE6000420A9FED2A2AF0EE421AB7EE002AF0EE7F
:10FE7000420A9FED262AB0EE421AB5EEC08AF1EE94
:10FE800010FA05DD9FED232AC2EE082AB0EE620AC1
:10FE90009FED222AB4EEC20AF1EE10FA03D29FEDD2
:10FEA0001B2AB0EE420AF5EEC08AF1EE10FA05DD2B
:10FEB0009FED192AC2EE282AF0EE621AB7EE002A48
:10FEC000B4EEC20AF1EE10FA03D220EE802AF0EE70
:10FED000420AB7EE002AF4EEC21AF1EE10FA03D28B
:10FEE00020EEA12AF0EE420A9FED0D2A20EE822A92
:10FEF000B0EE421A86ED001A86ED011A86ED021A5E
:10FF000000BFBDEC048BBDE8F081000000000000E4
:10FF1000D4030020CDCCCC3D8FC2F53D9A99993EBB
:10FF2000CDCC4C3E10B52DED048B86B00446B0EE22
:10FF3000408AF0EE608AB0EE419A0020039004906F
:10FF40000590009001900290B0EE000AC8EE000A01
:10FF5000F0EE609AB0EE690AF0F7A2FD8DED030AAB
:10FF6000B0EE000AC8EE800AF0EE609AB0EE690AC0
:10FF7000F0F796FD8DED040AB0EE000AC9EE000A16
:10FF8000F0EE609AB0EE690AF0F78AFD8DED050A91
:10FF9000B0EE000AC8EE000AF0EE609AB0EE690A10
:10FFA000F0F706FF8DED000AB0EE000AC8EE800AF9
:10FFB000F0EE609AB0EE690AF0F7FAFE8DED010AF4
:10FFC000B0EE000AC9EE000AF0EE609AB0EE690ADF
:10FFD000F0F7EEFE8DED020A9DED050ADDED040A57
:10FFE00020EE200ADDED030A20EE200ADDED020AF4
:10FFF0009DED011A60EE810A9DED001A00EE810A66
:020000040801F1
:1000000084ED000A9DED020ADDED040A20EE200ACF
:10001000DDED030A20EE200ADDED050A9DED011A53
:1000200060EE810A9DED001A00EEC10A84ED010A1E
:100030009DED050ADDED010A20EE200ADDED030A43
:1000400020EE200ADDED020A9DED041A60EE810A21
:100050009DED001A00EE810A84ED020A9DED050A6D
:10006000DDED040A20EE200ADDED000A20EE200A74
:10007000DDED020A9DED011A60EE810A9DED031A85
:1000800000EEC10A84ED030A06B0BDEC048B10BD7E
:1000900070B505460C4600260DB1022C00D870BD87
:1000A000A11E06480288284601F034FE0646A01E1E
:1000B0002E54310A601E295400BFF0E7C20100200F
:1000C00070B505460C4600260DB1022C00D870BD57
:1000D000611EFF22284601F037FE0646601E2E54A0
:1000E00000BFF4E738B5002000900024F0F714FFBB
:1000F0008020F1F7B3F85520F1F7B0F85520F1F76B
:10010000ADF80090F0F7FEFE9620F0F774FFF0F7E0
:1001100003FF8020F1F7A2F85520F1F79FF8552052
:10012000F1F79CF80090F0F7EDFE9620F0F763FFF2
:10013000F0F7F2FEB6217E20F1F7BAF8F0F7E2FE12
:100140005020F0F752FFF0F7E7FE8020F1F786F835
:100150005520F1F783F85520F1F780F80090F0F77B
:10016000D1FE9620F0F747FFF0F7D6FE8020F1F79A
:1001700075F85520F1F772F85520F1F76FF80090F7
:10018000F0F7C0FE9620F0F736FF9DF800001E281D
:1001900001D0FF2038BD002437E0F0F7BDFE04EBAE
:1001A00044021C4B1A44517804EB4402985CF1F76A
:1001B0007FF8F0F7A7FE9620F0F71DFFF0F7ACFEF2
:1001C00004EB4401134A515C41F08000F1F746F81A
:1001D0005520F1F743F85520F1F740F80090F0F77B
:1001E00091FE9620F0F707FF04EB4400094908440C
:1001F00040789DF80010884205D004EB4400054982
:1002000008448078C6E7601CC4B2062CC5DB002019
:10021000C0E70000CC01002010B586B0002001909E
:10022000029000900024F0F777FE8020F1F716F896
:100230005520F1F713F85520F1F710F80090F0F77A
:1002400061FE9620F0F7D7FEF0F766FE8020F1F70A
:1002500005F85520F1F702F85520F0F7FFFF009060
:10026000F0F750FE9620F0F7C6FEF0F755FEB621E7
:100270007E20F1F71DF8F0F745FE5020F0F7B5FEAF
:10028000F0F74AFE8020F0F7E9FF5520F0F7E6FF8F
:100290005520F0F7E3FF0090F0F734FE9620F0F7DA
:1002A000AAFEF0F739FE8020F0F7D8FF5520F0F7CE
:1002B000D5FF5520F0F7D2FF0090F0F723FE9620EF
:1002C000F0F799FE9DF800001E2802D0FF2006B02E
:1002D00010BD00243AE0F0F71FFE04EB44028C4B03
:1002E0001A44517804EB4402985CF0F7E1FFF0F710
:1002F00009FE9620F0F77FFEF0F70EFE04EB4401B6
:10030000834A515C41F08000F0F7A8FF5520F0F7D8
:10031000A5FF5520F0F7A2FF0090F0F7F3FD96201F
:10032000F0F769FE04EB44007949084440789DF8F1
:100330000010884205D004EB4400754908448078D9
:10034000C5E75020F0F751FE601CC4B2042CC2DB9C
:1003500000246FE0F0F7E0FD221D02EB42026C4B3F
:100360001A445178221D02EB4202985CF0F7A0FF7C
:10037000F0F7C8FD9620F0F73EFEF0F7CDFD211D09
:1003800001EB4101624A515C41F08000F0F766FFE9
:100390005520F0F763FF5520F0F760FF0090F0F76D
:1003A000B1FD9620F0F727FE201D00EB40005849D4
:1003B000084440789DF80010884206D0201D00EBCC
:1003C000400053490844807881E75020F0F70DFE43
:1003D000F0F7A2FD9220F0F741FF062201A91220BA
:1003E000F0F71CFFF0F78EFD9DF80500000200B24B
:1003F0009DF80410084304EB440103AA22F81100FD
:100400009DF80700000200B29DF80610084304EBB7
:10041000440102EB410148809DF80900000200B24E
:100420009DF80810084304EB440102EB4101888069
:10043000601CC4B2022C8DDBF0F76EFD00216D2034
:10044000F0F736FFF0F75EFD9620F0F7D4FDF0F7F9
:1004500063FDED20F0F702FF5520F0F7FFFE552079
:10046000F0F7FCFE0090F0F74DFD9620F0F7C3FD8D
:100470009DF8000008B1042029E7F0F74DFDB621F2
:100480007E20F0F715FFF0F73DFD5020F0F7ADFDB1
:10049000BDF90C00BDF91210401A40F255518842C6
:1004A00010DBBDF90E10BDF91400081A40F25551C9
:1004B000884207DBBDF91010BDF91600081AB0F527
:1004C0002A7F01DA802002E7F0F726FD8020F0F78E
:1004D000C5FE5520F0F7C2FE5520F0F7BFFE009094
:1004E000F0F710FD9620F0F786FDF0F715FD80205F
:1004F000F0F7B4FE5520F0F7B1FE5520F0F7AEFE50
:100500000090F0F7FFFC9620F0F775FD0020DEE686
:10051000628E010838B5002400200090F0F712FD2B
:1005200069460020F0F78DFEF0F702FD9620F0F707
:1005300062FDF0F707FD69460020F0F782FEF0F754
:10054000F7FC9620F0F757FDF0F7FCFCB6211420DD
:10055000F0F7AEFEF0F7ECFC5020F0F746FDF0F7B8
:10056000F1FC69460020F0F76CFEF0F7E1FC962004
:10057000F0F741FDF0F7E6FC69460020F0F761FE78
:10058000F0F7D6FC9620F0F736FD9DF800000F2816
:1005900001D0FF2038BD00242FE0F0F7D3FC04EB9E
:1005A0004402184B1A44517804EB4402985CF0F76B
:1005B0007FFEF0F7BDFC9620F0F71DFDF0F7C2FCC2
:1005C00004EB44010F4A505C6946F0F73AFEF0F73D
:1005D000AFFC9620F0F70FFD04EB440009490844F6
:1005E00040789DF80010884205D004EB440005498E
:1005F00008448078CEE7601CC4B2062CCDDB002016
:10060000C8E70000DE01002038B50020009000247B
:10061000F0F798FC69460020F0F713FEF0F788FC2D
:100620009620F0F7E8FCF0F78DFC69460020F0F723
:1006300008FEF0F77DFC9620F0F7DDFCF0F782FC79
:10064000B6211420F0F734FEF0F772FC5020F0F7DA
:10065000CCFCF0F777FC69460020F0F7F2FDF0F7EC
:1006600067FC9620F0F7C7FCF0F76CFC69460020A9
:10067000F0F7E7FDF0F75CFC9620F0F7BCFCF0F734
:1006800061FC01213C20F0F713FEF0F751FC5020F3
:10069000F0F7ABFC00BFF0F755FC69463C20F0F7E3
:1006A000D0FDF0F745FC9620F0F7A5FC601CC4B225
:1006B0009DF8000000F0020008B90A2CEBDB0A2CC0
:1006C00001D1402038BD9DF8000000F0040008B1C1
:1006D0004020F7E70020F5E7002002490968C863D9
:1006E00070470000B0230020034A12689062024A5B
:1006F0001268D16370470000B023002010B5044693
:100700009FED180A84ED020A174890ED6E0ADFED9E
:10071000170A30EE600ADFED160A30EE200A84ED8B
:10072000010AD4ED010AB0EE600AFEF7D9FED4ED5D
:10073000020A20EE200ABDEEC00A10EE100A00B236
:100740002080D4ED010AB0EE600AFEF77BFFD4ED05
:10075000020A20EE200ABDEEC00A10EE100A00B216
:10076000608010BD0000DC42F0030020C3F5C83FEC
:10077000C3F5484070B506460C46354634B929469F
:1007800005F10C00F6F742FC002070BD012C23D1CE
:10079000124A294605F10C00F6F7FAFB0F480088CB
:1007A00044F6206188420EDD00200C490880FFF7E6
:1007B00093FF2420F8F71AF855200949087002F031
:1007C00065FF0120E1E7F8F739F842F210715F2088
:1007D000FFF78AFF0020D8E70020D6E72401002099
:1007E0008000002000B58BB0012009900020079008
:1007F0000120089000200190029003900490069040
:10080000059001A90C48F2F7D3F80B48F2F7FDFE6A
:1008100002210948F2F738F80E200A90069001A943
:100820000648F2F7C5F80548F2F7EFFE0221034843
:10083000F2F72AF80BB000BDD41F0020FC1F0020E7
:100840007CB504460D464FF48070ADF80000ADF85D
:100850000450ADF8024002208DF8060000208DF80B
:10086000070008236A4640F20131A52004F060F831
:100870007CBD0000074800680749B0FBF1F007495C
:100880000870044800684FF47A71B0FBF1F0044935
:10089000086070470802002040420F00F00100206D
:1008A000F401002070B5034600240021002000223E
:1008B00000254FF0E02675690D4E367803FB06F4EF
:1008C0004FF0E026B16910E04FF0E026B0698842B1
:1008D0000BD0884202D20E1A324402E02E1A0E4485
:1008E00032440146A24200D300E0EDE700BF70BDF4
:1008F000F001002010B5044604EBC400454901EBAB
:100900008000006804EBC401424A02EB81014860A8
:1009100006F06AFA04EBC4013E4A02EB810108606A
:1009200004EBC400114601EB8000C07CC0F38010D2
:10093000B0B104EBC40001EB8000C07C20F04000AB
:1009400004EBC40102EB8101C87404EBC40011463E
:1009500001EB8000006804EBC40102EB8101C86078
:1009600004EBC4002B4901EB8000806990B304EBD9
:10097000C401284A02EB81018869804758B304EB1F
:10098000C400244901EB8000C07C20F0200020300E
:1009900004EBC4011F4A02EB8101C87404EBC400DC
:1009A000114601EB8000C07C20F08000803004EB19
:1009B000C40102EB8101C87404EBC400114601EBD1
:1009C0008000006A28B304EBC40102EB8101086ACD
:1009D00080471EE00FE0FFE704EBC4000D4901EB88
:1009E0008000C07C20F0800004EBC401094A02EBC7
:1009F0008101C8740DE004EBC400064901EB8000DE
:100A0000C07C20F0800004EBC401024A02EB8101AB
:100A1000C87410BDBD13002010B592B00446482222
:100A200054496846EFF71DFE00209EE000EB4001B0
:100A30003DF8112000EBC0014F4B03EB8101098A07
:100A400062F30B0100EBC00203EB8202118200EBA8
:100A500040016A4602EB41014A8800EBC00103EB0A
:100A60008101B1F8111062F30F1100EBC00203EB2A
:100A70008202A2F8111000EB40016A4602EB41012C
:100A8000097900EBC00203EB8202D27C61F34402DD
:100A900000EBC00103EB8101CA74002100EBC0022E
:100AA00003EB8202916100EBC00203EB8202D16191
:100AB00000EBC00203EB8202116200EBC0011A4698
:100AC00002EB8101C97C21F00101491C00EBC0024D
:100AD00003EB8202D17400EBC0011A4602EB8101E4
:100AE000C97C21F02001203100EBC00203EB82021F
:100AF000D17400EBC0011A4602EB8101C97C21F0E0
:100B00004001403100EBC00203EB8202D17400EBE4
:100B1000C0011A4602EB8101C97C21F080018031BD
:100B200000EBC00203EB8202D1749FED140A10EEB9
:100B3000101A00EBC00203EB8202516100EBC0010E
:100B40001A4602EB81010C6000EBC00102EB81014F
:100B50004C6000EBC00102EB81018C6000EBC00136
:100B600002EB8101CC60411CC8B20C28FFF65EAFDD
:100B700012B010BD188B0108BD130020000000004A
:100B800006F032F99B49086008460068FFF744FF09
:100B9000392005F031FB2CE106F026F99549086073
:100BA0000C2095490870954890F8C30120F0400149
:100BB000924880F8C31190F8C30120F020018F48BB
:100BC00080F8C311002409E104EBC4008B4901EB58
:100BD0008000C07C00F0010000B9FEE004EBC4001E
:100BE000864901EB8000006882490968081A04EB15
:100BF000C401824A02EB8101098AC1F30B018842D8
:100C000060D904EBC400114601EB8000C07CC0F346
:100C1000401008BB04EBC40001EB8000C07C20F056
:100C20004000403004EBC40102EB8101C87404EBC6
:100C3000C400114601EB8000C07C20F02000203071
:100C400004EBC40102EB8101C8746A48006804EB3C
:100C5000C40102EB8101886004EBC400674901EB29
:100C60008000C07CC0F343006349097801EBC101F7
:100C7000624A02EB8101C97CC1F34301884201DD74
:100C80005D490C705D4890F8C30120F04000403091
:100C90005A4981F8C301084690F8C30120F02000AA
:100CA000203081F8C30104EBC40001EB8000C0696F
:100CB000002806D004EBC401504A02EB8101C86948
:100CC000804789E004EBC4004C4901EB8000C06818
:100CD00048490968081A04EBC401484A02EB81013B
:100CE000B1F81110B0EB111F1BD204EBC400114678
:100CF00001EB8000C07C20F0400004EBC40102EB5B
:100D00008101C87404EBC400114601EB8000C07C73
:100D100020F02000203004EBC40102EB8101C874F4
:100D20005AE004EBC400354901EB8000C07C20F0A0
:100D3000400004EBC401314A02EB8101C87404EBAA
:100D4000C400114601EB8000C07CC00968B104EB0F
:100D5000C40001EB8000C07C20F02000203004EBB8
:100D6000C40102EB8101C8740DE004EBC400234907
:100D700001EB8000C07C20F0200004EBC4011F4A7E
:100D800002EB8101C87404EBC4001C4901EB800034
:100D9000006804EBC401194A02EB810149688842EA
:100DA0001AD904EBC400114601EB8000006804EB83
:100DB000C40102EB81014968401A00EE100AF8EE06
:100DC000400A9FED0F1A81EE200A10EE100A04EB84
:100DD000C40102EB8101486100BF641C0C2CFFF6CA
:100DE000F3AE0A2005F008FA002005F0C7F805491F
:100DF0000860D1E6380100203C010020BD1300202E
:100E000000007A443401002070B586B005460E46D5
:100E1000144640F20110ADF80000ADF80250ADF8F4
:100E2000046000208DF8060000218DF807100A21CB
:100E30008DF808109DF8090020F0380008308DF872
:100E400009009DF8090064F302008DF80900BDF85F
:100E5000090020F4707000F51070ADF80900BDF8BD
:100E60000D006FF30900C01CADF80D0040F2DA214F
:100E7000BDF80E0061F38C00ADF80E004FF42F7139
:100E8000BDF80F0061F34F10ADF80F0040F2924132
:100E9000BDF8120061F38C00ADF812004FF4C87178
:100EA000BDF8130061F34F10ADF813000D488078C2
:100EB000012807D19DF80A0020F03C0010308DF881
:100EC0000A0006E09DF80A0020F03C0008308DF88A
:100ED0000A0015236A4640F20131A52003F028FDDF
:100EE00006B070BDC216002070B58AB005460E4629
:100EF00014464FF48170ADF80400ADF80650ADF81B
:100F0000086000208DF80A0000218DF80B100221E6
:100F10008DF80C109DF80D0020F0380008308DF889
:100F20000D009DF80D0064F302008DF80D00BDF872
:100F30000D0020F4707000F5007001A9ADF80D00EF
:100F40009DF80E0020F03C0010308DF80E00BDF82A
:100F500011006FF30900C01CADF811004FF450717F
:100F6000BDF8120061F38C00ADF812006421BDF8E9
:100F7000130061F34F1001A9ADF813004FF488611D
:100F8000BDF8160061F38C00ADF816008221BDF8A3
:100F9000170061F34F1001A9ADF8170000218DF87B
:100FA00019108DF81A1003218DF81B109DF81C00E4
:100FB00020F038018DF81C109DF81C1064F302011C
:100FC0008DF81C10BDF81C0020F4707101F5107133
:100FD00001A8ADF81C109DF81D0020F03C0108315F
:100FE0008DF81D10BDF82000810A89021C3101A86E
:100FF000ADF8201040F24232BDF8211062F38C01AE
:10100000ADF821107322BDF8221062F34F11ADF834
:1010100022100E48807AC0F58070C0F58862BDF855
:10102000251062F38C0101A8ADF825107322BDF8DC
:10103000261062F34F11ADF82610242301AA40F2C6
:101040000131A52003F074FC0AB070BD1C1800200B
:1010500070B586B005460E46144640F20110ADF854
:101060000000ADF80250ADF8046000208DF80600D5
:1010700000218DF8071004218DF808109DF8090053
:1010800020F038018DF809109DF8090064F3020082
:101090008DF80900BDF8090020F4707000F510709B
:1010A000ADF809009DF80A0020F03C0010308DF8E2
:1010B0000A00BDF80D006FF30900801CADF80D00AB
:1010C00040F2A631BDF80E0061F38C00ADF80E00C1
:1010D000A021BDF80F0061F34F10ADF80F0040F2F2
:1010E000A631BDF8120061F38C00ADF81200462164
:1010F000BDF8130061F34F10ADF8130015236A46D5
:1011000040F20131A52003F013FC06B070BD0000D1
:1011100070B58EB005460E4614464FF48870ADF893
:101120000400ADF80650ADF8086000208DF80A0004
:1011300000218DF80B100B218DF80C109DF80D007F
:1011400064F302008DF80D009DF80D0020F03800CA
:1011500038308DF80D00BDF80D0020F4707080302F
:1011600001A9ADF80D002821BDF80E0061F38E1025
:10117000ADF80E00BDF811006FF30900001D01A9C4
:10118000ADF811003C21BDF8120061F38C00ADF800
:1011900012004FF43471BDF8130061F34F1001A930
:1011A000ADF813000021BDF8160061F38C00ADF816
:1011B0001600BDF8170061F34F1001A9ADF8170034
:1011C000BDF81500810A890201A8ADF815101E218D
:1011D0001530EFF780FA9DF80E0020F03C00083043
:1011E0008DF80E00464890F8EC0310B108284FD156
:1011F00028E00C21BDF80F0061F3CF1001A9ADF874
:101200000F0043208DF8190068218DF81A10612114
:101210008DF81B1073218DF81C108DF81D1069219D
:101220008DF81E1053218DF81F105F2101A8017742
:101230005A214177652181777221C1776F218DF81D
:10124000241053E00B21BDF80F0061F3CF1001A96A
:10125000ADF80F0043208DF8190068218DF81A10A1
:1012600061218DF81B1073218DF81C108DF81D1055
:1012700069218DF81E1053218DF81F105F2101A8E0
:101280000177542141776F2181777021C1772DE05B
:101290000E21BDF80F0061F3CF1001A9ADF80F00CA
:1012A00043208DF8190068218DF81A1061218DF8FE
:1012B0001B1073218DF81C108DF81D1069218DF8FD
:1012C0001E1053218DF81F105F2101A801774621C0
:1012D00041776F2181776C21C1778DF824106F21C0
:1012E0008DF8251077218DF8261000BF00BF33231D
:1012F00001AA40F20131A52003F01AFB0EB070BD27
:10130000F00300203E480078652840D007DC07281D
:101310006DD2DFE800F06C0C141C242C340066380D
:10132000052864D2DFE800F03B434B535B0001200B
:101330003449088040F20110334908805DE0022002
:10134000304908804FF481702F49088055E0032010
:101350002C49088040F203102B4908804DE00420FE
:10136000284908804FF482702749088045E005200D
:101370002449088040F20510234908803DE00620FA
:10138000204908804FF483701F49088035E06520AC
:101390001C49088040F265101B4908802DE066203A
:1013A000184908804FF4B3701749088025E067207A
:1013B0001449088040F26710134908801DE0682036
:1013C000104908804FF4B4700F49088015E0692077
:1013D0000C49088040F269100B4908800DE06A2032
:1013E000084908804FF4B5700749088005E00020DF
:1013F000044908800449088000BF00BF704700000E
:1014000048180020BC010020BE01002070B58AB041
:1014100005460E4614464FF48170ADF80400ADF851
:101420000650ADF8086000208DF80A0000218DF804
:101430000B100D218DF80C109DF80D0020F03800D8
:1014400010308DF80D009DF80D0064F302008DF84A
:101450000D00BDF80D0020F4707000F5107001A9AA
:10146000ADF80D009DF80E0020F03C0018308DF80E
:101470000E00BDF811006FF30900801DADF81100DA
:101480004FF4C861BDF8120061F38C00ADF8120092
:101490004FF4FA71BDF8130061F34F1001A9ADF8D4
:1014A0001300BDF815006FF309003230ADF81500D8
:1014B00000218DF819108DF81A100E218DF81B10CF
:1014C0009DF81C0020F038018DF81C109DF81C10B0
:1014D00064F302018DF81C10BDF81C0020F470713B
:1014E00001F5E07101A8ADF81C109DF81D0020F079
:1014F0003C010C318DF81D10BDF82000810A8902D5
:10150000091D01A8ADF820104FF4C862BDF82110E4
:1015100062F38C01ADF821104FF4FA72BDF822107D
:1015200062F34F11ADF822100F48008800F5C86132
:10153000BDF8252061F38C0201A8ADF825200A48EA
:10154000408800F5FA71BDF8262061F34F1201A81A
:10155000ADF82620242301AA40F20131A52003F092
:10156000E7F90AB070BD00009018002070B504467D
:101570000D4629462046FFF763F9642002F02CFC53
:1015800001222946204600F09FF8642002F024FC46
:10159000012229462046FFF7A7FC642002F01CFC2C
:1015A000012229462046FFF753FD642002F014FC77
:1015B000012229462046F5F713FF642002F00CFCB7
:1015C000012229462046FFF71FFC642002F004FC9C
:1015D000012229462046FFF79BFD642002F0FCFB18
:1015E00001222946204600F014F8642002F0F4FBA2
:1015F000012229462046FFF709FF642002F0ECFB98
:1016000001222946204600F075F9642002F0E4FB2F
:1016100070BD70B58AB005460E46144640F2011002
:10162000ADF80400ADF80650ADF8086000208DF864
:101630000A0000218DF80B100C218DF80C109DF87C
:101640000D0020F0380010308DF80D009DF80D00D1
:1016500064F302008DF80D00BDF80D0020F47070E9
:1016600000F5107001A9ADF80D00BDF811006FF381
:101670000900C01CADF811004FF47071BDF81200E4
:1016800061F38C00ADF812004FF4C871BDF813007F
:1016900061F34F1001A9ADF81300BDF815006FF309
:1016A00009003230ADF815009DF80E0020F03C0125
:1016B0008DF80E10242301AA40F20131A52003F079
:1016C00037F90AB070BD000070B58EB005460E4601
:1016D00014464FF48870ADF80400ADF80650ADF82C
:1016E000086000208DF80A0000218DF80B10012100
:1016F0008DF80C109DF80D0064F302008DF80D00BC
:101700009DF80D0020F0380038308DF80D00BDF840
:101710000D0020F47070403001A9ADF80D002821B3
:10172000BDF80E0061F38E10ADF80E00BDF811008B
:101730006FF30900001D01A9ADF811003C21BDF8AF
:10174000120061F38C00ADF812004FF44D71BDF83A
:10175000130061F34F1001A9ADF813000021BDF88B
:10176000160061F38C00ADF81600BDF8170061F3A8
:101770004F1001A9ADF81700BDF81500810A8902C4
:1017800001A8ADF815101E211530EEF7A4FF9DF845
:101790000E0020F03C0008308DF80E00544890F800
:1017A000140120B1012826D004286FD149E00A2174
:1017B000BDF80F0061F3CF1001A9ADF80F00532061
:1017C0008DF8190068218DF81A106F218DF81B1003
:1017D0008DF81C1074218DF81D105F218DF81E10DE
:1017E00053218DF81F10742101A801776F214177D3
:1017F0007021817772E00B21BDF80F0061F3CF10EB
:1018000001A9ADF80F0053208DF8190068218DF85B
:101810001A106F218DF81B108DF81C1074218DF893
:101820001D105F218DF81E1052218DF81F106521AB
:1018300001A8017761214177642181777921C177FE
:101840004CE00A21BDF80F0061F3CF1001A9ADF8FB
:101850000F0053208DF8190068218DF81A106F21A0
:101860008DF81B108DF81C1074218DF81D105F2150
:101870008DF81E1041218DF81F10752101A80177E8
:10188000742141776F21817728E0FFE70C21BDF8B3
:101890000F0061F3CF1001A9ADF80F0053208DF8B0
:1018A000190068218DF81A106F218DF81B108DF822
:1018B0001C1074218DF81D105F218DF81E1042211F
:1018C0008DF81F10752101A801776C214177817770
:1018D0006521C17774218DF8241000BF00BF332328
:1018E00001AA40F20131A52003F022F80EB070BD2C
:1018F0003C08002070B586B005460E46144640F2FE
:101900000110ADF80000ADF80250ADF80460002001
:101910008DF8060000218DF807100F218DF80810B2
:101920009DF8090020F0380008308DF809009DF876
:10193000090064F302008DF80900BDF8090020F4E5
:10194000707000F5E070ADF809009DF80A0020F015
:101950003C0008308DF80A00BDF80D006FF3090057
:10196000001DADF80D004FF4C861BDF80E0061F325
:101970008C00ADF80E004FF4FA71BDF80F0061F362
:101980004F10ADF80F004FF4C861BDF8120061F3BD
:101990008C00ADF812004FF41671BDF8130061F31E
:1019A0004F10ADF8130015236A4640F20131A5200F
:1019B00002F0BEFF06B070BD70B504460026FDF70C
:1019C000F2F9054672B661682069884201D920683B
:1019D0002061206906782069401C2061A068401CB5
:1019E000A060E068401EE0602846FEF769F83046D7
:1019F00070BD034619608818401E58609A60002028
:101A0000D8601961596170472DE9F047044688464E
:101A10001546FDF7C8F9824672B6B8F1000F00D13D
:101A20003CE0A06800B939E061686069884201D98A
:101A300020686061A068A84201DD284600E0A06837
:101A4000054661696068401A461CAE4209DB2E46B5
:101A5000324641466069EEF7BFFD6069304460611F
:101A60000FE0A5EB0609324641466069EEF7B4FD8A
:101A700008EB06014A462068EEF7AEFD20684844B0
:101A80006061A068401BA060E0682844E0602F46C9
:101A90005046FEF715F83846BDE8F0875046FEF789
:101AA0000FF84FF0FF30F7E70146C86870470000B5
:101AB0004FF4967004F0A0FB03F026FB02E0012037
:101AC00004F09AFB012003F0C9FD0028F7D10220A1
:101AD00003F0C4FD0028F2D1032003F0BFFD00286D
:101AE000EDD12CE003F09AFC03F07EFA03F072FBD8
:101AF00003F0BEFA03F030FA012003F0AFFD38B96D
:101B0000022003F0ABFD18B9032003F0A7FD38B1A4
:101B10000020EFF7AFFD00210846EFF7C5FC0BE012
:101B20000749B1F9C000EFF7A5FD054AB2F9641005
:101B3000B2F90800EFF7B8FC012004F05DFBD1E733
:101B40003C08002030B587B005460C46284600F01A
:101B500067F8049000200290022006900594F1F7A7
:101B6000D3FF01A902A8F1F72FFFF1F783FF07B018
:101B700030BD70B504460D461646B20021462846D3
:101B8000EEF72AFD70BD00002DE9F04104460D4638
:101B90001646F1F7B9FF1E480460204600F0E0F950
:101BA0001C4908601C48056000201C49086024E0AE
:101BB0001948006807683A46002315480168022062
:101BC000F1F762FF98B912480068001D10490860DB
:101BD00011480068001D1049086010480068401C4A
:101BE0000E49086008460068B04206D10BE0F1F7E4
:101BF00041FF4FF0FF30BDE8F0810548006805491E
:101C000009688842D4D900BFF1F734FF0020F2E719
:101C1000F8010020FC010020000200200402002046
:101C200001460020304A914203D2B1F1006F00D347
:101C300058E02E4A914204D22B4A914201D301200E
:101C400050E02B4A914204D2284A914201D302200B
:101C500048E0284A914204D2254A914201D3032008
:101C600040E0254A914204D2224A914201D3042005
:101C700038E0224A914204D21F4A914201D3052002
:101C800030E01F4A914204D21C4A914201D30620FF
:101C900028E01C4A914204D2194A914201D30720FC
:101CA00020E0194A914204D2164A914201D30820F9
:101CB00018E0164A914204D2134A914201D30920F6
:101CC00010E0134A914204D2104A914201D30A20F3
:101CD00008E0B1F1016F04D20D4A914201D30B200B
:101CE00000E00B2070470000004000080080000862
:101CF00000C00008000001080000020800000408FD
:101D0000000006080000080800000A0800000C088F
:101D100000000E0830B5034613B94FF6FF7030BD12
:101D200009E013F8014B82EA0400C0B2054D35F812
:101D3000100080EA2222081EA1F10101F1D1104613
:101D4000EDE70000628C010830B5034605E013F8AA
:101D5000010B80EA02040448025D081EA1F10101A2
:101D6000F5D1104630BD0000618B01080048704776
:101D7000100B0020144991ED000AB1EE400A80EDED
:101D8000000A91ED010A80ED010A91ED020A80ED51
:101D9000020A0E4991ED000A80ED030A91ED010A55
:101DA00080ED040A91ED020A80ED050A084991EDE3
:101DB000000A80ED060A91ED010A80ED070A91ED17
:101DC000020A80ED080A7047100B0020DC0A002090
:101DD000E80A002000487047E80A00202DE9F04199
:101DE00004460D4616461F4614B10DB106B10FB993
:101DF000BDE8F081D4ED010A94ED031A60EE810A8A
:101E000094ED001AD4ED021A41EE610AB8EE001A00
:101E100060EE810AB0EE600AEEF726FE86ED000A5B
:101E200094ED001A21EE011AD4ED011A94ED012A65
:101E300001EE821AF7EE001AB0EE002A52EE011AF5
:101E4000F0EE610A94ED001AD4ED031A21EE211A86
:101E5000D4ED011A94ED022A01EE821AF0EE001A76
:101E600021EE211AB0EE410AEEF70AFE85ED000AD6
:101E700094ED001A21EE011AD4ED031A94ED032A11
:101E800001EE821AF7EE001AB0EE002A52EE011AA5
:101E9000F0EE610A94ED001AD4ED011A21EE211A38
:101EA000D4ED021A94ED032A01EE821AF0EE001A24
:101EB00021EE211AB0EE410AEEF7E2FD87ED000AAD
:101EC00000BF95E700487047DC0A002010B50121EB
:101ED0001D48F1F7B1FFC0B900201C4908601C483B
:101EE0000068401C1A49086008460068B0F5FA6F9F
:101EF00029DD4FF4FA6008600120164908700122BC
:101F0000C1021548F1F79FFF1DE001210E48F1F7CE
:101F100093FF012814D100200D4908600B48006888
:101F2000401C0A4908600846006832280BDD322050
:101F3000086000224FF400610748F1F784FF02E0D7
:101F400000200649087010BD000002402C0100204E
:101F50002801002081000020001C02401C010020FC
:101F6000014600202D4A914204D2B1F1006F01D305
:101F7000104651E02A4A914204D2284A914201D3A4
:101F8000274849E0274A914204D2254A914201D389
:101F9000244841E0244A914204D2224A914201D38A
:101FA000214839E0214A914204D21F4A914201D38B
:101FB0001E4831E01E4A914204D21C4A914201D38C
:101FC0001B4829E01B4A914204D2194A914201D38D
:101FD000184821E0184A914204D2164A914201D38E
:101FE000154819E0154A914204D2134A914201D38F
:101FF000124811E0124A914204D2104A914201D390
:102000000F4809E00F4A914204D20D4A914201D390
:102010000C4801E04FF001607047000000400008EC
:102020000080000800C0000800000108000002084D
:1020300000000408000006080000080800000A0864
:1020400000000C0800000E0810B52DED088B0446AA
:10205000B0EE408AF0EE608A24B99FED6C0ABDECC8
:10206000088B10BD94ED0F0A84ED100AC4ED078AA9
:1020700084ED088A78EEC80AB0EE600A9FED641A13
:10208000DFED640A01F027FE84ED0F0A94ED000AEB
:10209000D4ED0F0A20EE200A84ED0B0A94ED040A19
:1020A00010EE101A084606F03BFB41EC190B94EDBC
:1020B0000F0A10EE101A084606F032FB41EC1B0B1B
:1020C000B0EE4B0AF0EE6B0AFDF7B2FAB0EE40AAA2
:1020D000F0EE60AA53EC192B51EC1A0B05F0E6FC5C
:1020E00016D294ED0F0AD4ED100A30EE200AD4ED8A
:1020F000010A20EE200AB0EE001AC0EE010A94EDAB
:10210000121A94ED0C0A00EE810A84ED0C0A03E029
:102110009FED3E0A84ED0C0A94ED0C0AD4ED060AFC
:10212000B4EEE00AF1EE10FA04DD94ED060A84ED57
:102130000C0A10E094ED0C0AD4ED060AF1EE600AE8
:10214000B4EEE00AF1EE10FA05D294ED060AB1EE13
:10215000400A84ED0C0A94ED080AD4ED110A30EE21
:10216000600AD4ED120A80EE201A94ED020A21EEE4
:10217000000A84ED0D0A94ED070AD4ED090A30EE49
:10218000600AD4ED030A20EE200A84ED0E0A94EDD5
:102190000B0AD4ED0C0A30EE200AD4ED0D0A30EE15
:1021A000200AD4ED0E0A30EE200A84ED0A0A94EDDE
:1021B0000A0AD4ED050AB4EEE00AF1EE10FA04DDE5
:1021C00094ED050A84ED0A0A10E094ED0A0AD4EDB4
:1021D000050AF1EE600AB4EEE00AF1EE10FA05D25B
:1021E00094ED050AB1EE400A84ED0A0A94ED070A5F
:1021F00084ED090A94ED0F0A84ED100A94ED080AA3
:1022000084ED110A94ED0A0A29E70000000000009D
:10221000DB0F4940DB0F49C000B9704780ED000A71
:10222000C0ED010A80ED021A80ED042AC0ED122AE9
:1022300080ED053AC0ED063A9FED074A80ED0A4A67
:1022400080ED0D4A80ED0C4A80ED0B4A80ED104A7E
:1022500080ED0F4A00BFE0E70000000010B508B1B4
:1022600001B102B910BD534BDB881B055B150A2B6E
:1022700006DC504BDB881B055B1513F10A0F07DAF0
:102280004C4BDB881B055B151BB24B4C238002E0DB
:102290000023494C2380474BD3F80330DB015B1507
:1022A0000A2B07DC434BD3F80330DB015B1513F13A
:1022B0000A0F08DA3F4BD3F80330DB015B151BB282
:1022C0003E4C238002E000233C4C238092F8E03314
:1022D000042B1AD1374BB3F90A3000EE103AB8EE9E
:1022E000C00ADFED370A20EE200A80ED000A314BEC
:1022F000B3F90C3000EE103AB8EEC00ADFED310A47
:1023000020EE200A81ED000A19E02B4BB3F90030D2
:1023100000EE103AB8EEC00ADFED2B0A20EE200ADC
:1023200080ED000A254BB3F9003000EE103AB8EE0C
:10233000C00ADFED260A20EE200A81ED000A4FF4E4
:102340007B739B5C082B33D0214B1B68214C236093
:10235000184B5B7CC3F380031D4C236023461B6832
:102360001C4C24681B1B012B08D1124B5B7C03F017
:1023700010031BB99FED180A80ED000A174B1B686C
:10238000174C23600B4B5B7CC3F3C003134C2360DF
:1023900023461B68124C24681B1B012B08D1054BDC
:1023A0005B7C03F010031BB99FED0B0A80ED000A64
:1023B00000BF57E79115002054010020560100206E
:1023C000ACC5273817B7D138A48CB836A7D6B136E4
:1023D0004401002048010020000000004C010020C2
:1023E0005001002010B52DED028B0446B0EE408A5E
:1023F00014B9BDEC028B10BDD4ED710A94ED701AC6
:1024000070EEC10AB0EE600A9FED2F1ADFED2F0AC1
:1024100001F061FC2E4880ED000A94ED6E0AD0EDCB
:10242000000A30EE200A30EE080AD4ED6C0AB4EE51
:10243000E00AF1EE10FA11DDB5EEC08AF1EE10FA05
:102440002DDD94ED6C0AD4ED6E0A30EE600AD0ED0D
:10245000000A30EE600AB0EE408A20E094ED6E0A89
:102460001B48D0ED000A30EE200A30EE080AD4ED09
:102470006D0AB4EEE00AF1EE10FA10D2B5EEC08AA1
:10248000F1EE10FA0BD294ED6D0AD4ED6E0A30EE37
:10249000600AD0ED000A30EE600AB0EE408A94ED9A
:1024A000710A0C4880ED000AD0ED000A70EE880A2F
:1024B000B0EE600A9FED041ADFED040A01F00BFC98
:1024C00084ED710A00BF94E7DB0F4940DB0F49C080
:1024D000580000205C00002010B508B101B102B91D
:1024E00010BD274BDB881B055B150A2B06DC244B34
:1024F000DB881B055B1513F10A0F07DA204BDB881D
:102500001B055B151BB21F4C238002E000231D4CF2
:1025100023801B4BD3F80330DB015B150A2B07DC50
:10252000174BD3F80330DB015B1513F10A0F08DA00
:10253000134BD3F80330DB015B151BB2124C238025
:1025400002E00023104C23800E4BB3F9003000EE64
:10255000103AB8EEC00ADFED0D0A20EE200A80ED39
:10256000000A094BB3F9003000EE103AB8EEC00A89
:10257000DFED070A20EE200A81ED000A00BFAFE779
:1025800091150020580100205A010020A48CB83673
:10259000A7D6B13670B505460E4614460DB106B144
:1025A00004B970BD94F8E003052835D2DFE800F0E7
:1025B00003090F151B0022463146284601F02EF86C
:1025C0002BE0224631462846FFF748FE25E022460A
:1025D00031462846FFF780FF1FE022463146284655
:1025E00000F084FB19E0224631462846FFF736FE0C
:1025F0000B48006820B122463146284601F00EF80B
:102600000848007CC0F38100012804D122463146ED
:102610002846FFF761FF00E000BF00BF00BFC0E732
:10262000100000209115002010B5044604B910BD1B
:10263000204600F003F800BFF9E7000010B504469B
:1026400004B910BD2448C07A012805D02348C079B8
:10265000C0F30110022803D1042084F8E0032DE028
:102660001D48C07A032805D01C48C079C0F301106A
:10267000012815D1002084F8E0031848007A0121D0
:102680000840012806D01648007818B994F82004AC
:10269000022813D101201249087084F8E0030DE0EC
:1026A0000D48C07A022804D00C48C079C0F301104C
:1026B00020B900200A49087084F8E003002002F0E5
:1026C000CDFF10B1002084F8E00394F8E00384F813
:1026D000E10300BFB5E70000A6150020911500201A
:1026E0004001002010B5284890F8E003012806D1E9
:1026F000264800F043FA244800F040FA43E022481C
:1027000090F8E003022806D1204800F059FA1E484C
:1027100000F056FA37E01C4890F8E00303280AD18D
:102720001A4800F02BFA9FED1A0A174880ED770A35
:1027300000F068FA27E0144890F8E003042813D169
:102740001448007CC0F38100012806D10F4800F036
:1027500037FA0D4800F034FA15E00C4800F00EFA94
:10276000094800F00BFA0EE0084800F007FA0648A6
:1027700000F004FA9FED060A034880ED770A9FED0A
:10278000040A80ED010A10BDF0030020C8050020F6
:10279000000000009115002010B50C480078401C86
:1027A0000A49087008460078052190FBF1F201FB08
:1027B000120008B903F04EFB04480078142804D135
:1027C000002002490870EEF78BFD10BD00000020CC
:1027D00010B52DED028B5548D0F8D40390ED000ACA
:1027E000B1EE400A514880EDEC0AD0F8D40390EDE8
:1027F000020A4E4880EDED0AD0F8D40390ED010AAC
:10280000B1EE400A494880EDEE0AD0F8D80390EDC9
:10281000010AB1EE400A454880EDEF0AD0F8D8032E
:1028200090ED000A414880EDF00AD0F8D80390ED11
:10283000020AB1EE400A3D4880EDF10AD0F8DC030F
:1028400090ED000A394880EDF20AD0F8DC0390EDF3
:10285000010A364880EDF30AD0F8DC0390ED020A55
:10286000324880EDF40AD0F8D801D0ED010A2F48A3
:1028700090EDE11A70EEC10AB0EE600A9FED2C1ADD
:10288000DFED2C0A01F027FAB1EE400A274880ED6F
:10289000E40AD0F8D80190ED020AB1EE400A2348CC
:1028A00080EDE80A90EDED0A80EDE60A90EDF00A81
:1028B00080EDEA0A0068D0ED010A1C4890ED6B1A21
:1028C00070EEC10AB0EE600A9FED191ADFED190A29
:1028D00001F001FAB1EE400A144880ED6E0A00687A
:1028E00090ED020AB1EE400A104880ED720A90EDB8
:1028F000EC0A80ED700AD0EDE40AB0EE600AEDF764
:1029000033FD0A48D0EDF10A20EE208AD0EDE40A2A
:10291000B0EE600AEDF764FD0448D0EDEF0A00EE7A
:10292000208A80ED748ABDEC028B10BDF00300207C
:10293000DB0F4940DB0F49C010B504F03DFC814975
:10294000086001F097FA7F49C1F8D801FFF70EFA45
:102950007C49C1F8D403FFF7B5FA7A49C1F8D80326
:10296000FFF738FA7749C1F8DC039FED770A08468C
:1029700080ED6B0A9FED750A80ED6D0A9FED740A7C
:1029800080ED6C0A9FED730A80EDE10A9FED720AFB
:1029900080EDE30A9FED710A80EDE20ADFED703A07
:1029A000B2EE043ADFED6F2A9FED6D2ADFED6C1A6F
:1029B0009FED6B1ADFED6A0AB3EE040A0830FFF7E9
:1029C0002BFCDFED673A9FED663ADFED662A9FED5F
:1029D000642ADFED631A9FED621ADFED610A9FED55
:1029E000600A58485430FFF717FC9FED5D3AF1EE4E
:1029F000042A9FED5C2ADFED5A1A9FED591ADFED8C
:102A0000580AB7EE000A5848F5F780FE9FED543A91
:102A1000DFED532A9FED532ADFED511A9FED501A37
:102A2000DFED4F0A9FED4E0A4F484030F5F76EFE3E
:102A3000F0EE003AB1EE043ADFED4A2A9FED4B2A60
:102A4000DFED471A9FED4A1AF3EE040AB2EE040ACC
:102A50004548B430FFF7E0FBDFED413A9FED403AE7
:102A6000DFED402A9FED3E2ADFED3D1A9FED3C1A37
:102A7000DFED3B0A9FED3A0A3E48FFF7CDFB9FEDA5
:102A8000383AF1EE042A9FED372ADFED351A9FED33
:102A9000341ADFED330AB7EE000A3648D830F5F7BE
:102AA00035FE9FED2F3ADFED2E2A9FED2E2ADFED2A
:102AB0002C1A9FED2B1ADFED2A0A9FED290A2E48CA
:102AC000F5F724FEDFED263AB1EE003ADFED252AD8
:102AD0009FED232ADFED221A9FED211ADFED200A58
:102AE000B2EE040A20488C38FFF796FBB1EE043AA8
:102AF000F1EE042A9FED1B2AF0EE081A9FED181A3A
:102B0000F1EE040AB7EE000A17484038F5F7FEFD6B
:102B1000FFF75EFE0B4890ED700A80ED710A90EDB4
:102B2000740A80ED750A90EDE60A80EDE70A90EDF3
:102B3000EA0A80EDEB0A0020024981F8E00381F8FF
:102B4000E10310BDF00300200AD7A3BCC3F5C8C041
:102B5000C3F5C8405A642B409A9999BECDCCCC3E5F
:102B6000000000006F12833A1C050020CDCCCC3D44
:102B7000CDCC4C3F1C0600203407002010B5044685
:102B800004B910BD94ED711AF0EE410A94ED701A7B
:102B9000B0EE410A04F10800FFF756FA84ED750A19
:102BA00094ED751AF0EE410A94ED741AB0EE410AF4
:102BB00004F59670F5F7E2FC84ED010A00BFE0E74A
:102BC00010B5044604B910BD94ED711AF0EE410A37
:102BD00094ED701AB0EE410A04F10800FFF734FAE0
:102BE00084ED750A94ED751AF0EE410A94ED741AAD
:102BF000B0EE410A04F59670F5F7C0FC84ED010AC9
:102C000000BFE0E710B5044604B910BD94ED6E0AAC
:102C1000DFED1B0AB4EEE00AF1EE10FA0DD294EDEE
:102C20006E0ADFED180AB4EEE00AF1EE10FA04DDE8
:102C30009FED150A84ED6F0A03E09FED140A84ED01
:102C40006F0A94ED6F1AF0EE410A94ED6E1AB0EE31
:102C5000410A04F1A000FFF7F7F984ED730A94ED3F
:102C6000731AF0EE410A94ED721AB0EE410A04F1C3
:102C7000EC00F5F783FC84ED010A00BFC5E7000016
:102C8000C3F5C83FC3F5C8BF00000000C3F5484006
:102C900010B51448006800780D2802D1EEF70EFD3B
:102CA0000AE010480068007810B9EEF729FD03E04B
:102CB0009FED0D0AEEF75CFC0A48D0F8D8010078C9
:102CC0000D2802D1EEF792FC0BE00648D0F8D801AF
:102CD000007810B9EEF7ACFC03E09FED030AEEF7C5
:102CE00009FC10BDF00300200000000008B101B194
:102CF00002B970479FED040A80ED000A9FED020AB9
:102D000081ED000A00BFF4E7000000001CB59FED54
:102D10004F0A8DED010A9FED4D0A8DED000A4C4AD8
:102D2000694601A8FFF736FC4A48808B401C494998
:102D300088830846808BB0F5167F02DB4FF416704F
:102D40008883434890F8E003022826D141488078E0
:102D500088B14048808B40F2262188420BDC3D48F8
:102D6000D0F803003A49C1F8C4013A48D0F80F003E
:102D7000C1F89C0356E0364890ED700ADDED010A7B
:102D800030EE200A80ED710A90EDE60ADDED000AD2
:102D900030EE200A80EDE70A44E02D4890F8E00389
:102DA000032809D12A4890ED700A80ED710A9DED43
:102DB000000A80EDE70A35E02748007CC0F3810077
:102DC000012825D12348807888B12248808B40F2A1
:102DD000262188420BDC1F48D0F803001C49C1F8AB
:102DE000C4011C48D0F80F00C1F89C0310E018483B
:102DF00090ED700ADDED010A30EE200A80ED710AD7
:102E000090EDE60ADDED000A30EE200A80EDE70ADB
:102E10009DED000A1148FFF7E5FA9DED010A0C4807
:102E2000FFF7E0FA0A4890F8E00320B1084890F86C
:102E3000E003032808D1064890ED700A80ED710A7E
:102E400090EDE60A80EDE70A1CBD000000000000DE
:102E5000F0030020C216002091150020C8050020B4
:102E600010B50248FFF7E0FB10BD0000F0030020A2
:102E7000C92003F0C1F9FFF75FFD08E0FFF708FF85
:102E8000FFF7A6FCFFF788FC012003F0B5F904204A
:102E900002F0E4FB0028F1D1052002F0DFFB00285E
:102EA000ECD13548006800780128E7D13248D0F8E5
:102EB000D80100780128E1D15DE0FFF7D1FFFFF7ED
:102EC00087FCFFF723FFFFF70DFCFFF765FC00F021
:102ED00059F802F00FFC29480078401C2749087077
:102EE00008460078022843DB0020087002F0B6FB99
:102EF00038B9042002F0B2FB18B9052002F0AEFB8D
:102F0000B0B11D4800680078012805D11A48D0F8F2
:102F1000D8010078012802D0FFF7BAFE28E09FED23
:102F2000180AEEF7E7FA9FED160AEEF721FB1FE00D
:102F3000114800680078012805D10F48D0F8D80161
:102F40000078012802D0FFF7A3FE11E00A48D0ED77
:102F5000770AF1EE600AB0EE600AEEF7CBFA0648A7
:102F6000D0ED010AF1EE600AB0EE600AEEF700FB68
:102F7000012003F041F9A0E7F00300200200002047
:102F8000000000002DE9F0412DED048BF848408849
:102F90004005B0F1A07F05DCF5484088400510F100
:102FA000A07F05DAF24840884005401505B200E0F0
:102FB0000025EF48B0F80300800440150A2807DC1C
:102FC000EB48B0F803008004401510F10A0F06DA50
:102FD000E748B0F803008004401504B200E0002484
:102FE000E34840884005B0F1485F05DCE048408890
:102FF0004005B0F14E4F05DADD48408840054015E8
:1030000006B200E00026DA480089000540150A28CB
:1030100006DCD74800890005401510F10A0F05DAD3
:10302000D34800890005401507B200E0002700EEF4
:10303000105AF8EEC00A9FEDCF1A80EE810AF1EE29
:10304000040A20EE200AF6EE000A20EE200AB0EE76
:10305000409AF0EE040A00F027FEF0EE408AC648DF
:10306000C0EDFA8A00EE104AF8EEC00A9FEDC11AD0
:1030700080EE810AF1EE040A20EE200AF6EE000A44
:1030800020EE200AB0EE409AF0EE040A00F00CFEAA
:10309000B0EE408AB84880EDF98A00EE106AB8EECA
:1030A000C00ADFEDB40A80EE201A9FEDB40A21EECB
:1030B000000A80EDFC0AB7F5C87F03DD022180F825
:1030C000F4130BE017F5C87F04DA0321AA4880F84F
:1030D000F41303E00121A84880F8F413A64890ED0A
:1030E0006E0A80EDFE0AA248C079C0F30110C1B299
:1030F000A14880F8EC139E48C079C0F380100128E5
:1031000009D19B48C079C0F30110012803D10821DF
:10311000994880F8EC139A4841899748A0F8FE1323
:10312000984801899448A0F8FC139148007CC0F3AA
:103130000110012805D1B0EE040A934880ED000A81
:1031400004E09FED920A904880ED000A8A4890F8CA
:10315000E00304287DD10121874880F8EC138448DE
:10316000407C00F0010000EE900AB8EEE01A8848BA
:10317000D0ED000ADFED871A41EE210A7C48407C41
:1031800000F0020001EE100AB8EEC11ADFED811A5C
:1031900041EE610AB0EE600A7B48D0ED000A00F013
:1031A00083FD7B4880ED000A7148407C00F00100FF
:1031B00048B96F48407C00F0020020B99FED760AC4
:1031C000734880ED000A724890ED000AB0EE408A24
:1031D000694880EDF98A6648407CC0F3801028B1C8
:1031E0009FED6E0A644880EDFC0A0FE06048407C69
:1031F000C0F3C01028B19FED610A5F4880EDFC0A62
:1032000004E09FED650A5C4880EDFC0A5848407C6C
:10321000C0F300106249086008460068012803D125
:103220000821554880F8EC135D4800685D49086046
:10323000514890F8EC0308283DD14D48407C00F0FF
:10324000040000EE900AB8EEE01A5748D0ED000AEC
:1032500000E0A6E1DFED551A41EE610A4448407CEA
:1032600000F0080001EE100AB8EEC11ADFED4F1AA7
:1032700041EE210AB0EE600A4348D0ED000A00F0AA
:1032800013FD494880ED000A3948407C00F00400F5
:1032900048B93748407C00F0080020B99FED3E0A4D
:1032A000414880ED000A404890ED000AF0EE408A67
:1032B0003148C0EDFA8A01212F4880F8F4132C48D8
:1032C000407C00F0200018B102212B4880F8F41354
:1032D0002748B0F8110000F4007018B10321264807
:1032E00080F8F41332480068324908602048B0F88A
:1032F0001100C0F300202E4908600846006801282C
:1033000003D109211C4880F8EC132B4800682B4995
:1033100008601748B0F81100C0F340302649086033
:1033200008460068012806D10721134880F8EC13ED
:10333000032180F8F41322480068224908600C48F1
:10334000B0F81100C0F3C0201D49086008460068AD
:10335000012849D11C480068401C1B4908600846E8
:1033600000680A2832DA0021034880F8EC1331E0C3
:103370009115002000002544F00300209A99993E01
:103380004818002055180020480000206666E63FD7
:103390004C0000208FC2753C000000009A9999BE35
:1033A0001C00002020000020500000206F12833BF2
:1033B000280000202C000020380000203C000020C5
:1033C0001000002014000020180000200121804877
:1033D00080F8EC131FED100A7D4880ED770A1FED91
:1033E000120A80ED010A02E000207A4908607A485A
:1033F00000687A4908607A48B0F81100C0F380305C
:10340000754908600846006874490968401A01282F
:1034100007D17448007808B9012000E00020714904
:1034200008707048007828B9694890ED6E0A80ED00
:10343000FE0A2EE06648D0ED6E0A9FED6B1A70EE24
:10344000810AB0EE600A9FED691ADFED690A00F0AB
:1034500042FC5F4880EDFE0A90EDF90AB1EE400AA9
:1034600080EDF90A90EDFC0AB1EE400A80EDFC0A0D
:1034700090F8210408280CD1554890EDF90AB1EED6
:10348000400A80EDF90A90EDFA0AB1EE400A80EDAB
:10349000FA0A58480068012865D15148407C00F07C
:1034A0002000D0B306214A4880F8EC135248006847
:1034B000524908604A48B0F81100C0F340204E4914
:1034C00008600846006801281DD14C480068D0B942
:1034D0004B4890ED080ADFED4B0A30EE200A80EDF4
:1034E000080A90ED080ADFED480AB4EEE00AF1EEB2
:1034F00010FA03DD9FED430A80ED080A404890ED85
:10350000080A80ED0A0A3648007C00F00300012812
:1035100012D13B4890ED0B0A00E024E0DFED3B0ABE
:1035200030EE200A80ED070A90ED0D0ADFED370A34
:1035300030EE200A80ED090A2948007CC0F38100A2
:10354000012810D12E4890ED0B0ADFED300A30EE45
:10355000600A80ED070A90ED0D0ADFED2C0A30EECF
:10356000600A80ED090A1E48007CC0F301100128A2
:1035700003D10521164880F8EC1325480068254939
:1035800008601748B0F81100C00B214908600846D0
:10359000006820490968401A012802D172B6F1F783
:1035A000C7F8002002F05AF868B91B48007828B91B
:1035B000012019490870EDF7BDFE04E0002016490E
:1035C0000870EDF711FFBDEC048BBDE8F081000041
:1035D000F003002018000020080000200C0000204C
:1035E0009115002004000020C3F54840DB0F49403E
:1035F000DB0F49C0100000204000002044000020E4
:10360000D4070020CDCCCC3D85EBD13ECDCC4C3E7B
:1036100030000020340000200100002008B101B17A
:1036200002B970479FED040A80ED000A9FED020A7F
:1036300081ED000A00BFF4E70000000038B5002467
:103640000E49601818220E49FEF793FA18340B49F8
:10365000601801226946FEF78CFA9DF800000949BE
:10366000087008460078552803D0012006490870E4
:1036700003E000210248FDF77DF838BD00000A088C
:103680006C090020800000208100002010B500247B
:103690000A49081918220A49ECF79EFF183407480E
:1036A00008490978015501210748FEF74BFA122213
:1036B00002490548FEF768FA10BD000084090020A1
:1036C0006C0900208000002000000A0808B101B148
:1036D00002B9704790ED000AD1ED000A9FED0F1A74
:1036E00001EE600A80ED000A90ED010AD1ED010AB9
:1036F0009FED0A1A01EE600A80ED010A90ED020AC0
:10370000D1ED020A9FED051A01EE600A80ED020A72
:1037100013885B1C138000BFDBE7000052499D3912
:10372000F0B50546059C00207FE093ED050A00EB0F
:103730004006404F07EB8606D6ED000A20EE200A31
:10374000D3ED060A00EB400607EB860696ED011A5C
:1037500000EE810AD3ED070A00EB400607EB860670
:1037600096ED021A00EE810A334E06EB8006D6ED86
:10377000000A30EE200A05EB800686ED000A93ED84
:10378000010A00EB40062D4F07EB8606D6ED000A36
:1037900020EE200AD3ED020A00EB400607EB860676
:1037A00096ED011A00EE810AD3ED030A00EB400604
:1037B00007EB860696ED021A00EE810A204E06EB14
:1037C0008006D6ED000A30EE200A01EB800686ED79
:1037D000000A94ED010A00EB40061A4F07EB86063B
:1037E000D6ED000A20EE200AD4ED020A00EB4006D6
:1037F00007EB860696ED011A00EE810AD4ED030A66
:1038000000EB400607EB860696ED021A00EE810AF1
:103810000D4E06EB8006D6ED000A30EE200A02EBD4
:10382000800686ED000A461CF0B20328FFF67DAF45
:10383000F0BD0000B0000020FC090020D4000020F2
:10384000140A0020F80000203C0A002010B500BF38
:103850005021EFF3118081F31188BFF34F8FBFF335
:103860006F8F00BF04465748007800F0010088B30E
:103870005548806C0068006800F0010050BB524859
:10388000C06C0068006800F0010018BB4F48007869
:1038900000F00200F0B94E48007800F00200C8B90C
:1038A0004848007820F00100464908700846007832
:1038B00040F002000870002201214648F0F7C3FAE8
:1038C000082245494548F5F789FE00BF84F3118871
:1038D00000BF10BDFFE73D48007800F0010088B34D
:1038E0003948806C0068006800F0010050BB364821
:1038F000C06C0068006800F0010018BB3148007817
:1039000000F00200F0B93248007800F00200C8B9B7
:103910002E48007820F001002C49087008460078F5
:1039200040F002000870002210212D48F0F78BFAB9
:1039300009222C492C48F5F751FE00BF84F3118869
:1039400000BFC6E7FFE72248007800F0010088B317
:103950001D48806C0068006800F0010050BB1A48E8
:10396000C06C0068006800F0010018BB15480078C2
:1039700000F00200F0B91548007800F00200C8B964
:103980001348007820F001001149087008460078BB
:1039900040F002000870002210211148F0F753FA9D
:1039A000042212491248F5F719FE00BF84F311886A
:1039B00000BF8EE7FFE700BF84F3118800BF00BFA0
:1039C00087E70000A9000020B0210020AA00002005
:1039D000AB0000200004024088000020900000207E
:1039E00000000240CC09002098000020A100002027
:1039F000A500002001490968486370478824002019
:103A000010B52DED028BB0EE408A25480078F0B15C
:103A1000DFED240AB0EE480A2348F4F7AFFD224850
:103A200090ED080AB5EEC00AF1EE10FA03D29FED50
:103A30001F0A80ED080A1C4890ED080ABCEEC00A77
:103A400010EE100A84B22046FFF7D4FF1BE09FED72
:103A5000150AB4EEC08AF1EE10FA10DD14480078B1
:103A6000401C1349087008460078C82807DD01206B
:103A70000B4908709FED0F0A0B4880ED0A0A41F2CE
:103A80008730FFF7B7FF9FED0C0AB4EEC08AF1EE66
:103A900010FA02DD0120FFF7ADFFBDEC028B10BD77
:103AA0001D01002000003442780A002000000000C0
:103AB0001E01002000401C4500005C4210B51D485E
:103AC0000021016001711C48016001711B480180E7
:103AD00081701B48017020211A48ECF7FCFD1A4840
:103AE000002101601948016019480180817019485E
:103AF00001800D211848ECF7EEFD10211748ECF776
:103B0000EAFD10211648ECF7E6FD16480021017089
:103B10001548018015480170154801608180817148
:103B200014480180144801601448016041608160BC
:103B300010BD000090010020950100209A01002096
:103B40009D010020281800209E010020A2010020D5
:103B5000A6010020A90100204818002055180020C7
:103B600065180020AB010020AC010020AE01002050
:103B7000AF010020B6010020B80100207518002018
:103B8000704700001FB504466420012103AA0B46BC
:103B9000CDE90021029022461C210348F0F736FAB5
:103BA0009DF80C0004B010BDCC20002013B584B0EB
:103BB00004466420012105AA0B46CDE900210290AC
:103BC00022461C210248F0F781FB06B010BD000020
:103BD000CC20002010B5012240210248F0F733F933
:103BE00010BD00000018024010B50022402102481C
:103BF000F0F729F910BD000000180240704710B519
:103C00000446204600F0E8F810BD000070B500251D
:103C10000024FFF7B5FFFFF7F1FFFFF7E5FF3220C4
:103C2000FFF7EDFFFFF7D6FF3220FFF7E8FF002098
:103C3000FFF7A8FF0546102D01D0402070BD0120E0
:103C4000FFF7DDFF002424E004EB4402134B1A4489
:103C5000517804EB4402985CFFF7A8FF0120FFF7BE
:103C6000CEFF04EB44010D4A505CFFF78BFF054685
:103C70000120FFF7C4FF04EB4400084908444078E2
:103C8000A84204D004EB440008448078D6E7601CC6
:103C9000C4B2042CD8DB0020D0E70000748E0108E9
:103CA00000487047DC170020B0EE401AB4EEE01A6E
:103CB000F1EE10FA02DDB0EE600A7047B1EE600A74
:103CC000B4EEC01AF1EE10FA02D2B1EE600AF4E7D7
:103CD000B0EE410AF1E7B4EEE01AF1EE10FA00D2CC
:103CE0007047B4EEC10AF1EE10FA0EDD31EE602A33
:103CF000F0EE421A03E030EE612AB0EE420AB4EE72
:103D0000C10AF1EE10FAF6DC13E0B4EEE00AF1EECF
:103D100010FA0ED231EE602AF0EE421A03E030EED5
:103D2000212AB0EE420AB4EEE00AF1EE10FAF6D320
:103D300000BF00BFD4E70000F0F74CFCF8F7C6F96D
:103D4000F3F7BCFEF3F7F0FDF3F72EFDF3F760FD9C
:103D5000F3F792FDF3F7B4FDF3F7ACFFF4F738F89F
:103D6000F4F778F9F4F7C6F9F4F7B4FAF4F720FAAF
:103D7000F3F7C8FDF3F7FEFFF3F7BCFFF3F7DAFF45
:103D8000F4F70AF8F4F748F8F4F7A0F8F4F714F9A0
:103D9000F4F766F8F4F782FAF4F7B8FAFCF722FDC4
:103DA000FCF768FD01F024F802F0CAF8F4F7CCFE45
:103DB0000548F2F745FA08210348F2F763FCF3F7E8
:103DC00009FE00F011F8FEE7B0230020002184284E
:103DD00000D0C11C0846704710B5002800D1012052
:103DE00002F00AFA002010BD10B502F0E3FA00203C
:103DF00010BD30B585B004460D466169B4F90800C0
:103E0000002910D0A16971B1FFF7E0FF6269A169D3
:103E10000192029100902B4622692168606802F0AD
:103E20005FFF049010E0FFF7D1FF04A9019100901B
:103E3000208A2B4682B22168606802F01BFF0128AD
:103E400002D005B0002030BD049805B030BD0000A0
:103E5000002801D10648006808B13430704750206E
:103E600080F31188BFF34F8FBFF36F8FFEE7000021
:103E7000A002002000487047AC1700202DE9F04157
:103E800004460F461B4EF5683168002081F8520049
:103E90003068001D02F05EF848B93068012190F8E2
:103EA0002C0001FA00F0316921EA00003061B4F120
:103EB000FF3F07D137B13068BDE8F041011D0E4822
:103EC00002F0A5B82C4430684460AC4206D2306899
:103ED000011DB06BBDE8F04102F07EB83068011DF5
:103EE000706B02F079F8B06A844200D2B462BDE827
:103EF000F0810000A0020020C044002038B5044634
:103F000002F092F8254DA868401CA860286810B1FE
:103F1000686938B10CE02C60A868012808D100F06D
:103F2000ADF905E02868E16AC06A884200D82C60D3
:103F3000686A401C686264B12046F4F7C5FE236BD2
:103F4000206804F13401C01A00902046E26AF8F7B4
:103F500041F82046F4F71CFFE06A01212A698140FC
:103F6000114329610E4900EB800001EB8000211D07
:103F700002F04DF802F078F8686900280CD0286843
:103F8000E16AC06A884207D206494FF08050086053
:103F9000BFF34F8FBFF36F8F38BD0000A00200202A
:103FA000E443002004ED00E038B502F03DF80F4C8A
:103FB0002068B8B90E4802F001F80E4801F0FEFF83
:103FC0000B48E0601430206100200B4B009003F19F
:103FD000480210210A2002F065FB206010B107A101
:103FE00002F0C6F8BDE8384002F03EB8DC0200201E
:103FF000BC450020D0450020D4440020546D7251AF
:104000000000000070B50D4C6068002815D00C4E03
:1040100002F00AF8F068C568281D01F09BFFA0684F
:10402000401EA0606068401E606002F01DF82846D7
:1040300000F051F860680028EAD170BDA0020020AD
:10404000AC4400200B46026C002A0CD0C16811441D
:10405000C160D0F808C0614501D30168C160C16882
:104060001846ECF7B9BA70472DE9F04104461646F8
:104070000027A56B226C002A10D0C6B1E068ECF7CF
:10408000ABFAE168206C091AE1602268914202D221
:10409000A168081AE060022E16D017E02068A8B9BF
:1040A000A06802F01BFF07460020A0600EE06068D9
:1040B000ECF792FA216C606808446060A16888425D
:1040C00004D32068606001E005B16D1E681CA06328
:1040D0003846BDE8F08110B5044694F85110002927
:1040E0000BD0012911D0022914D0502080F311885F
:1040F000BFF34F8FBFF36F8FFEE7206B01F0CAFF56
:104100002046BDE8104001F0C5BF2046BDE8104084
:1041100001F0C0BF10BD00000749CA68116800293E
:1041200004D00021016019B1002070470121F9E796
:10413000D068006870470000DC0200204FF4C041E6
:10414000104810F0070F06D0C01D20F007000D49E1
:10415000411AC1F5C0410C4A10600023536001446C
:10416000083921F00701183A11604B600B600B1AF7
:10417000436001604068906050604FF000405061C3
:1041800070470000E445002008030020074E4FF070
:104190008054074DFFF736FF30680128FAD92C60AC
:1041A000BFF34F8FBFF36F8FF4E70000E4430020AD
:1041B00004ED00E070B5054604980C461E46002C40
:1041C0000DD00260C5630464012102F0A3FA3346F6
:1041D00022462946BDE870407320F4F7FBBE00601C
:1041E000F0E72DE9F05F82460B9F0A9D0C9C0E467E
:1041F00090469B464FEA8801A522206BECF763FAB4
:10420000206BA8F1010100EB810020F007094FF0BD
:10421000000866B100202218315C82F83410315C4D
:1042200011B1401C1028F6D384F8438001E084F8D3
:104230003480072D00D30625E5626564C4F8488004
:10424000201D01F0C6FE04F1180001F0C2FE246139
:10425000C5F10700A0616462C4F84C8084F8508006
:1042600084F852805A465146484600F009FB2060C7
:10427000002F00D03C60BDE8F09F000070B5002426
:104280000F4D04EB840005EB800001F097FE641CE9
:10429000072CF6D30B4801F091FE0B4801F08EFE7F
:1042A0000A4801F08BFE0A4801F088FE094801F037
:1042B00085FE0948034941631431816370BD0000E4
:1042C000E4430020704400208444002098440020EF
:1042D000AC440020C0440020A002002010B41449C7
:1042E00000E011460A688242FBD34B6803EB010CE5
:1042F000844503D140681844486008460C68D0F8EB
:1043000004C00CEB0003A3420CD10A4B1B689A4279
:1043100006D05268624442600A681268026002E095
:10432000036000E00260814200D0086010BC70476A
:1043300008030020F002002010B500244160006155
:10434000DFF838C091420BD8D11A8269914201D36B
:10435000012410E0011DDCF8100001F03DFE0AE030
:104360009A4203D2994201D3012404E0011DDCF8F2
:104370000C0001F031FE204610BD0000DC020020E0
:1043800010B5044601F050FEA06B20B1002401F0EE
:104390006BFE204610BD0124F9E710B5044601F07C
:1043A00043FEA06BE16B884201D1012400E00024B0
:1043B00001F05AFE204610BDF8B505460E461748D6
:1043C000C068C068C468201D01F0C4FD94F82400D2
:1043D00010F0040F18D0A0692B4641193246204630
:1043E000FFF7AAFFA0B100200346014600902A462D
:1043F000204602F0A7FE58B9502080F31188BFF381
:104400004F8FBFF36F8FFEE720F0010084F8240088
:10441000216A01B02046BDE8F0400847DC020020D8
:1044200030B587B0414D002202A9286802F002FB96
:10443000002875D00298002803DA039A0599049899
:1044400090470298002864DB049C606910B1201D2D
:1044500001F080FD01A800F0B3F8024602980A2896
:1044600057D2DFE800F00505052F364D05052F363C
:1044700094F8240040F0010084F824000398A16916
:10448000034601442046FFF757FF002841D0216A28
:104490002046884794F8240010F0040F39D00020FB
:1044A00000900398A169002342181946204602F0A3
:1044B00049FE70BB502080F31188BFF34F8FBFF3CC
:1044C0006F8FFEE794F8240020F0010084F82400A8
:1044D0001FE094F8240040F0010084F824000398C1
:1044E000A06128B1811813462046FFF725FF10E090
:1044F000502080F31188BFF34F8FBFF36F8FFEE71B
:1045000094F8240010F0020F0CD020F0010084F881
:104510002400002202A9286802F08CFA002889D120
:1045200007B030BD204601F0B5FDF2E7DC02002007
:10453000F8B505460C4601F093FF684600F040F8D8
:104540000646009810B102F061FDF8BD44B9B542CD
:1045500006D802F05BFD31462846FFF72DFFF8BD77
:104560000C481CB10169096891B10024A91B2246BD
:10457000006801F01BFE02F049FD0028EFD106495A
:104580004FF080500860BFF34F8FBFF36F8FF8BDBF
:104590000124EBE7DC02002004ED00E00749486B52
:1045A0000068002805D0486BC068C0684068886211
:1045B00070474FF0FF30886270470000A002002073
:1045C00070B5044602F010FC0546074EB0688542FF
:1045D00004D200F043F80120206001E000202060B8
:1045E000B560284670BD0000DC0200202DE9F00116
:1045F00004460025206800282BD060684068606071
:1046000004F10807B84201D1426862606068C66878
:10461000606840686060B84201D14268626060686A
:10462000C0680023002200EB020C9CF834C011F893
:104630000280E04501D0012304E0BCF1000F01D16C
:104640000546012313B9521C102AECD30DB9B04210
:10465000DED12846BDE8F00170470000F8B51C4ED9
:10466000F0680068002826D00027F068C068056858
:10467000C468201D01F06EFC216A2046884794F82A
:10468000240010F0040F12D0A0692844A84206D9D3
:1046900060602461211DF06801F09EFC07E00023AA
:1046A0002A4619462046009702F04CFD40B1F068BA
:1046B00000680028D9D1F0683169F1603061F8BD37
:1046C000502080F31188BFF34F8FBFF36F8FFEE749
:1046D000DC02002000210278A52A04D1401C491CDC
:1046E0000278A52AFAD0880880B270470A48406844
:1046F000B0F1FF3F07D0502080F31188BFF34F8FF8
:10470000BFF36F8FFEE7502080F31188BFF34F8F08
:10471000BFF36F8FFEE700001003002082B001A8F6
:10472000FFF7FAFC0199FFF703FFFFF779FEF6E7C1
:1047300070B5044601F078FC94F94550002D0CDD6D
:10474000606A50B104F1240002F020FC08B101F0CD
:1047500087FD681E45B2002DF2DC4FF0FF3684F86D
:10476000456001F081FC01F05FFC94F94450002D9C
:104770000CDD206950B104F1100002F007FC08B113
:1047800001F06EFD681E45B2002DF2DC84F8446035
:10479000BDE8704001F068BC2DE9F04105460026F7
:1047A00001F05EFE344F386808B9FFF7C7FC78693E
:1047B000054251D19DB1083515F0070F0FD005F016
:1047C0000700C0F10800054415F0070F07D050207E
:1047D00080F31188BFF34F8FBFF36F8FFEE7002D7B
:1047E0003AD07868854237D824490846046801E001
:1047F000214604466068A84202D220680028F7D10A
:104800003868844228D0086800F1080620680860EB
:104810006068411B10290FD9601910F0070F07D0ED
:10482000502080F31188BFF34F8FBFF36F8FFEE7E7
:1048300041606560FFF752FD61687868401A7860F2
:10484000BA68904200D2B86078690843606000207E
:104850002060F868401CF86002F0D8FB16F0070FE3
:1048600007D0502080F31188BFF34F8FBFF36F8FB5
:10487000FEE73046BDE8F081F0020020080300208A
:10488000001F4FF080730360001F21F001010160E1
:10489000001F0549016014380260001F6FF002011B
:1048A0000160203870470000ED46010810B52DED7D
:1048B000028B04469FED1D0AB0EE408AD4ED000A3B
:1048C00060EEA00A94ED011AD4ED011A41EE210A1E
:1048D00094ED021AD4ED021A41EE210A94ED031A66
:1048E000D4ED031A41EE210AB0EE600AECF74EFA5D
:1048F000B0EE408A94ED000A20EE080A84ED000A2A
:1049000094ED010A20EE080A84ED010A94ED020AF2
:1049100020EE080A84ED020A94ED030A20EE080A4C
:1049200084ED030ABDEC028B10BD00000000000006
:104930007FB5A0B004461546BDF88C00093086B29C
:1049400080216846EBF7E9FE8DF80040BDF88C0049
:10495000ADF80100144800788DF803000521684681
:10496000FBF7AEFBBDF88400ADF80500BDF88C2068
:1049700029460DF10700EBF72FFE31466846FBF79D
:1049800087FB09480078FF2803D1002006490870FA
:1049900004E005480078401C034908703146684629
:1049A00001F004FA24B070BDC001002038B50446FF
:1049B000002000900025564821680160217901718E
:1049C0006D1D601900880090AD1CBDF8000040F21C
:1049D0000322811A904261D018DCB0F5817F40D06B
:1049E0000ADC012826D002282BD003282DD0A0F2E3
:1049F0000110002873D12EE0A0F2031080B301282B
:104A00003BD0FE283ED0FF287ED141E0052961D071
:104A100008DC012948D002294AD003294DD00429B5
:104A200072D14EE006295BD0FE295ED0B1F5807FC1
:104A30006AD163E0611937480A88028089788170F9
:104A400063E03548615D01705FE061192022334801
:104A5000EBF7C2FD59E0611931480968016054E083
:104A600004E061192F48096801604EE060192E4981
:104A700002880A808078887047E061192B4809888D
:104A8000018042E061190D222948EBF7A5FD3CE0C9
:104A9000611910222748EBF79FFD36E061191022BB
:104AA0002548EBF799FD30E02448615D01702CE06A
:104AB000611923480988018027E02248615D01705F
:104AC00023E06019204902680A6082888A80807920
:104AD00088711AE061191D480988018015E013E00A
:104AE00061191B48096801600FE0601919490268E3
:104AF0000A6042684A608068886006E061190F2297
:104B00001548EBF769FD00E000BF00BF38BD0000AD
:104B1000900100209A0100209D010020281800200B
:104B20009E010020A2010020A6010020A901002072
:104B3000481800205518002065180020AB010020FF
:104B4000AC010020AE010020AF010020B601002022
:104B5000B8010020751800208118002070B50025CC
:104B6000A5264F4C95E04F48FCF726FF054694F8E4
:104B7000860006287ED2DFE800F003142038445F68
:104B8000B5420AD10120873404F8010C2188481C61
:104B900024F88709A01D455402E00020A4F88700EE
:104BA00076E0A580B4F88710481CA4F88700A01D03
:104BB0004554022084F886006AE0A08840EA052077
:104BC000A080B4F88710481CA4F88700A01D4554A5
:104BD000A088772803D2032084F8860004E0002010
:104BE00084F88600A4F8870052E034F8871F2088F4
:104BF000401C24F88709A01D4554042084F8860031
:104C000046E034F8871F2088401C24F88709A01D3F
:104C10004554B4F8870005280DD10521A01D01F0E9
:104C20008BFC18B1052084F8860004E0002084F88D
:104C30008600A4F887002BE0B4F88710A08809301C
:104C4000814207D234F8871F2088401C24F8870946
:104C5000A01D4554B4F88710A0880930814210D3B4
:104C6000002084F88600A4F88700A08800F10901DC
:104C7000A01D00E006E001F03FFC10B1A01DFFF711
:104C800095FE05E0002084F88600A4F8870000BFA8
:104C900000BF0448FCF708FF00287FF464AF70BD34
:104CA000341300201C0F00200024FEF707FF4FF4F0
:104CB000806248494848FCF79CFE4FF4007247491F
:104CC000A1F5007000F0D6FF82E004F10A0084B282
:104CD000FFF744FFFCF716FB4148B0F81100012133
:104CE00021EA101038B13E48B0F8110000F480609D
:104CF00008B1012000E0002028B13A4801883A4874
:104D00000088FCF733FC3648007A01210840374917
:104D100008704FF47A7094FBF0F100FB114008B971
:104D2000002452E0C82094FBF0F100FB114038B998
:104D300002222C4801882C480088F2F751FB44E0FD
:104D4000962094FBF0F100FB114038B9022225486F
:104D5000018825480088FCF7B7FC36E07D2094FBED
:104D6000F0F100FB114038B902221E4801881E48AC
:104D70000088FCF7CDF928E0642094FBF0F100FBFB
:104D8000114038B902221748018817480088FCF7FB
:104D90003DFB1AE0322094FBF0F100FB114038B9E2
:104DA00002221048018810480088FCF79DF80CE0AA
:104DB000AF2094FBF0F100FB114030B9022209480A
:104DC000018809480088FCF71FF80A20FFF704F85B
:104DD0007BE70000340F00201C0F00201C0D00207A
:104DE00091150020BE010020BC01002030010020F0
:104DF00010B52A220249A1F12A00F3F7A9FC10BD3F
:104E0000E615002000487047FC17002000B101B9EA
:104E1000704702780A7042784A708278C37842EA12
:104E20000322A2F58062120413144A8863F30A0273
:104E3000120412144A80C278D210037942EA431253
:104E4000A2F5806212041314B1F8032063F3CD02BB
:104E500012041214A1F8032002799211437942EA54
:104E60008302837942EA8322A2F58063D1F803208A
:104E700063F39832C1F8032082795210C37942EA71
:104E8000C312A2F5806212041314CA8863F34B02A2
:104E900012041214CA80C279C2F30713CA7963F3E9
:104EA0000512CA71C279C2F38713CA7963F38612F5
:104EB000CA71C279C2F3C713CA7963F3C712CA7140
:104EC000037A0A7A63F300020A72027A5210437A72
:104ED00042EAC312A2F58062120413140A8963F332
:104EE0004B02120412140A81427AC2F307134A7A5F
:104EF00063F304124A72827AC37A42EA032212B23C
:104F00004A81027B437B42EA032212B28A81827B7E
:104F1000C37B42EA032212B2CA81027C0B7C62F399
:104F200001030B74027C92080B7C62F383030B7405
:104F3000027C12090B7C62F305130B74427C837CA8
:104F400042EA0322A1F81120C27C037D42EA032237
:104F5000A1F8132000BF5BE710B5224890ED131AAB
:104F6000F0EE410A90ED151AB0EE410A0C30F3F75D
:104F700005FB1C4890ED0B0ABDEEC00A10EE100AAE
:104F800000B218490881084690ED2A1AF0EE410A4D
:104F900090ED2C1AB0EE410A6830F3F7EFFA1148A1
:104FA00090ED220ABDEEC00A10EE100A01B20D48C3
:104FB000A0F8641090ED411AF0EE410A90ED431A0A
:104FC000B0EE410AC430F3F7D9FA064890ED390A39
:104FD000BDEEC00A10EE100A01B20248A0F8C010DF
:104FE00010BD00003C0800201D48006890ED040A38
:104FF0001B4880ED150AC06D90ED040A184880ED3D
:105000002C0AD0F8B80090ED040A154880ED430A48
:10501000D0F8B80090ED050A114880ED440A114817
:10502000D0F803000E49C1F82801084690ED4A0A5D
:10503000F3EE090AB4EEE00AF1EE10FA0EDD90F894
:105040002C0158B9012081F82C01074890ED000A85
:10505000DFED060A30EE600A80ED000A70470000BE
:105060003C080020AF0100206C00002000004842F6
:105070002048008920494989401A2049088008466B
:10508000008800280DDD08460088282809DC1C4817
:1050900090ED410AF0EE000A80EE201A80ED411AF0
:1050A0001AE016480088282809DD1448008882285C
:1050B00005DC134890ED410A80ED410A0CE00F48F1
:1050C0000088822808DD0E4890ED410AF7EE080AB4
:1050D00020EE200A80ED410A074840891E3005492C
:1050E0000989884204DB9FED070A054880ED410AE3
:1050F0007047000048180020551800207E0000204E
:105100003C0800200000000010B500202B4981F869
:105110001401FEF7C5FD29490860FFF773FE274912
:10512000C86500F0A7FA2549C1F8B8009FED243AF8
:10513000DFED242A9FED242ADFED211A9FED201AAE
:10514000DFED1F0AB3EE0E0A01F10C00F3F7DEFAF1
:105150009FED1B3ADFED1B2A9FED1B2ADFED181A8E
:105160009FED171ADFED160AB3EE0E0A13486830EA
:10517000F3F7CCFA9FED123ADFED142A9FED122AD5
:10518000DFED0F1A9FED0E1ADFED0D0A9FED100AED
:105190000A48C430F3F7BAFAFFF726FF00200749A0
:1051A000A1F8160181F81901A1F81A01A1F81E0150
:1051B000A1F8240181F82C0110BD00003C0800205A
:1051C0000000000000007A456F12833A00401C4640
:1051D0000000964410B5894890F81401052872D251
:1051E000DFE800F003114072BF009FED850A83489D
:1051F00080ED130A9FED820A80ED2A0A9FED800A56
:1052000080ED410AF8E07F4890ED000ADFED7E0A6C
:1052100030EE200A794880ED130A7A4890ED000AB2
:10522000DFED7A0A30EEC00A744880ED2A0A9FED5D
:10523000740A80ED410A7648007A0121084001286D
:105240000AD07348407CC0F3401050B17048B0F8A9
:105250001100C0F3003020B1B8EE080A674880EDB5
:10526000410AC9E0674890ED000ADFED670A30EEB9
:10527000200A624880ED130A624890ED000ADFEDD3
:10528000630A30EEC00A5D4880ED2A0AB2EE0C0ACD
:1052900080ED410A5E48007A0121084001280AD0C9
:1052A0005B48407CC0F3401050B15948B0F8110041
:1052B000C0F3003020B1B8EE080A504880ED410A32
:1052C00000F0DCF998E096E04E4890ED000ADFED42
:1052D0004E0A30EE200A494880ED130A494890ED05
:1052E000000ADFED4A0A30EEC00A444880ED2A0A7F
:1052F000B2EE0C0A80ED410A4648807802280ED1B1
:105300003E4890ED440ADFED440A30EE200A80ED7D
:10531000420AB0F82401401C3849A1F8240137485A
:1053200090ED420AD0ED440A30EE600AB5EEC00AB4
:10533000F1EE10FA04DDB2EE0C0A80ED410A04E051
:105340009FED2F0A2D4880ED410A00F097F92B4878
:1053500090F8180120B19FED2A0A284880ED410AF3
:105360004AE0284890ED000ADFED270A30EE200AD7
:10537000224880ED130A234890ED000ADFED230A4E
:1053800030EEC00A1D4880ED2A0A224880780228A3
:105390000ED11A4890ED440ADFED1F0A30EE200AC4
:1053A00080ED420AB0F82401401C1449A1F8240100
:1053B000124890ED420AD0ED440A30EE600AB5EE94
:1053C000C00AF1EE10FA04DDB2EE0C0A80ED410ADB
:1053D00004E09FED0B0A094880ED410A074890ED73
:1053E000410AF2EE0C0AB4EE600AF1EE10FA01D1B5
:1053F00000F044F900E000BF00BF10BD3C080020F1
:10540000000000006C00002000801DC400801D44CE
:1054100091150020C2160020CDCC4C3E594890F882
:105420001401584981F815015748C079C0F3C010DC
:1054300001280DD1084690F8230148B9084690F894
:10544000220108B9012000E000204E4981F8220124
:105450004C4890F8220120B900204A4981F81401F3
:1054600003E00120474981F814014748407AC0F31E
:105470000010012803D10220424981F81401434859
:1054800090F8E00304285AD1414800684149086077
:105490003D48B0F81100C0F300303D4908600846AF
:1054A00000683C490968401A01280ED13648407C02
:1054B000C0F3401048B9334890F8220108B90120E0
:1054C00000E000202F4981F822012F48007C00F0E5
:1054D000030001280ED12C48407CC0F3401048B98D
:1054E0002948B0F81100C0F3C02018B9022025499E
:1054F00081F814012448007CC0F3810001281ED1EA
:105500002148007C00F00300012818D11E48407C8F
:10551000C0F3401098B91C48B0F81100C0F3C02087
:1055200068B90420174981F814011B480078042148
:10553000B1EB101F03D00120124981F81401174864
:10554000807A012804D102200E4981F8140110E06C
:105550001248807A032804D101200A4981F81401F5
:1055600007E00E48807A022803D10020054981F81F
:1055700014010548C079C0F3C010024981F8230125
:10558000704700003C08002091150020F003002027
:1055900064000020680000209A010020A615002069
:1055A00000B52DED048B83B041EC190B02F0B2FC79
:1055B00041EC180B18EE100A18EE901A8DED008BC6
:1055C000002818BF0120084320F00040C0F17F6090
:1055D00000F1E040C00F14D019EE101A19EE900A35
:1055E0008DED009B002918BF0121084320F00040E9
:1055F000C0F17F6000F1E040C00F04BF0120EBF775
:10560000BBF851EC180B03B0BDEC048B00BD10B51A
:1056100000EE100A2DED028BB1EEC08A18EE100AD2
:1056200020F00040C0F1FF40C00F0AD010EE100A79
:1056300020F00040C0F1FF40C00F04BF0120EBF795
:105640009BF818EE100ABDEC028B10BD10B5F2F7F6
:1056500079FE0120FEF7C0FBFBE70000014601EBED
:10566000C100034A02EB8000C07CC0F340107047C9
:10567000BD13002000487047BC1700207047000091
:1056800070B506460C4600F0CFFC184D2868C06C7B
:1056900080B92968012081F850005CB101212046C1
:1056A000FEF7ECFB12484FF080510160BFF34F8FC3
:1056B000BFF36F8F00F0D8FC00F0B6FC22463146F5
:1056C0004220F3F749FC2868C46C002034B116B1BD
:1056D0002968C86402E02A68611ED164296881F8DB
:1056E000500000F0C1FC204670BD0000A002002068
:1056F00004ED00E010B52DED108BB64890ED0C0ACE
:1057000010EE101A084603F00BF841EC1A0BB148E2
:1057100090ED0C0A20EE000A10EE101A084602F076
:10572000FFFF41EC1F0B9FEDAC0B53EC102B01F076
:10573000A9FE41EC1E0B9FEDAA0B53EC102B02F0BF
:10574000EDFC41EC1D0B9FEDA80B53EC102B01F071
:10575000CBFF41EC1C0B9FEDA60B53EC102B01F083
:10576000C3FF41EC1B0B53EC1A2B01F0BDFF41ECC6
:10577000190BB0EE490AF0EE690AF9F719FBB0EE21
:10578000408AF0EE608A51EC180B01F019FD9A493D
:10579000C1F824048F48D0ED0B0A9FED981A71EEE2
:1057A000600A1C3090ED091A70EEC10AB0EE600A72
:1057B000EAF7DAFDDFED920A20EE200ABDEEC00A1C
:1057C0008448403080ED020A4038D0ED0B0A9FED4E
:1057D0008B1A71EE600A1C3090ED091A70EEC10A46
:1057E000B0EE600AEAF7FCFDDFED850A20EE200A44
:1057F000BDEEC00A10EE100A41427F48C0F83014D6
:105800007448D0ED0B0AB0EE600AEAF7ADFD7148BE
:10581000D0ED0C0A9FED7B1A60EE810A20EE200A83
:10582000BDEEC00A10EE100A41427348C0F83414AD
:105830006848D0ED0B0AB0EE600AEAF7D1FD654882
:10584000D0ED0C0A9FED6F1A60EE810A20EE200A5F
:10585000BDEEC00A10EE100A41426748C0F8381485
:105860005C4890ED0E0A10EE101A084602F058FF40
:1058700041EC1A0B574890ED0E0A20EE000A10EE8C
:10588000101A084602F04CFF41EC1F0B9FED520B23
:1058900053EC102B01F0F6FD41EC1E0B9FED500B6D
:1058A00053EC102B02F03AFC41EC1D0B9FED4E0B1C
:1058B00053EC102B01F018FF41EC1C0B9FED4C0B2F
:1058C00053EC102B01F010FF41EC1B0B53EC1A2B87
:1058D00001F00AFF41EC190BB0EE490AF0EE690A3B
:1058E000F9F766FAB0EE408AF0EE608A51EC180BD8
:1058F00001F066FC4049C1F828043648D0ED0D0A95
:105900009FED3E1A71EE600A403090ED011A70EE84
:10591000C10AB0EE600AEAF727FDDFED390A20EE92
:10592000200ABDEEC00A2B48403080ED060A403800
:10593000D0ED0D0A9FED311A71EE600A403090ED06
:10594000011A70EEC10AB0EE600AEAF749FDDFED18
:105950002C0A20EE200ABDEEC00A10EE100A4142C9
:105960002548C0F840141B48D0ED0D0AB0EE600A7F
:10597000EAF7FAFC1748D0ED0E0A9FED221A60EE06
:10598000810A20EE200ABDEEC00A10EE100A414244
:105990001948C0F844140F48D0ED0D0AB0EE600A63
:1059A000EAF71EFD0B48D0ED0E0A9FED161A60EEC9
:1059B000810A20EE200ABDEEC00A10EE100A414214
:1059C0000D48C0F848141048FAF798FEBDEC108B4B
:1059D00010BD0000D4070020DBD781734694A63F9A
:1059E000000000000000B03F000000000000004088
:1059F000E17A14AE47E1CA3FF0030020DB0F4940D3
:105A000000001643000016449018002091ED000A93
:105A1000B1EE400A80ED010A91ED010AB1EE400AB3
:105A200080ED020A91ED020AB1EE400A80ED030A10
:105A300091ED000A80ED040A91ED020A80ED060A5C
:105A400091ED010AB1EE400A80ED070A91ED010ADD
:105A500080ED080A91ED020AB1EE400A80ED090AD4
:105A600091ED000A80ED0B0A91ED020A80ED0C0A1F
:105A700091ED010A80ED0D0A91ED000AB1EE400AA8
:105A800080ED0E0A7047000010B54A4B1B685B6939
:105A900043F04003474C24686361464B1B685B69D5
:105AA00043F08003434C24686361424B1B68DB680E
:105AB00043F010033F4C2468E3603F4B1B681B68B6
:105AC00023F001033C4C2468236007E03A4B1B6839
:105AD0001B6823F00103384C24682360364B1B6895
:105AE0001B6803F00103002BF0D1334B1B68334CD0
:105AF000A34204D9E314314C4C3C236019E02E4BF3
:105B00001B682F4CA34204D9E3142C4C503C236057
:105B10000FE0294B1B682A4C603CA34204D9E314D4
:105B2000274CB83CE36004E04FF40063244CB83CDD
:105B3000A360244B204C2468A3601F4B1B68D860D3
:105B40001D4B1B6819611C4B1B685A601A4B1B6864
:105B50001B6843F48023184C24682360164B1B6891
:105B60001B6843F00103144C24682360164B1B6828
:105B70001B6823F00103144C2468236007E0124BD8
:105B80001B681B6823F001030F4C246823600E4B35
:105B90001B681B6803F00103002BF0D1094B0A4C72
:105BA0002468A3600023084C2468E360064C246842
:105BB000636010BDD0240020FC2500205864024002
:105BC000B8600240041001409C250020264A12685B
:105BD000126822F00102244B1B681A6007E0224A77
:105BE0001268126822F001021F4B1B681A601E4ADD
:105BF0001268126802F00102002AF0D11A4A1268F3
:105C00001A4B9A4205D94FF00062184B4C3B1A6070
:105C10001BE0154A1268164B9A4205D94FF00062F4
:105C2000124B503B1A6010E00F4A1268104B603B59
:105C30009A4205D94FF000620D4BB83BDA6004E0A0
:105C40004FF000620A4BB83B9A60074A1268D06076
:105C5000054A12685160044A1268126842F0010253
:105C6000014B1B681A6070479C2500205864024055
:105C7000B860024010B5474B1B685B6943F04003B6
:105C8000444C24686361434B1B685B6943F08003A9
:105C9000404C246863613F4B1B68DB6843F0100392
:105CA0003C4C2468E3603C4B1B681B6823F00103F9
:105CB000394C2468236007E0374B1B681B6823F0CE
:105CC0000103354C24682360334B1B681B6803F0C9
:105CD0000103002BF0D1304B1B68304CA34204D998
:105CE000E3142E4C4C3C236019E02B4B1B682C4CCE
:105CF000A34204D9E314294C503C23600FE0264B07
:105D00001B68274C603CA34204D9E314244CB83CE4
:105D1000E36004E04FF40063214CB83CA360214BE6
:105D20001D4C2468A3601C4B1B68D8601A4B1B6871
:105D30001961194B1B685A60174B1B681B6843F4A9
:105D40008023154C24682360134B1B681B6843F0A9
:105D50000103114C24682360134B1B681B6823F05C
:105D60000103114C2468236007E00F4B1B681B687C
:105D700023F001030C4C246823600B4B1B681B6849
:105D800003F00103002BF0D1064B074C2468A360FD
:105D900010BD000058250020BC2600205864024099
:105DA000B8600240041401401C270020264A1268F3
:105DB000126822F00102244B1B681A6007E0224A95
:105DC0001268126822F001021F4B1B681A601E4AFB
:105DD0001268126802F00102002AF0D11A4A126811
:105DE0001A4B9A4205D94FF40012184B4C3B1A60DB
:105DF0001BE0154A1268164B9A4205D94FF400125F
:105E0000124B503B1A6010E00F4A1268104B603B77
:105E10009A4205D94FF400120D4BB83BDA6004E00A
:105E20004FF400120A4BB83B9A60074A1268D060E0
:105E3000054A12685160044A1268126842F0010271
:105E4000014B1B681A6070471C27002058640240F1
:105E5000B860024010B553202049087050204870A7
:105E6000012088701E480068C1F803001C48406883
:105E7000C1F807001A488068C1F80B001848C068CC
:105E8000C1F80F001748D0F8C001C1F81300154839
:105E9000D0F8D001C1F817001248D0F89803C1F823
:105EA0001B001048D0F8A803C1F81F009FED0E0A90
:105EB00010EE100AC1F823000C48B0F82401A1F834
:105EC0002700EF2081F829002A220948EAF7C9FBB8
:105ED0002A210748FFF77AFE10BD0000981600201F
:105EE000000B0020F00300200000B4413C0800201B
:105EF000E01600200278532A20D14278502A1DD182
:105F00008278C91C01F8012CD0F803200A60D0F86F
:105F10000F20CA600A6800EE102AB1EE400A10EEA7
:105F2000102A0A60CA6800EE102AB1EE400A10EE8C
:105F3000102ACA600022A1F81920C91E704700006B
:105F400010B538220249A1F13800FFF79DFD10BDC0
:105F5000601600200169436882689A60836842681D
:105F60005A604A68824201D182684A600022026116
:105F70000868401E0860086870470000002801D1CA
:105F800002480068006BFEF7A5BB0000A0020020DD
:105F9000034B036003F154000860802010607047D9
:105FA0009C180020044B036003F1540008604FF478
:105FB0008070106070470000F01A002000F10801A6
:105FC00041604FF0FF328260C160016100210160D9
:105FD000704700210161704710B4D1F800C0BCF1D6
:105FE000FF3F02D000F1080202E0026904E01A4615
:105FF00053681C686445FAD953684B6099608A609D
:10600000516008610168491C016010BC704742681A
:106010004A6093688B609368596091600861016879
:10602000491C016070470000502080F31188BFF3C5
:106030004F8FBFF36F8F0A494868401C48600128A2
:106040000CD10848006810F0FF0F07D0502080F3F3
:106050001188BFF34F8FBFF36F8FFEE770470000CB
:106060001003002004ED00E009494868002806D02C
:10607000401E4860002801D180F3118870475020ED
:1060800080F31188BFF34F8FBFF36F8FFEE70000DF
:106090001003002070B500282AD0A0F10804154D87
:1060A00060686969084207D1502080F31188BFF306
:1060B0004F8FBFF36F8FFEE722683AB1502080F315
:1060C0001188BFF34F8FBFF36F8FFEE78843606087
:1060D00000F0C6F960686968084468602046FEF709
:1060E000FDF82869401C2861BDE8704000F08EBFB3
:1060F00070BD0000F00200204FF0E020002101619F
:10610000816105494FF47A720968B1FBF2F1491EC9
:1061100041610721016170470802002010B5EAF7CC
:10612000FFF8114910280ED300F1E02090F8F00399
:106130000A78904207D2502080F31188BFF34F8F26
:10614000BFF36F8FFEE709480068896800F4E060DC
:10615000884207D9502080F31188BFF34F8FBFF3D7
:106160006F8FFEE710BD0000100300200CED00E073
:1061700010B50C4600210C4B53F831C0BCF1000F98
:1061800003D0491C0829F7D310BD43F8314003EB75
:10619000C1014860F3F73AF922460146BDE81040D4
:1061A0007120F2F7D9BE0000A443002070B5044668
:1061B0000D461646FFF738FF94F94400B0F1FF3F53
:1061C0004FF0000001D184F8440094F94510B1F17A
:1061D000FF3F01D184F84500FFF746FFA06B28B9C7
:1061E0003246294604F1240000F0C4F82046BDE8F8
:1061F0007040FEF79DBA000010B504460020002C48
:1062000016D01148006B38B1502080F31188BFF3CD
:106210004F8FBFF36F8FFEE700F022F92146232056
:10622000F2F76CFE00212046FDF728FE00F0EEFE9E
:10623000002807D105494FF080500860BFF34F8F09
:10624000BFF36F8F10BD0000A002002004ED00E03E
:1062500002490A6A0260C96841607047A0020020D2
:1062600001490120C8617047A00200202DE9F041DA
:1062700004460D46002C1DD0FFF750FF5020EFF3D1
:10628000118680F31188BFF34F8FBFF36F8F94F89F
:106290005070022084F85000E06C401CE0642046FE
:1062A000F3F7B4F801462A464120F2F755FE012FD4
:1062B00008D025E0502080F31188BFF34F8FBFF343
:1062C0006F8FFEE7A06A38B1502080F31188BFF3CA
:1062D0004F8FBFF36F8FFEE7164F386B4FF00108FB
:1062E00090B104F118011448FFF791FEE06A396893
:1062F000C96A884204D90DB1C5F80080C7F81C806E
:1063000086F31188BDE8F081201DFFF723FE2046AB
:10631000F2F73EFDE06A3A6908FA00F1114339618B
:10632000064900EB800001EB8000211DFFF76FFEA6
:10633000DCE70000A002002098440020E443002095
:1063400010B50C4600280BD0094A126802F118015A
:10635000FFF742FE2046BDE810400121FDF78EBD4B
:10636000502080F31188BFF34F8FBFF36F8FFEE78C
:10637000A002002070B50D461446002810D00C492C
:1063800009681831FFF743FE0CB14FF0FF352420A8
:10639000F2F7C8FE21462846BDE87040FDF76EBD05
:1063A000502080F31188BFF34F8FBFF36F8FFEE74C
:1063B000A002002030B587B000250695059504AAF7
:1063C00005A906A8FFF7E4FD06980599019102903A
:1063D000002300951EA12048049A00F081FC1F4C68
:1063E000E06208B1012000E00020012801D100F0A6
:1063F00075FE01280AD0B0F1FF3F26D1502080F36E
:106400001188BFF34F8FBFF36F8FFEE7502080F3EB
:106410001188BFF34F8FBFF36F8F4FF0FF30A06233
:1064200001206061E5602068052209A13430EAF7A7
:1064300088F818B12068F2F779FC01E0F2F72AFC3D
:1064400007B0BDE8304000F08FB807B030BD0000A5
:1064500049444C45000000008D410108A002002085
:106460000248016B491C016370470000A002002034
:1064700010B51D4C206B002802D00120E06110BD3A
:106480000020E0612069B0FA80F0C0F11F001749D8
:1064900000EB800051F82020CAB101EB8000416878
:1064A0004968416000F10802914201D149684160A8
:1064B0004068C0682060206805220DA13430EAF7EA
:1064C00040F860B12068BDE81040F2F72FBC5020C2
:1064D00080F31188BFF34F8FBFF36F8FFEE7BDE8E6
:1064E0001040F2F7D7BB0000A0020020E4430020D8
:1064F00049444C450000000070B505460C46002696
:106500000DB1022C01D8002070BDA11E09480288DF
:106510002846FBF7FFFB0646F1B2A01E285C81422D
:1065200006D1601E285CB0EB162F01D10120EBE7ED
:106530000020E9E7C201002070B505460C460026A0
:106540000DB1022C01D8002070BD611EFF2228462B
:10655000FBF7FAFB0646601E285CB04201D1012021
:10656000F2E70020F0E7000010B582B0384801687B
:10657000384A914207D1502080F31188BFF34F8FE2
:10658000BFF36F8FFEE700683349884207D1502080
:1065900080F31188BFF34F8FBFF36F8FFEE72F4952
:1065A00008780190FF200870087800909DF800009E
:1065B0009DF8002000F0F000904207D0502080F3BA
:1065C0001188BFF34F8FBFF36F8FFEE79DF8000078
:1065D000234C00F0500020700720A0609DF80000C0
:1065E00010F0800F0BD0A068401EA0609DF8000046
:1065F000400000909DF8000010F0800FF3D1A068DB
:10660000032807D0502080F31188BFF34F8FBFF3CA
:106610006F8FFEE74FF44070A0600198087011483A
:10662000016841F470010160016841F0704101604E
:10663000FFF762FD00206060E9F73AFE0A48016852
:1066400041F040410160E9F71FFE02B0002010BD9B
:1066500000ED00E071C20F4170C20F4100E400E0A4
:106660001003002020ED00E034EF00E010B5F2F759
:10667000C1FB502080F31188BFF34F8FBFF36F8FA2
:1066800000F0C0FB30B106494FF080500860F2F7CF
:10669000FDFB01E0F2F7E0FB002080F3118810BD64
:1066A00004ED00E038B5049D002804D05BB102B1D0
:1066B00089B1C2B120E0502080F31188BFF34F8F21
:1066C000BFF36F8FFEE7502080F31188BFF34F8F29
:1066D000BFF36F8FFEE7502080F31188BFF34F8F19
:1066E000BFF36F8FFEE739B1502080F31188BFF3FD
:1066F0004F8FBFF36F8FFEE74FF0480CCDF800C00F
:106700001C46012384F846302B460094FDF752FDC9
:10671000204638BD70B504460D46002C25D0FFF745
:1067200083FC226CE16B206801FB0200A06000206A
:10673000A06320686060E16B226C2068491E01FB49
:106740000200E0604FF0FF3084F8440084F8450018
:106750009DB104F11000FFF731FC04F12400FFF7B4
:106760002DFCFFF781FC012070BD502080F31188C3
:10677000BFF34F8FBFF36F8FFEE720690028F0D083
:1067800004F1100000F002FC0028EAD004494FF0A8
:1067900080500860BFF34F8FBFF36F8FE1E70000B9
:1067A00004ED00E02DE9FF4784B004468A461D460B
:1067B0000026002C03D0BAF1000F08D011E05020C1
:1067C00080F31188BFF34F8FBFF36F8FFEE7206C0C
:1067D00038B1502080F31188BFF34F8FBFF36F8F14
:1067E000FEE7022D0AD1E06B012807D0502080F38C
:1067F0001188BFF34F8FBFF36F8FFEE700F0E6FA0B
:1068000048B9069838B1502080F31188BFF34F8FF4
:10681000BFF36F8FFEE700274FF08058DFF830910D
:10682000FFF702FCA06BE16B884205D3022D03D079
:10683000069858B3D6B33EE02046F2F7E7FD01468E
:10684000009552465A20069BF2F710FC2A46514604
:106850002046FDF709FC616A59B104F1240000F0FB
:1068600095FB68B1C9F80080BFF34F8FBFF36F8FFE
:1068700006E028B1C9F80080BFF34F8FBFF36F8FD8
:10688000FFF7F2FB08B00120BDE8F087FFF7ECFB53
:106890002046F2F7BBFD0146009552465A20069B62
:1068A000F2F7E4FB08B00020BDE8F087FFE702A89C
:1068B000FFF7CEFC0126FFF7D7FBFFF7D1FDFFF76F
:1068C000B3FB94F94400B0F1FF3F01D184F8447068
:1068D00094F94500B0F1FF3F01D184F84570FFF70E
:1068E000C3FB06A902A800F079F990B12046FDF794
:1068F0001FFF00F08BFB2046F2F788FD0146009554
:1069000052465A20069BF2F7B1FB08B00020BDE8C2
:10691000F0872046FDF741FD98B104F1100006997B
:10692000FFF70EFD2046FDF703FF00F06FFB002888
:106930007FF476AFC9F80080BFF34F8FBFF36F8F3E
:106940006EE72046FDF7F4FE00F060FB68E700000C
:1069500004ED00E02DE9F0470446894617461E463F
:10696000002C03D0B9F1000F08D011E0502080F3C3
:106970001188BFF34F8FBFF36F8FFEE7206C38B1E4
:10698000502080F31188BFF34F8FBFF36F8FFEE766
:10699000022E0AD1E06B012807D0502080F3118825
:1069A000BFF34F8FBFF36F8FFEE7FFF7B7FB5020AA
:1069B000EFF3118880F31188BFF34F8FBFF36F8F10
:1069C000A06BE16B88420ED3022E0CD02046F2F76A
:1069D0001DFD01463A466020F2F7BEFA002088F31A
:1069E0001188BDE8F08794F94550A06B2046F2F776
:1069F0000DFD01463A466020F2F7AEFA32464946AE
:106A00002046FDF731FBB5F1FF3F04D0681C84F848
:106A100045000120E3E7606A0028FAD004F1240071
:106A200000F0B4FA0028F4D0002FF2D00120386032
:106A3000EFE700002DE9F74F84B004468B460025B0
:106A4000002C03D0BBF1000F08D011E0502080F3E0
:106A50001188BFF34F8FBFF36F8FFEE7206C38B103
:106A6000502080F31188BFF34F8FBFF36F8FFEE785
:106A700000F0ACF948B9069838B1502080F311887D
:106A8000BFF34F8FBFF36F8FFEE74FF00108002772
:106A90004FF08059DFF840A1FFF7C6FAA66B3EB36E
:106AA00059462046FDF7CEFA0020F2F7AFFC054626
:106AB0002046F2F7ABFC0146CDF800802A465C2068
:106AC000069BF2F7D3FA701EA063206950B104F15F
:106AD000100000F05BFA28B1CAF80090BFF34F8FA6
:106AE000BFF36F8FFFF7C0FA07B00120BDE8F08F4A
:106AF000069808B1ADB118E0FFF7B6FA0020F2F73A
:106B000085FC05462046F2F781FC0146CDF8008061
:106B10002A465C20069BF2F7A9FA07B00020BDE8E0
:106B2000F08F02A8FFF794FB0125FFF79DFAFFF70E
:106B300097FCFFF779FA94F94400B0F1FF3F01D1D7
:106B400084F8447094F94500B0F1FF3F01D184F816
:106B50004570FFF789FA06A902A800F03FF8E0B1F6
:106B60002046FDF7E5FD00F051FA2046FDF708FC50
:106B7000002891D00020F2F749FC05462046F2F7A4
:106B800045FC0146CDF800802A465C20069BF2F7C2
:106B90006DFA07B00020BDE8F08F2046FDF7F0FB4E
:106BA00098B104F124000699FFF7CAFB2046FDF7CF
:106BB000BFFD00F02BFA00287FF46EAFCAF80090FA
:106BC000BFF34F8FBFF36F8F66E72046FDF7B0FD31
:106BD00000F01CFA60E7000004ED00E02DE9F04150
:106BE00005460C46002D14D0DCB1FFF71DFADFF886
:106BF00080C0DCF80C006B68C11ADCF800200026AD
:106C000092F85220AAB1DCF8000080F8526001240A
:106C100029E0502080F31188BFF34F8FBFF36F8FAF
:106C2000FEE7502080F31188BFF34F8FBFF36F8FC3
:106C3000FEE72268B2F1FF3F08D02F68DCF820C0E1
:106C4000674505D0834203D801240CE000240AE004
:106C50008A4206D9501A20602846FFF7F9FA002424
:106C600001E026600124FFF7FFF92046BDE8F0812E
:106C7000A00200202DE9F04F85B081460F9F0E9EA7
:106C80008A4690469B464FEA8800FDF785FD0546FB
:106C900028000AD05420FDF77FFD04460CB125637F
:106CA00004E02846FFF7F6F900E000249CB100203C
:106CB00084F8510003905B46424651460197009686
:106CC00002944846FDF78DFA2046FDF717F905B006
:106CD0000120BDE8F08F05B04FF0FF30BDE8F08F28
:106CE00070B586B00646DDF828C00C9C0B980028CD
:106CF00016D0ECB1542504952063022084F851008D
:106D0000002005AD0390CDF800C0019502943046F7
:106D1000FDF767FA2046FDF7F1F8059806B070BD5B
:106D2000502080F31188BFF34F8FBFF36F8FFEE7C2
:106D3000502080F31188BFF34F8FBFF36F8FFEE7B2
:106D40002DE9F041074607243846E9F726FC1028CC
:106D500007D3502080F31188BFF34F8FBFF36F8F9D
:106D6000FEE7FFF77DFB154E641E04EB840006EB87
:106D700080003946FDF73AFC05460DB9002CF3D1E9
:106D80000F4C25B93946606BFDF730FC054625B937
:106D90003946A06BFDF72AFC054625B93946094856
:106DA000FDF724FC054625B939460748FDF71EFCCA
:106DB000054600F02BF92846BDE8F081E4430020A9
:106DC000A0020020C0440020AC44002005484169D6
:106DD000002903D0006B18B10020704701207047D4
:106DE00002207047A00200200148C06870470000E0
:106DF000A002002010B5FFF791F90148C06810BD4E
:106E0000A00200202DE9F0470026324F386B002801
:106E100005D0B869401CB8613046BDE8F087F86815
:106E2000451CFD609DB9786B006838B1502080F337
:106E30001188BFF34F8FBFF36F8FFEE7786BB96B8D
:106E40007963B863386A401C3862FDF7A7FBB86AFB
:106E5000DFF8848085420FD34FF00109786B00681A
:106E600038B1786BC068C4686068854212D2B86275
:106E700002E04FF0FF30B8623868C06A00EB800073
:106E800058F82000012800D90126F8690028C3D04D
:106E90000126C1E7201DFFF75DF8A06A18B104F1D3
:106EA0001800FFF757F82046F1F772FFE06A3A69D9
:106EB00009FA00F11143396100EB800008EB800012
:106EC000211DFFF7A4F8E06A3968C96A8842C5D372
:106ED0000126C3E7A0020020E44300202DE9F04191
:106EE00004460020002C4AD0264D2A68944207D040
:106EF000502080F31188BFF34F8FBFF36F8FFEE7F1
:106F0000A26C72B1521EA264E36A616C8B4236D0ED
:106F1000002A34D1201DFFF71DF81B4E012740B178
:106F200013E0502080F31188BFF34F8FBFF36F8FB2
:106F3000FEE7E26A02EB820056F8200028B92969D0
:106F400007FA02F021EA0000286121464A20F1F701
:106F5000D5FF606CE062C0F10700A0612046F1F748
:106F600017FFE06A2A6907FA00F11143296100EB73
:106F7000800006EB8000211DFFF749F80120BDE8E5
:106F8000F0810000A0020020E443002070B5C0683A
:106F9000C468002C14D004F11800FEF7DBFF184D74
:106FA000286B0126A0B104F118011648FFF72FF84D
:106FB000E06A2968C96A88421FD90120EE6170BD64
:106FC000502080F31188BFF34F8FBFF36F8FFEE720
:106FD000201DFEF7BFFF2046F1F7DAFEE06A2A69BE
:106FE00006FA00F111432961074900EB800001EB2B
:106FF0008000211DFFF70BF8DAE7002070BD0000CC
:10700000A002002098440020E44300202DE9F0472E
:107010000024A0462E4D286B002807D0FFF704F867
:10702000286B401E2863286B40B14CE0502080F351
:107030001188BFF34F8FBFF36F8FFEE7A86800285A
:1070400041D0244F3868012618B3A7F1B409F86875
:10705000C46804F11800FEF77DFF201DFEF77AFFDB
:107060002046F1F795FEE06A2A6906FA00F111431D
:10707000296100EB800009EB8000211DFEF7C7FFAE
:10708000E06A2968C96A884200D3EE61386800283E
:10709000DDD10CB1FDF782FAAC6944B1FFF7B2FE65
:1070A00000B1EE61641E002CF8D10020A861E869EF
:1070B00048B14FF0010808494FF080500860BFF315
:1070C0004F8FBFF36F8FFEF7CFFF4046BDE8F087CD
:1070D000A00200209844002004ED00E030B587B005
:1070E0000024FCF761FF134D2868B0B10020069022
:1070F000059004AA05A906A8FEF754FF059906986D
:10710000022200920191029000230BA10C48049AE4
:10711000FFF7E6FD686000B1012414B107B0204616
:1071200030BD502080F31188BFF34F8FBFF36F8FB6
:10713000FEE70000DC020020546D722053766300ED
:107140001D470108F0B585B084460A9D16461F46C6
:107150000022BCF1000F14D0164C206800B300913F
:107160000196CDF808C006291BDAFFF72FFE02288A
:107170000FD000231A4669462068FFF713FB02462A
:1071800015E0502080F31188BFF34F8FBFF36F8F4E
:10719000FEE700232A4669462068FFF703FB024604
:1071A00005E000233A466946FFF7D4FB024605B0E6
:1071B0001046F0BDDC020020004870479C170020FC
:1071C00021F00042A2F16052B2F5801F01F00043AD
:1071D00028BFD2F17E6C51D9F1EE10CA1CF4400FD9
:1071E00014D15FEAC00C43EAC20202EB507008BF40
:1071F00070475FEA4C0C40F10000DFF880C241F0BC
:10720000998128BF20F0010001F094B9C30001F07A
:10721000004343EAC20202EB507008BF70471B42B2
:1072200048BF4FEA4C0C1CF4000F08BF401CDFF8AD
:107230004CC201F07FB9C30001F0004343EAC2022F
:1072400002EB507204BF104670471B4248BF4FEA22
:107250004C0C1CF4000FDFF824C218BF104641F09C
:10726000698108BF521C12F4000F08BF104601F0DC
:10727000618121F0004201F0004330E050EA410C0E
:1072800004BF084670475FEA125CBCF1FE0F1ED1D6
:10729000F1EE10CA1CF4400FCDD15FEAC00C9BD0B8
:1072A0005FEA001C4FEAC20C4CEB507C04BFC200EA
:1072B0002CEAD27C1CF4000F04BF4CEA0300DFF878
:1072C000BCC101F0378121F00042A2F16052B2F559
:1072D000801F4FEA410C2ADB1CF5001F16D2F1EE8D
:1072E00010CA1CF4806F06D02CF0005C4CF0805C5F
:1072F000A1F140612AE04FF07F40DFF884C143EA0A
:10730000500001F017B9084601F0C5BA70B500F099
:10731000E9FC00BF000000B988000004FFF7F3BFDC
:1073200021F0704243EA507040EAC2007047F1EE2B
:1073300010CA2CF0805C4CF0005C1CF4006F25D06F
:107340004B00B3F5001F51D301F140611CF4400F15
:1073500040F07E800CF0405CC3004CF0880C11D0F3
:107360005CF0404C10F0805F0CD0034610F10050F0
:1073700041F10001020108BF20F00050834218BF14
:107380002CF0004C00F0604001F081BB1CF4400F79
:107390001AD01B4248BF4FEA4C0C1CF4000F13D10B
:1073A00012F1406248BF22F07F424FEAC00CBCF1AC
:1073B000010F43EAC20242EB50704FF0880228BF2F
:1073C00042F0804201F06CBA12F1406248BF22F0F4
:1073D0007F425FEAC00C43EAC20242EA50704FF0BB
:1073E000880218BF42F0404201F05ABA01F000434F
:1073F00021F00041094214D0B1FA81FCACF10B0C30
:10740000CCF1200201FA0CF120FA02F241EA020169
:107410004FEA0C5200FA0CF0A1EB020181EA0301E1
:107420000FE0B0FA80F200FA02F002F115024FEA22
:10743000D0214FEA0252A1EB02014FEA405081EA0B
:107440000301F1EE10CA2CF0805C4CF0005C7BE78D
:1074500062460CF0405CC3004CF0880C92D05CF0AB
:10746000404C094248BF520012F4000F8AD110F17B
:10747000005041F100012CF0004C83D18800004005
:107480008800001010B5DFF840E211F5801C13F5FC
:1074900080141EEA4C0F18BF1EEA440F00F0C8808B
:1074A00091EA030F48BF83F0004300F14C86841A31
:1074B00071EB030C05D2121943EB0C03001B61EBBB
:1074C0000C014FEA1154A4EB135C23EA6E0321EA8A
:1074D000045143F48013DCF1200E53D322FA0CFE46
:1074E00010EB0E0023FA0CFE41EB0E01CCF1200E46
:1074F00003FA0EFE10EB0E0051F10001B1F5801FF2
:10750000CCF1200E53D201EB045112FA0EF2BDE879
:10751000104008BF7047F1EE10CA1CF4400F1ED196
:107520004FF0110C92F0000F4CF0804C41F10280B2
:10753000401C38BF5FEA420240F0FC87002814BFBD
:1075400020F0010041F100014FEA410313F5001F53
:1075500024BF4CF0805CA1F1C04100F0EBBF11F002
:10756000004F54BF1CF4000F1CF4800F4FF0110C9F
:107570004CF0804C40F0DE87401CC0F0DB8741F1CE
:107580000001E1E7012A43EB0302ACF1200CDCF13E
:107590001F0E32BF4FF0000E23FA0CF310EB030066
:1075A00041EB0451B4EB115FAFD0A1EB045101F5F5
:1075B000801149085FEA300002FA0EF242EA420204
:1075C00001EB04515FEA320213D0BDE81040F1EE46
:1075D00010CA1CF4400F1AD14FF0110C92F0000F9A
:1075E0004CF0804CB0D5401C38BF5FEA4202ABD1B2
:1075F000A4E7BDE810404FEA410313F5001F38BF70
:107600007047DFF8C8C0A1F1C04100F093BF11F08E
:10761000004F54BF1CF4000F1CF4800F4FF0110CEE
:107620004CF0804C90D1401C8ED341F100018BE78F
:107630004EF4001E3EEA410418BF3EEA430439D02E
:1076400091EA030F48BF83F0004300F17786841A64
:1076500071EB030C05D2121943EB0C03001B61EB19
:107660000C0152EA430E4FEA1154A4EB135C13D001
:107670005FEA445E21EA04511CBF23F00043ACF1F1
:10768000010C7FF428AFBDE810404FF0110C8018BA
:1076900041EB030100F039BE5FEA445EBDE81040F3
:1076A00018BF704750EA410C08BF70474FF0110CEB
:1076B00000F02BBEBDE8104070B500F013FB00BF1A
:1076C00064FBBE3E110000040000C0FF110000106A
:1076D000491058BFC1F140415B1058BFC3F140434E
:1076E0008B42EFF3008070472DE9C04130B4DFF8E2
:1076F00064C33CEA111418BF3CEA131400F04B8138
:1077000081EA03051CEA111444EAD57418BF1CEA87
:10771000131500F01D81A4EB05044FF0004545EA68
:10772000C12145EAC32341EA505143EA525304F1CF
:107730007F74994204F500344FEAC0204FEAC22218
:1077400008BF904200F0D0804FEA13650FF2042684
:10775000765D4FEA134506FB05F7C7F1807706FB18
:1077600007F74FEAD737A7FB03687642C8F580389A
:10777000A7FB06CE38BFA8F1010807FB08E64FF0CB
:10778000000EA6FB028CE6FB03CEDCF1000CCEF172
:10779000004E38BFAEF1010EA6FB0C584FF00007AB
:1077A0004FF00005E6FB0E87A1FB08C6A0FB07CE45
:1077B00016EB0E0645F10005E1FB076515F1E04EFD
:1077C0007EBFA4F580345FEA46066D4116F180075E
:1077D000F1EE10CA45F100054FEA172747EA0567A1
:1077E0001CF4400F4FEA152536D14FEA4666A6F144
:1077F0005E46B6F1085F2FD9B4F1FE6F2CD838463B
:1078000024F0010C05EBC471BCF1FE6F01EB0C110F
:10781000DFF844C202D8F0BCBDE8004140F28A86DD
:1078200024425CBF01F5801E9EEAC47F02D4F0BCF6
:10783000BDE8004140F17E86244277D4DFF81CC2C7
:1078400056EA080EA1F1C04118BF4CF0804CF0BCC4
:10785000BDE8004100F06EBE4FEAD22242EA435238
:107860004FEAD323A7FB02864FEAD02040EA4150DB
:1078700007FB03661EEA0E0F4FEAD12105FB0266E5
:1078800058BFA6EB0056B6EB00564FEA520E4EEA32
:10789000C37E18EB0E0E56EB530E05D518EB0208FF
:1078A0005E417F1C55F1000556EA080E24D01CF4F9
:1078B000400FA4D014F0010F18BF4FEA4C0C1CF479
:1078C000000F08D036429AD4B8EB02089E417F1EC2
:1078D00075F1000593E7364291D518EB02085E4139
:1078E0007F1C55F100058AE74FF480154FF0000723
:1078F0004FF000064FF0000824F0010C384605EB6D
:10790000C471BCF1FE6F01EB0C1102D8F0BCBDE8F4
:1079100000811CEA0C0F5CBF01F5801E9EEAC47F4B
:1079200002D4F0BCBDE80081244287D556EA080C99
:1079300001F1C0411CBF06F0004C4CF0804C4CF0F3
:10794000005CF0BC4CF0140CBDE8004100F034BD0C
:1079500050EA410E0CEA13150BD052EA430E13D035
:1079600000F041FA641B86EA4606240444EAD67411
:10797000D3E652EA430E00F02680F0BC81EA030110
:1079800001F00041BDE80081F0BCBDE80041DFF836
:10799000D0C000F0CFBDF0BCBDE8004170B500F034
:1079A000A1F900BF097EFC3E1400000400F007B8F6
:1079B00081EA03014FF0000001F00041704781EAC5
:1079C000030100F048BAF0BCBDE800415FF828C0F0
:1079D00000F0B0BDFFFDFBF9F7F5F4F2F0EEEDEBD2
:1079E000E9E8E6E4E3E1E0DEDDDBDAD8D7D5D4D3BD
:1079F000D1D0CFCDCCCBCAC8C7C6C5C4C2C1C0BF09
:107A0000BEBDBCBBBAB9B8B7B6B5B4B3B2B1B0AF0E
:107A1000AEADACABAAA9A8A8A7A6A5A4A3A3A2A1F2
:107A2000A09F9F9E9D9C9C9B9A99999897979695AD
:107A300095949393929191908F8F8E8E8D8C8C8B49
:107A40008B8A8989888887878685858484838382D1
:107A5000828181800000FF071400004014000010A4
:107A60001400000810F0004248BF4042B0FA80F312
:107A700010FA03F10AD0C3F11D0303F580634FEA46
:107A8000415002EB035202EBD12170474FF000004E
:107A90007047B1FA81F201FA02F1C2F11D024FEA18
:107AA000415003EB025303EBD121704751EA030C21
:107AB00011D41CF5801F00F10680994218BF704751
:107AC00008BF9042704711F5801F58BF13F5801F03
:107AD00018D4994270471CF5801F09D550EA410C13
:107AE0000EBF52EA430C8B42704708BF8242704778
:107AF0004FF4001C1CEB410F38BF1CEB430F01D2AD
:107B00008B42704770B500F0EDF800BF0000003FF9
:107B100019001604FFF7DCBD4FF000514FF0805301
:107B2000FFF7D6BDDFF8B4C170B51CEA111E1EBF49
:107B30001CEA13159EEA0C0F95EA0C0F00F09480D6
:107B400081EA030421EA4C114EEAD47E23EA4C1365
:107B5000AE4441F4801143F48013A1FB024CA0FB1E
:107B60000365AEF17F7E361955EB0C05A1FB034C86
:107B70004CF10003A0FB021C16EB0C06654153F10F
:107B80000003094218BF46F0010613F4007F0BD131
:107B90004FEA03314FEA0530340341EA155140EA18
:107BA00016506FF003020AE04FEAC3214FEAC520E6
:107BB000F40241EA555140EA56506FF0020226465F
:107BC00002EB2E4201EB025585EACE7127D0F1EE91
:107BD00010CA05461CF4400C14D15FEA440C18BFCF
:107BE00024F0004450F1000041F1000120EAD4707B
:107BF00040F2FD7C624517D2BDE87040DFF8E0C07E
:107C000000F098BC5FEACE7454BF1CF4000F1CF463
:107C1000800F08BF10F1010041F10001E8E740F2D8
:107C2000FE7C624504D270BD08BF11F4801FE3D012
:107C3000A84214BF4FF080444FF04044002E08BFCC
:107C40000024BEF1806FD8BF01F1C041A8BFA1F1EF
:107C5000C04144F0130CA8BF4CF0805CBDE87040FC
:107C600040F3AA8300F066BC9EEA0C0F0CEA1315E1
:107C700018BF95EA0C0F19D091EA030F48BF4EF0D8
:107C8000010E50EA410418BF52EA430409D000F043
:107C9000AAF8641986EA46064FEA044E4EEAD67EF2
:107CA0005BE74FEACE714FF0000070BD00F01AF8AC
:107CB0008900013E1300000400F005B800F007B889
:107CC00052EA430C06D081EA030100F0C4B850EA3E
:107CD000410CF8D15FF824C000F02CBC0000FF0775
:107CE000130000400EF1020E2EF0030E01285EF884
:107CF000086B41EB010414F5001418BFB4F5801FA4
:107D000023D3364208D4012A43EB030515F50015A9
:107D100018BFB5F5801F18D301EB010C1CF5801FAF
:107D200016D2364204D403EB030C1CF5801F0FD28D
:107D3000002C10D14FEAD17C002D0CEB4C0C0CF137
:107D4000020C08BF4CEBD37C07E04FF0090C04E0B9
:107D50004FF0080C01E04FEAD37C0CEB4C0526FAFF
:107D600005F606F00706B6F1040C06D20EEB860CFB
:107D7000BDE870404CF0010C6047DFE80CF02224B5
:107D800013025EF804CC1B2D08D1002C88BFB4F57B
:107D9000801F34BF4CF4804C4CF4004CBDE8704064
:107DA00000F0C8BB002C88BFB4F5001F24BF1946E3
:107DB000104670BD4FF000004FF00041A1F50021CA
:107DC00070BD19461046012851EB010418BFD4F5C7
:107DD000001484BF5EF804CC2CF0806CBDE87040C9
:107DE00000F28783704780B54FF003065C004FEACE
:107DF00003334FEA3606640D4FEA133318BF43F4DA
:107E000080131CD153EA125E04F1010402BF134631
:107E10000022203C1B4202BF130B1205143CB3FA94
:107E200083FEAEF10B0ECEF1200C03FA0EF322FA14
:107E30000CFC02FA0EF2A4EB0E0443EA0C030FB49E
:107E400016F0010F0CBC03BC18BF2546CED180BD77
:107E500080B50126F3E70808A0F500114FEA3101CB
:107E6000704753EA010C11D41CF5801F00F1068005
:107E70008B4218BF704708BF8242704713F5801FBE
:107E800058BF11F5801F18D48B4270471CF5801F16
:107E900009D552EA430C0EBF50EA410C9942704793
:107EA00008BF904270474FF4001C1CEB430F38BFD3
:107EB0001CEB410F01D2994270470FB40CBC03BCBC
:107EC000FFF720BE10B5DFF848E011F5801C13F570
:107ED00080141EEA4C0F18BF1EEA440F09D091EA25
:107EE000030F81F000413FF5E2AA83F0004300F068
:107EF0002AB981EA030180EA020083EA010382EAE7
:107F0000000281EA030180EA020000F008BA00BF23
:107F10000000C0FF2DE9F04101F5801CBCF5001FF9
:107F2000C0F2DC804FEA115C21EA0C5141F480116F
:107F30000CF1FD0C5FEA5C0C0CF5C07C01D3400039
:107F4000494135A4890241EA905187028E0E0A0CFC
:107F5000A45D04FB04F602FB06F6C6F14046A4FB52
:107F60000662F60D46EA422606FB06F4A4FB012350
:107F70005242C3F1404338BF5B1EA6FB02420024BD
:107F8000E6FB0324D20B42EA4446A6FB0623A1FBF0
:107F900002E2A3FB07E4E3FB61426442C2F1404E0C
:107FA00038BFAEF1010EA6FB04234FF00002E6FB42
:107FB0000E32A2FB03463400E2FB6264A1FB06E63C
:107FC000A4FB07E8E4FB61687642C8F1405838BF7B
:107FD000A8F10108A2FB06E4A3FB08E5E2FB685454
:107FE000A1FB05E6A7FB04E8E1FB648618F1200588
:107FF000F1EE104A56F10006A809B10914F4400F39
:1080000040EA866028D1A8F11B0808F01F08B8F1E3
:108010000A0F21D9BDE8F04101EB0C514FF0170CCC
:108020004CF0804C00F086BAFCF5EEE8E2DDD8D3E7
:10803000CFCBC7C3C0BDB9B6B4B1AEACA9A7A5A3D9
:10804000A19F9D9B9A9896959392908F8D8C8B89EA
:108050008887868584838281A0FB006800FB01F20B
:1080600008EB4208B8EB872858EA060215D014F44A
:10807000400F16D118EA080F07D5341858EB010441
:10808000C8D5401C51F10001C4E7341A78EB010453
:10809000C0D4401E71F10001BCE701EB0C51BDE8FA
:1080A000F08114F4000F0CD118EA080FB2D536187D
:1080B00058EB0108401C51F10001361858EB01083B
:1080C000F2E718EA080FA5D4361A78EB0108401E2B
:1080D00071F10001361A78EB0108F2E75FEA4C0C07
:1080E0005FEA9C5C14D10AD350EA013C01D1BDE89F
:1080F000F08109420CD4FFF7ABFEA44618E7BDE8B7
:10810000F04170B5FFF7EEFD6DDBFFBE1700000418
:10811000BDE8F0415FF80CC000F00CBA10B5DFF814
:1081200094E211F5801C13F580141EEA4C0F18BF61
:108130001EEA440F00F0F38091EA030F48BF83F07A
:1081400000433FF5B4A9841A71EB030C07D212194E
:108150008CF0004C43EB0C03001B61EB0C01524212
:108160004FEA1154A4EB135C23EAAE0321EA045155
:10817000C3EBAE0338BF5B1EDCF1200E48D322FAFE
:108180000CFE10EB0E0043FA0CFE41EB0E01CCF19D
:10819000200E03FA0EFE10EB0E0051F10001CCF19F
:1081A000200E4CD412FA0EF201EB0451BDE810403F
:1081B00008BF7047F1EE10CA1CF4400F14D14FF005
:1081C000120C92F0000F4CF0804C40F1B381401C37
:1081D00018BFB2F1004F40F0AD8100280CBF491C20
:1081E00020F0010000F0A6B911F0004F54BF1CF4BC
:1081F000000F1CF4800F4FF0120C4CF0804C40F03C
:108200009981401C40F0968141F1000100F092B943
:1082100012EB020E43EB030218BF4FF0010E4EEAC1
:108220004202ACF1200CDCF11E0E4BD943FA0CFEDD
:1082300010EB0E0051F1FF31CCF11E0EB2D50EF154
:10824000010E12FA0EFE404141EB010101EB445CCC
:108250005FEA5C5C06D95FEA0E0201EB0451BDE8FF
:108260001040A5E73BD24FEAD42C11F5001124F4BD
:1082700000641AD0B1FA81F20B3AA41AA41ED2F10A
:108280002003914030FA03F31943904001EBCC7185
:10829000002C01EB0451BDE81040A8BF704701F16C
:1082A000C0414FF0120C00F087B8B0FA80F310FA1A
:1082B00003F101D1BDE8104019D0E41A173C48057C
:1082C000C90AE3E701EB0451BDE81040401E61F12B
:1082D00000015FF0FF326BE701EB045110BD491064
:1082E00001EB0451BDE810404FEA30000BE0F1EE25
:1082F00010CA4FF000010CF4400CBCF5000F08BF91
:108300004FF0004170474FF0120C4A0008BF004286
:10831000EDD0B2F5001F28BF704700F0EAB84EF468
:10832000001E3EEA410418BF3EEA430434D091EAFD
:10833000030F48BF83F000433FF589A9841A71EB0E
:10834000030C07D212198CF0004C43EB0C03001BFA
:1083500061EB0C0152EA033E4FEA1154A4EB135CAB
:1083600014D05FEA445E21EA045109D023F00043AF
:108370005242ACF1010CC3F1000338BF5B1EFBE6B7
:10838000BDE81040801A61EB0301BCE7BDE8104076
:1083900050EA410CB7D1AAE7BDE8104070B5FFF72D
:1083A000A1FC00BF40DFF63E1100000483F0004155
:1083B000104670470000C0FFF1EE103A13F0807FC6
:1083C0001EBF01F000410020704713F4006F40F021
:1083D000AA80094248BF4CF4803C4FF4C0634FEA86
:1083E000115203F1010321EA025122F400629A1AA8
:1083F00048BF6FF0FE0241F48011352A3CD830D0DE
:10840000152A1ED3203A0CD90028C2F1200321FAE4
:1084100002F001FA03F218BF42F001024FF000012E
:1084200030E0C2F1000302F1200201FA03F120FA68
:1084300002F241EA020100FA03F208464FF000019D
:1084400020E0C2F1200310B400FA03F401FA03F3B0
:1084500020FA02F021FA02F1224610BC43EA0000A1
:1084600010E050EA01324FF000004FF000014FF0F1
:10847000004218BF521C05E04FF001024FF000010E
:108480004FF000001CF4803F2CF4803C18BF41F0FA
:10849000004112421ED0F1EE103A13F4400F20D1E9
:1084A000520003D30CD0401C41F10001F1EE103A10
:1084B0004CF0804C43F00803E1EE103A00F03AB87B
:1084C0005FEAAC72EFD4F1D1401C41F1000120F021
:1084D0000100EBE71CF0804F08BF70472CF0004C08
:1084E000E4E7094254BF13F4000F13F4800FDDD109
:1084F000D9E7F1EE103A13F0807F1EBF01F0004182
:108500000020704713F4006F08BF70472DE9F0504A
:10851000FFF79EFC04F5C064A4F10104314301EBB4
:108520000451BDE8F0504CF0005C4CF0800C00F0C1
:10853000AEBA00001CF0700F08BF0A460FB4F1EE8F
:10854000101A0CF0405030EA814318BF4CF0804CB8
:108550004FEA4C0310EA814F4FEAD36323EA112319
:1085600018BF23F0100341EA030101F0E073E1EECC
:10857000101A4CEA030C0CF00F030A2B1DBF082B3A
:108580000CF070034CEAC30C4FF4003304BF33EA21
:108590000C034CF4400C1CF0005F14D11CF0805F05
:1085A0000BD11CF0804F31D11CF0006F12D111F4AF
:1085B000807F0FBC62D000F06ABA11F4806F0FBCEC
:1085C0002BD000F064BA11F4006F0FBC08BF7047E5
:1085D00000F05DBA11F4007F0FBC40F058821CF02F
:1085E000400F1EBF4FF0004040F0010070471CF0EC
:1085F000100F14BF81EA030242400CF00F000A285A
:1086000008BF4FF0FF324FF0000326E011F4805F07
:108610000FBC08BF704700F03ABAF1EE103A2CF0E8
:10862000805C1CF0800F14BF01F0004200F000429B
:1086300012420CBF12EA336F12EAF35F0DD31CF043
:10864000100F1DBF30A003C81143314808BF1043AD
:1086500013F4805F40F01B8270471CF0100F02F093
:1086600000421DBF0FF2940003C81143254808BF04
:10867000104313F4805F40F00A8270471CF0400FF3
:1086800040F028801CF4404F1BD01CF4004F1CBF4E
:10869000194610460CF4807218BF8CEA520C1CF07C
:1086A000800F0CBF40F4800041F400218CEADC0311
:1086B00013F0100F1CBF2CF00F0C4CF0080C00F046
:1086C0008DB91CF0100F1ABF12A393E803001348D2
:1086D00000F084B91CF0800F14BF01F0004200F0DC
:1086E00000421CF0100F1BBF0AA393E803000B48C5
:1086F000114308BF104300F071B900BF0000000033
:108700000000F07F0000807FFFFFFFFFFFFFEF7F93
:10871000FFFF7F7F000000000000F87F0000C07FA7
:1087200043004FEAD30C4FEA3C0C43401FBF4007C5
:108730000CF1605113F0FE4F70471CF0006F14D124
:1087400033F0004004BF1946704783EA830383EA8D
:10875000430303F0070343EACC010CF0004303F1A9
:108760005A5303F54013FFF794B90CF0004343EA62
:10877000507010B540EACC0000F00FF8000000BACD
:10878000180000044FEA0001FFF765BB4FEAE00262
:108790004FEA407042F0E04170470EF1020E2EF0B9
:1087A000030E4FEA40025EF8084B12F1807218BFC8
:1087B000B2F5000F22D3244207D44FEA410313F14C
:1087C000807318BFB3F5000F18D34FEA400C1CF5A7
:1087D000000F16D2244204D44FEA410C1CF5000FBE
:1087E0000FD2002A10D14FEAD07C002B0CEB4C0C9E
:1087F0000CF1020C08BF4CEBD17C07E04FF0090CE8
:1088000004E04FF0080C01E04FEAD17C0CEB4C0384
:1088100024FA03F404F00704B4F1040C06D20EEBBE
:10882000840CBDE810404CF0010C6047DFE80CF010
:108830001F2013025EF804CC1B2B08D1002A88BF2E
:10884000B2F5000F34BF4CF4804C4CF4004CBDE842
:108850001040FFF76FBE002A88BFB2F1807F28BFAB
:10886000084610BD4FF00040A0F5800010BD08463E
:10887000420018BFD2F1807284BF5EF8042C22F04F
:108880008062BDE8104000F28A8070474FF000001F
:10889000E1EE100A7047FF2141EAD050C005704751
:1088A000F1EE101A11F0807F1CBF00F000407047FD
:1088B00011F4006F40F08E8000F0004343EAD05383
:1088C00023F48073C3F1C10323F00041172941D879
:1088D000C3F1200310FA03F1C3F1200320F07F401D
:1088E00040F4000020FA03F003F0004340EA0300E4
:1088F00019D00B46F1EE101A41F00801E1EE101A02
:1089000011F4400F1CD1590009D318BF401C06D1E7
:108910007FEAE27398BF401C38BF20F0010042F0AC
:10892000804CFFF707BE12F0804F08BF7047F1EE92
:10893000101A944641F00801E1EE101AFFF7FABD53
:1089400010F0004F14BF5FEAF1535FEA316338BFA4
:10895000401CE4E7182903EB912318BF6FF0004196
:108960000131F1EE101A41F00801E1EE101A11F494
:10897000400F18BF03F00040E2D168BF03F0004091
:1089800009D6400203F0004000F1010004BF12F0DC
:10899000004F20F001004FF0804CFFF7CBBDF1EE0F
:1089A000101A11F0807F1CBF00F00040704711F4D6
:1089B000006F08BF704700F0004120F00040B0FA9F
:1089C00080F3A3F1080341F0C04100FA03F0A1EBEA
:1089D000C351084442F0005C00F059B80CF00F039A
:1089E000092B08BF082000F064800A2B32D0082B26
:1089F00018BF704708BF1CF0400F31D01CF4803FF7
:108A000023D11CF0200F11D11CF0100F0BBF024618
:108A10000A466FF000406FF0004118BF4FF0FF3082
:108A200012F0004F1CBFC043C94370471CF0100F29
:108A30000CBF02460A4612F0004F4FF0FF304FF0D5
:108A4000FF311CBFC043C94370474FF000004FF0D7
:108A5000000170471CF0400F18BF4FF000407047F6
:108A60001CF0100F08D020F0704300F07F4242EA63
:108A7000D3014FEA4370704700F0604021F07F421D
:108A800042EA000201F07F4040EA727070472DE92F
:108A900000502DE90050E7F77DFEBDE80050BDE82D
:108AA00000500CF00F0393F0090F18BF7047AFF39D
:108AB00000801CF4801F24D01CF4E02F09D010F09B
:108AC000080F02D1D0F1020070476FEACC314900A3
:108AD00070474FF0604111EA407028BF40F04050AD
:108AE000F1EE103A23F0704343EA0003E1EE103A4E
:108AF000EFF3008222F0704242EA000282F3008823
:108B000070471CEA004018BF012070475AF8F63F32
:108B10005D896EBFD5A9183B640064000F000A0090
:108B20000A0010000A000A0011000A000A000C00E6
:108B300014001E000E0014001E000D0002000300B1
:108B400007000500050007002800C80007006400B2
:108B5000640005000A000A000C000A000A000B006D
:108B6000FF005EBCE2613FDD83C29C7E20A3FD1F4F
:108B7000419DC3217FFCA2401E5F01E3BD3E608298
:108B8000DC237D9FC1421CFEA0E1BF5D0380DE3C73
:108B900062BEE0025CDF81633D7C22C09E1D43A17A
:108BA000FF4618FAA427799BC584DA3866E5BB59D5
:108BB00007DB856739BAE406581947A5FB7826C450
:108BC0009A653BD987045AB8E6A7F91B45C6987A37
:108BD00024F8A6441A99C7257B3A6486D85B05E732
:108BE000B98CD2306EEDB3510F4E10F2AC2F7193A1
:108BF000CD114FADF3702ECC92D38D6F31B2EC0E00
:108C000050AFF1134DCE90722C6D33D18F0C52B00A
:108C1000EE326C8ED0530DEFB1F0AE4C1291CF2DE1
:108C200073CA947628ABF517490856B4EA6937D564
:108C30008B5709EBB536688AD495CB2977F4AA48C7
:108C400016E9B7550B88D6346A2B7597C94A14F6BE
:108C5000A8742AC896154BA9F7B6E80A54D7896BA9
:108C600035000000891112239B322446AD5736652A
:108C7000BF74488CC19D5AAFD3BE6CCAE5DB7EE998
:108C8000F7F88110080193331A22A5562C47B775BF
:108C90003E64C99C408DDBBF52AEEDDA64CBFFF978
:108CA00076E802218B30100299132667AF763444A0
:108CB000BD554AADC3BC588ED19F6EEBE7FA7CC858
:108CC000F5D983310A2091121803A7772E66B5547F
:108CD0003C45CBBD42ACD99E508FEFFB66EAFDD838
:108CE00074C904428D5316619F702004A915322760
:108CF000BB364CCEC5DF5EEDD7FC6888E1997AAB18
:108D0000F3BA85520C4397711E60A1142805B3373E
:108D10003A26CDDE44CFDFFD56ECE9986089FBBBF7
:108D200072AA06638F7214409D512225AB3430061F
:108D3000B9174EEFC7FE5CCCD5DD6AA9E3B8788AD7
:108D4000F19B87730E6295501C41A3352A24B116FE
:108D50003807CFFF46EEDDDC54CDEBB962A8F99AB7
:108D6000708B088481951AA793B62CC2A5D33EE1D7
:108D7000B7F04008C919522BDB3A644EED5F766DAF
:108D8000FF7C899400859BB712A6ADD224C3BFF1A6
:108D900036E0C1184809D33B5A2AE55E6C4FF77D8F
:108DA0007E6C0AA583B4188691972EE3A7F23CC087
:108DB000B5D14229CB38500AD91B666FEF7E744C6F
:108DC000FD5D8BB502A499961087AFF326E2BDD066
:108DD00034C1C3394A28D11A580BE77F6E6EF55C4F
:108DE0007C4D0CC685D71EE597F42880A1913AA347
:108DF000B3B2444ACD5B5669DF78600CE91D722F2F
:108E0000FB3E8DD604C79FF516E4A9902081BBB325
:108E100032A2C55A4C4BD7795E68E11C680DF33F0E
:108E20007A2E0EE787F61CC495D52AA1A3B0388206
:108E3000B193466BCF7A5448DD59622DEB3C700EEE
:108E4000F91F8FF706E69DD414C5ABB122A0B992E5
:108E50003083C77B4E6AD5585C49E33D6A2CF11ECE
:108E6000780F40AC037D04014103057C00026D0DC9
:108E7000026D09020B080141090242C0030A0B04FA
:108E800000000000000000000102030406070809BA
:108E90000000000001020304349801084D56010847
:108EA0000000000000000000800000000000000042
:108EB0000000000008980108712E0108020000005F
:108EC00000000000000200000000000000000000A0
:108ED00000980108A94C01080200000000000000F1
:108EE0008000000000000000000000002098010841
:108EF000B11A01080200000000000000000200009A
:108F0000000000000000000014980108810B010817
:108F1000020000000000000000010000000000004E
:108F2000000000002C9801085570000803000000A4
:108F3000000000000004000000000000000000002D
:108F40000006101600061016000000000000545421
:108F500052205245474745530000000000000000E2
:108F6000000000303132333435363738394142432E
:108F700044454600C7FA000859FB0008CDCC4C3EDA
:108F8000CDCC4C3ECDCC4C3E00000000920E493C76
:108F9000B10AC93C2BC3163D2EFB483D752B7B3DCA
:108FA00004A9963D80B6AF3D36BDC83D2FBCE13D1E
:108FB00073B2FA3D87CF093E8340163EB5AB223EE1
:108FC000A2102F3ECF6E3B3EC2C5473E0115543E18
:108FD000135C603E7F9A6C3ECCCF783EC07D823E73
:108FE000938E883E229A8E3E32A0943E86A09A3E70
:108FF000E59AA03E128FA63ED47CAC3EEF63B23E13
:109000002A44B83E491DBE3E15EFC33E53B9C93E82
:10901000CA7BCF3E4136D53E80E8DA3E4F92E03EF5
:109020007533E63EBBCBEB3EEA5AF13ECBE0F63E73
:10903000275DFC3EE4E7003F3D9C033F824B063F3B
:109040009BF5083F6B9A0B3FDA390E3FCDD3103FAB
:109050002A68133FD9F6153FC07F183FC6021B3F51
:10906000D17F1D3FCBF61F3F9967223F25D2243F7A
:109070005636273F1594293F4AEB2B3FDE3B2E3FC8
:10908000BB85303FC9C8323FF304353F233A373FF1
:109090004268393F3B8F3B3FF9AE3D3F67C73F3F9B
:1090A00070D8413F01E2433F03E4453F65DE473F5F
:1090B00012D1493FF8BB4B3F029F4D3F207A4F3FB3
:1090C0003D4D513F4918533F31DB543FE595563FE5
:1090D0005348583F6AF2593F1A945B3F532D5D3F06
:1090E00005BE5E3F2146603F97C5613F5A3C633FE6
:1090F00059AA643F880F663FD86B673F3CBF683F03
:10910000A7096A3F0C4B6B3F5E836C3F93B26D3F88
:109110009ED86E3F73F56F3F0809713F5213723F3F
:109120004714733FDD0B743F0BFA743FC6DE753F87
:1091300007BA763FC58B773FF853783F9812793F4F
:109140009DC7793F02737A3FBE147B3FCDAC7B3F16
:10915000283B7C3FC9BF7C3FAC3A7D3FCCAB7D3FD9
:1091600023137E3FB0707E3F6DC47E3F580E7F3F1D
:109170006D4E7F3FAB847F3F0FB17F3F97D37F3FE3
:1091800043EC7F3F11FB7F3F0000803F11FB7F3F9F
:1091900043EC7F3F97D37F3F0FB17F3FAB847F3F4F
:1091A0006D4E7F3F580E7F3F6DC47E3FB0707E3F57
:1091B00023137E3FCCAB7D3FAC3A7D3FC9BF7C3FA4
:1091C000283B7C3FCDAC7B3FBE147B3F02737A3F94
:1091D0009DC7793F9812793FF853783FC58B773F09
:1091E00007BA763FC6DE753F0BFA743FDD0B743F5E
:1091F0004714733F5213723F0809713F73F56F3F75
:109200009ED86E3F93B26D3F5E836C3F0C4B6B3FBD
:10921000A7096A3F3CBF683FD86B673F880F663F2E
:1092200059AA643F5A3C633F97C5613F2146603F5E
:1092300005BE5E3F532D5D3F1A945B3F6AF2593F76
:109240005348583FE595563F31DB543F4918533F4B
:109250003D4D513F207A4F3F029F4D3FF8BB4B3F62
:1092600012D1493F65DE473F03E4453F01E2433FFA
:1092700070D8413F67C73F3FF9AE3D3F3B8F3B3F13
:109280004268393F233A373FF304353FC9C8323F7C
:10929000BB85303FDE3B2E3F4AEB2B3F1594293FE9
:1092A0005636273F25D2243F9967223FCBF61F3FF2
:1092B000D17F1D3FC6021B3FC07F183FD9F6153F27
:1092C0002A68133FCDD3103FDA390E3F6B9A0B3F1C
:1092D0009BF5083F824B063F3D9C033FE4E7003F80
:1092E000275DFC3ECBE0F63EEA5AF13EBBCBEB3EBF
:1092F0007533E63E4F92E03E80E8DA3E4136D53E99
:10930000CA7BCF3E53B9C93E15EFC33E491DBE3E91
:109310002A44B83EEF63B23ED47CAC3E128FA63EE8
:10932000E59AA03E86A09A3E32A0943E229A8E3EB6
:10933000938E883EC07D823ECCCF783E7F9A6C3E35
:10934000135C603E0115543EC2C5473ECF6E3B3EA6
:10935000A2102F3EB5AB223E8340163E87CF093E7A
:1093600073B2FA3D2FBCE13D36BDC83D80B6AF3D7E
:1093700004A9963D752B7B3D2EFB483D2BC3163D26
:10938000B10AC93C920E493C00000000920E49BC53
:10939000B10AC9BC2BC316BD2EFB48BD752B7BBDC6
:1093A00004A996BD80B6AFBD36BDC8BD2FBCE1BD1A
:1093B00073B2FABD87CF09BE834016BEB5AB22BEDD
:1093C000A2102FBECF6E3BBEC2C547BE011554BE14
:1093D000135C60BE7F9A6CBECCCF78BEC07D82BE6F
:1093E000938E88BE229A8EBE32A094BE86A09ABE6C
:1093F000E59AA0BE128FA6BED47CACBEEF63B2BE0F
:109400002A44B8BE491DBEBE15EFC3BE53B9C9BE7E
:10941000CA7BCFBE4136D5BE80E8DABE4F92E0BEF1
:109420007533E6BEBBCBEBBEEA5AF1BECBE0F6BE6F
:10943000275DFCBEE4E700BF3D9C03BF824B06BF37
:109440009BF508BF6B9A0BBFDA390EBFCDD310BFA7
:109450002A6813BFD9F615BFC07F18BFC6021BBF4D
:10946000D17F1DBFCBF61FBF996722BF25D224BF76
:10947000563627BF159429BF4AEB2BBFDE3B2EBFC4
:10948000BB8530BFC9C832BFF30435BF233A37BFED
:10949000426839BF3B8F3BBFF9AE3DBF67C73FBF97
:1094A00070D841BF01E243BF03E445BF65DE47BF5B
:1094B00012D149BFF8BB4BBF029F4DBF207A4FBFAF
:1094C0003D4D51BF491853BF31DB54BFE59556BFE1
:1094D000534858BF6AF259BF1A945BBF532D5DBF02
:1094E00005BE5EBF214660BF97C561BF5A3C63BFE2
:1094F00059AA64BF880F66BFD86B67BF3CBF68BFFF
:10950000A7096ABF0C4B6BBF5E836CBF93B26DBF84
:109510009ED86EBF73F56FBF080971BF521372BF3B
:10952000471473BFDD0B74BF0BFA74BFC6DE75BF83
:1095300007BA76BFC58B77BFF85378BF981279BF4B
:109540009DC779BF02737ABFBE147BBFCDAC7BBF12
:10955000283B7CBFC9BF7CBFAC3A7DBFCCAB7DBFD5
:1095600023137EBFB0707EBF6DC47EBF580E7FBF19
:109570006D4E7FBFAB847FBF0FB17FBF97D37FBFDF
:1095800043EC7FBF11FB7FBF000080BF11FB7FBF9B
:1095900043EC7FBF97D37FBF0FB17FBFAB847FBF4B
:1095A0006D4E7FBF580E7FBF6DC47EBFB0707EBF53
:1095B00023137EBFCCAB7DBFAC3A7DBFC9BF7CBFA0
:1095C000283B7CBFCDAC7BBFBE147BBF02737ABF90
:1095D0009DC779BF981279BFF85378BFC58B77BF05
:1095E00007BA76BFC6DE75BF0BFA74BFDD0B74BF5A
:1095F000471473BF521372BF080971BF73F56FBF71
:109600009ED86EBF93B26DBF5E836CBF0C4B6BBFB9
:10961000A7096ABF3CBF68BFD86B67BF880F66BF2A
:1096200059AA64BF5A3C63BF97C561BF214660BF5A
:1096300005BE5EBF532D5DBF1A945BBF6AF259BF72
:10964000534858BFE59556BF31DB54BF491853BF47
:109650003D4D51BF207A4FBF029F4DBFF8BB4BBF5E
:1096600012D149BF65DE47BF03E445BF01E243BFF6
:1096700070D841BF67C73FBFF9AE3DBF3B8F3BBF0F
:10968000426839BF233A37BFF30435BFC9C832BF78
:10969000BB8530BFDE3B2EBF4AEB2BBF159429BFE5
:1096A000563627BF25D224BF996722BFCBF61FBFEE
:1096B000D17F1DBFC6021BBFC07F18BFD9F615BF23
:1096C0002A6813BFCDD310BFDA390EBF6B9A0BBF18
:1096D0009BF508BF824B06BF3D9C03BFE4E700BF7C
:1096E000275DFCBECBE0F6BEEA5AF1BEBBCBEBBEBB
:1096F0007533E6BE4F92E0BE80E8DABE4136D5BE95
:10970000CA7BCFBE53B9C9BE15EFC3BE491DBEBE8D
:109710002A44B8BEEF63B2BED47CACBE128FA6BEE4
:10972000E59AA0BE86A09ABE32A094BE229A8EBEB2
:10973000938E88BEC07D82BECCCF78BE7F9A6CBE31
:10974000135C60BE011554BEC2C547BECF6E3BBEA2
:10975000A2102FBEB5AB22BE834016BE87CF09BE76
:1097600073B2FABD2FBCE1BD36BDC8BD80B6AFBD7A
:1097700004A996BD752B7BBD2EFB48BD2BC316BD22
:10978000B10AC9BC920E49BC000000800000000074
:10979000555555555555C53F7D6FEB0312D6D4BF72
:1097A0005544880E55C1C93F3B8F68B52882A4BF78
:1097B00088B20175E0EF493F09F7FD0DE13D023F39
:1097C0004B2D8A1C273A03C0C88A599CE52A0040C1
:1097D00059018D1B6C06E6BF82922EB1C5B8B33F0E
:1097E000000000006E83F9A22915444ED15727FCD2
:1097F000C0DD34F5999562DB4190433CAB6351FE8B
:10980000524546455245450067696D62616C546139
:10981000736B00006465746563745461736B00005E
:1098200073686F6F745461736B000000696D7554D9
:1098300061736B00746573740000000053595354D6
:10984000454D564945573A20436F756C64206E6FFD
:1098500074207265636F7264207461736B20696E2B
:10986000666F726D6174696F6E2E204D6178696DDF
:10987000756D206E756D626572206F662074617300
:109880006B7320726561636865642E00AC98010893
:1098900000000020D8030000C4010008C899010896
:1098A000D8030020D0EC00002002000801904B8279
:1098B000FF015A920842FF5AA208915B803F0802BA
:1098C00012BF791C091D246920E938091610019876
:1098D000100FFFFFE7416B3A58A08B3A7D04017CE3
:1098E000160240AB03411009055308065804070F40
:1098F000160810820911160A15800B1605190C1886
:10990000010D032524F41311D01B0851041A5D0422
:109910001A85041AC10413E1CF1B081D081704039C
:109920000904120114020202164083044057260261
:1099300001020301031A1A031351171B084D041ADD
:1099400045041A75041A8D04193311027B101AAAE2
:10995000018114810182130A0632022A40981C09EF
:109960000243D71125C03209041B01020B13052441
:109970001610010524011009010424020205240621
:1099800017010705820308151009040133020A2E86
:109990000705010240072A81071113F5CB1408655A
:1099A000CA1408F1CD42081AF90C13ADC91B0825D9
:1099B00008C11A79281A3D041AB9041A310401247D
:0899C0002DCDCC1C4104000078
:040000050800018965
:00000001FF
